map_id,8_20,8_21,9_20,9_21,9_22,10_19,10_20,10_21,10_22,10_23,11_19,11_20,11_21,11_22,11_23,11_24,12_18,12_19,12_20,12_21,12_22,12_23,12_24,12_25,13_18,13_19,13_20,13_21,13_22,13_23,13_24,13_25,13_26,14_17,14_18,14_19,14_20,14_21,14_22,14_23,14_24,14_25,14_26,14_27,15_17,15_18,15_19,15_20,15_21,15_22,15_23,15_24,15_25,15_26,15_27,15_28,16_16,16_17,16_18,16_19,16_20,16_21,16_22,16_23,16_24,16_25,16_26,16_27,16_28,16_29,17_16,17_17,17_18,17_19,17_20,17_21,17_22,17_23,17_24,17_25,17_26,17_27,17_28,17_29,18_17,18_18,18_19,18_20,18_21,18_22,18_23,18_24,18_25,18_26,18_27,18_28,18_29,19_18,19_19,19_20,19_21,19_22,19_23,19_24,19_25,19_26,19_27,19_28,19_29,20_19,20_20,20_21,20_22,20_23,20_24,20_25,20_26,20_27,20_28,20_29,21_20,21_21,21_22,21_23,21_24,21_25,21_26,21_27,21_28,22_21,22_22,22_23,22_24,22_25,22_26,22_27,23_21,23_22,23_23,23_24,23_25,23_26,10_24,18_16,19_17,20_18,21_19,22_19,22_20,23_20,8_22,9_23,9_24,10_25,11_25,11_26,12_26,12_27,13_27,14_28,15_29,21_18,13_28,17_30,18_30,19_30,19_31,20_30,20_31,21_29,21_30,21_31,9_25,10_26,11_27,12_28,14_29,23_19,19_16,20_17,11_18,13_17,22_18,15_16,21_17,23_27,22_28,10_18,22_17,23_17,23_18,9_18,9_19,10_14,10_15,10_16,10_17,11_8,11_9,11_10,11_11,11_12,11_13,11_14,11_15,11_16,11_17,11_28,12_8,12_9,12_10,12_11,12_12,12_13,12_14,12_15,12_16,12_17,12_29,12_30,13_9,13_10,13_11,13_12,13_13,13_14,13_15,13_16,13_29,13_30,13_31,13_32,14_9,14_10,14_11,14_12,14_13,14_14,14_15,14_16,14_30,14_31,14_32,14_33,15_9,15_10,15_11,15_12,15_13,15_14,15_15,15_30,15_31,15_32,15_33,16_9,16_10,16_11,16_12,16_13,16_14,16_15,16_30,16_31,16_32,16_33,17_9,17_10,17_11,17_12,17_13,17_14,17_15,17_31,17_32,17_33,18_9,18_10,18_11,18_12,18_13,18_14,18_15,18_31,18_32,18_33,19_9,19_10,19_11,19_12,19_13,19_14,19_15,19_32,19_33,20_9,20_10,20_11,20_12,20_13,20_14,20_15,20_16,20_32,20_33,21_9,21_10,21_11,21_12,21_13,21_14,21_15,21_16,21_32,21_33,22_9,22_10,22_11,22_12,22_13,22_14,22_15,22_16,22_29,22_30,22_31,22_32,22_33,23_9,23_10,23_11,23_12,23_13,23_14,23_15,23_16,23_28,23_29,23_30,23_31,23_32,23_33,24_9,24_10,24_11,24_12,24_13,24_14,24_15,24_16,24_17,24_18,24_19,24_20,24_21,24_22,24_23,24_24,24_25,24_26,24_27,24_28,24_29,24_30,24_31,24_32,25_10,25_11,25_12,25_13,25_14,25_15,25_16,25_17,25_18,25_19,25_20,25_21,25_22,25_23,25_24,25_25,25_26,25_27,25_28,25_29,25_30,25_31,25_32,26_11,26_12,26_13,26_14,26_15,26_16,26_17,26_18,26_19,26_20,26_21,26_22,26_23,26_24,26_25,26_26,26_27,26_28,26_29,26_30,26_31,27_15,27_16,27_17,27_18,27_19,27_20,27_21,27_22,27_23,27_24,27_25,27_26,27_27,27_28,27_29,27_30,28_19,28_20,28_21,28_22,28_23,28_24,28_25,28_26,28_27,28_28,28_29,28_30,29_23,29_24,29_25,29_26,29_27,29_28,29_29,30_26,30_27,30_28,13_8,9_17,10_12,10_13,27_12,27_13,27_14,27_31,28_13,28_14,28_15,28_16,28_17,28_18,29_15,29_16,29_17,29_18,29_19,29_20,29_21,29_22,30_16,30_17,30_18,30_19,30_20,30_21,30_22,30_23,30_24,30_25,30_29,31_17,31_18,31_19,31_20,31_21,31_22,31_23,31_24,31_25,31_26,31_27,31_28,32_18,32_19,32_20,32_21,32_22,32_23,32_24,32_25,32_26,32_27,33_19,33_20,33_21,33_22,33_23,33_24,33_25,33_26,26_10,8_15,8_16,8_17,8_18,8_19,9_13,9_14,9_15,9_16,10_11,29_14,30_15,5_17,5_18,5_19,6_13,6_14,6_15,6_16,6_17,6_18,6_19,6_20,6_21,6_22,6_23,6_24,6_25,6_26,6_27,7_11,7_12,7_13,7_14,7_15,7_16,7_17,7_18,7_19,7_20,7_21,7_22,7_23,7_24,7_25,7_26,7_27,8_10,8_11,8_12,8_13,8_14,8_23,8_24,8_25,8_26,8_27,9_10,9_11,9_12,9_26,9_27,10_9,10_10,10_27,10_28,12_31,12_32,12_33,12_34,13_33,27_11,28_12,5_20,5_21,26_32,29_30,5_22,5_23,25_9,4_18,4_19,4_20,5_13,5_14,5_15,5_16,5_24,6_12,24_33,7_28,8_28,9_28,9_29,10_29,10_30,11_29,11_30,22_8,23_8,24_8,13_7,14_7,14_8,15_6,15_7,15_8,16_6,16_7,16_8,17_5,17_6,17_7,17_8,18_5,18_6,18_7,18_8,19_4,19_5,19_6,19_7,19_8,20_4,20_5,20_6,20_7,20_8,21_3,21_4,21_5,21_6,21_7,21_8,22_3,22_4,22_5,22_6,22_7,23_3,23_4,23_5,23_6,23_7,24_2,24_3,24_4,24_5,24_6,24_7,25_2,25_3,25_4,25_5,25_6,25_7,25_8,26_1,26_2,26_3,26_4,26_5,26_6,26_7,26_8,26_9,27_2,27_3,27_4,27_5,27_6,27_7,27_8,27_9,27_10,28_6,28_7,28_8,28_9,28_10,28_11,29_11,29_12,29_13,3_15,3_16,4_11,4_12,4_13,4_14,4_15,4_16,4_17,5_9,5_10,5_11,5_12,6_8,6_9,6_10,6_11,7_8,7_9,7_10,8_8,8_9,9_8,9_9,10_8,2_16,3_17,6_28,6_29,7_29,8_29,8_30,9_30,10_31,11_31
18--_unknown,2.0,4.0,5.0,5.0,3.0,4.0,3.0,2.0,2.0,6.0,5.0,3.0,1.0,4.0,5.0,7.0,4.0,8.0,9.0,2.0,9.0,5.0,1.0,8.0,5.0,5.0,7.0,8.0,10.0,8.0,5.0,3.0,3.0,2.0,3.0,8.0,11.0,12.0,2.0,5.0,13.0,8.0,7.0,3.0,0.0,0.0,3.0,8.0,4.0,6.0,4,9.0,8.0,9.0,6.0,4.0,3.0,0.0,0.0,2.0,8,1,8,6,4,10,9.0,1.0,1.0,2.0,8.0,6.0,7.0,10.0,10.0,5,15,13,6,6,3.0,3.0,4.0,1.0,10.0,4.0,6.0,12.0,4.0,1.0,-1.0,8.0,9.0,6.0,4.0,6.0,4.0,11.0,7.0,4.0,6.0,5.0,15.0,2.0,3.0,8.0,9.0,2.0,2.0,1.0,6.0,11.0,3.0,10.0,5.0,8.0,9.0,7.0,3.0,1.0,7.0,6.0,11.0,7.0,6.0,9.0,5.0,3.0,3.0,4.0,7.0,4.0,11.0,2.0,1.0,3.0,1.0,6.0,6.0,2.0,3.0,5.0,,,,,,,,,,,,,,,,,,,,,,,,,,,,,,,,,,,,,,,,,,,,,,,,,,,,,,,,,,,,,,,,,,,,,,,,,,,,,,,,,,,,,,,,,,,,,,,,,,,,,,,,,,,,,,,,,,,,,,,,,,,,,,,,,,,,,,,,,,,,,,,,,,,,,,,,,,,,,,,,,,,,,,,,,,,,,,,,,,,,,,,,,,,,,,,,,,,,,,,,,,,,,,,,,,,,,,,,,,,,,,,,,,,,,,,,,,,,,,,,,,,,,,,,,,,,,,,,,,,,,,,,,,,,,,,,,,,,,,,,,,,,,,,,,,,,,,,,,,,,,,,,,,,,,,,,,,,,,,,,,,,,,,,,,,,,,,,,,,,,,,,,,,,,,,,,,,,,,,,,,,,,,,,,,,,,,,,,,,,,,,,,,,,,,,,,,,,,,,,,,,,,,,,,,,,,,,,,,,,,,,,,,,,,,,,,,,,,,,,,,,,,,,,,,,,,,,,,,,,,,,,,,,,,,,,,,,,,,,,,,,,,,,,,,,,,,,,,,,,,,,,,,,,,,,,,,,,,,,,,,,,,,,,,,,,,,,,,,,,,,,,,,,,,,,,,,,,,,,,,,,,,,,,,,,,,,,,,,,,,,,,,,,,,,
18--_unknown_2,,,,,,,,,,,,,,,,,,,,,,,3.0,,,,,-1.0,10.0,6.0,6.0,,,,,,2.0,3.0,7.0,5.0,13.0,8.0,,,,,,1.0,10.0,7.0,11,8.0,8.0,,,,,,,,5,4,4,10,1,7,,,,,,,,12.0,2.0,7,6,4,8,6,,,,,,,,14.0,3.0,11.0,3.0,9.0,7.0,,,,,,,,14.0,14.0,3.0,1.0,5.0,,,,,,,,11.0,8.0,6.0,5.0,,,,,,,,,,,,,,,,,,,,,,,,,,,,,,,,,,,,,,,,,,,,,,,,,,,,,,,,,,,,,,,,,,,,,,,,,,,,,,,,,,,,,,,,,,,,,,,,,,,,,,,,,,,,,,,,,,,,,,,,,,,,,,,,,,,,,,,,,,,,,,,,,,,,,,,,,,,,,,,,,,,,,,,,,,,,,,,,,,,,,,,,,,,,,,,,,,,,,,,,,,,,,,,,,,,,,,,,,,,,,,,,,,,,,,,,,,,,,,,,,,,,,,,,,,,,,,,,,,,,,,,,,,,,,,,,,,,,,,,,,,,,,,,,,,,,,,,,,,,,,,,,,,,,,,,,,,,,,,,,,,,,,,,,,,,,,,,,,,,,,,,,,,,,,,,,,,,,,,,,,,,,,,,,,,,,,,,,,,,,,,,,,,,,,,,,,,,,,,,,,,,,,,,,,,,,,,,,,,,,,,,,,,,,,,,,,,,,,,,,,,,,,,,,,,,,,,,,,,,,,,,,,,,,,,,,,,,,,,,,,,,,,,,,,,,,,,,,,,,,,,,,,,,,,,,,,,,,,,,,,,,,,,,,,,,,,,,,,,,,,,,,,,,,,,,,,,,,,,,,,,,,,,,,,,,,,,,,,,,,,,,,,,,,,,,,,,,,,,,,,,,,,,,,,,,,,,,
1810_clarke,,,,,,,,,,,,,,,,,,,,,,,,,,,,,,,,,,,,,,-1.0,-1.0,,,,,,,,,,9.0,-1.0,6,,,,,,,,,,2,11,10,1,9,1,10.0,,,,,,,,1.0,1,9,9,1,1,11.0,,,,,,10.0,7.0,2.0,8.0,9.0,2.0,1.0,11.0,,,,,,3.0,5.0,7.0,7.0,10.0,10.0,1.0,,,,,8.0,12.0,15.0,3.0,2.0,2.0,2.0,,,,9.0,8.0,8.0,8.0,1.0,1.0,,,,10.0,2.0,9.0,8.0,,,,9.0,9.0,2.0,,,,,,,,,,,,,,,,,,,,,,,,,,,,,,,,,,,,,,,,,,,,,,,,,,,,,,,,,,,,,,,,,,,,,,,,,,,,,,,,,,,,,,,,,,,,,,,,,,,,,,,,,,,,,,,,,,,,,,,,,,,,,,,,,,,,,,,,,,,,,,,,,,,,,,,,,,,,,,,,,,,,,,,,,,,,,,,,,,,,,,,,,,,,,,,,,,,,,,,,,,,,,,,,,,,,,,,,,,,,,,,,,,,,,,,,,,,,,,,,,,,,,,,,,,,,,,,,,,,,,,,,,,,,,,,,,,,,,,,,,,,,,,,,,,,,,,,,,,,,,,,,,,,,,,,,,,,,,,,,,,,,,,,,,,,,,,,,,,,,,,,,,,,,,,,,,,,,,,,,,,,,,,,,,,,,,,,,,,,,,,,,,,,,,,,,,,,,,,,,,,,,,,,,,,,,,,,,,,,,,,,,,,,,,,,,,,,,,,,,,,,,,,,,,,,,,,,,,,,,,,,,,,,,,,,,,,,,,,,,,,,,,,,,,,,,,,,,,,,,,,,,,,,,,,,,,,,,,,,,,,,,,,,,,,,,,,,,,,,,,,,,,,,,,,,,,,,,,,,,,,,,,,,,,,,,,,,,,,,,,,,,,,,,,,,,
1818_sieber,4.0,2.0,4.0,5.0,2.0,,8.0,3.0,1.0,3.0,,2.0,2.0,2.0,4.0,5.0,,4.0,12.0,9.0,1.0,4.0,5.0,3.0,1.0,2.0,5.0,4.0,3.0,1.0,4.0,7.0,1.0,,7.0,3.0,7.0,10.0,14.0,7.0,8.0,7.0,3.0,1.0,3.0,2.0,8.0,9.0,12.0,11.0,10,12.0,5.0,9.0,2.0,2.0,1.0,7.0,4.0,1.0,7,10,14,4,9,7,9.0,2.0,1.0,4.0,6.0,7.0,4.0,9.0,6.0,3,6,11,1,3,6.0,2.0,1.0,1.0,7.0,3.0,3.0,6.0,5.0,3.0,4.0,4.0,10.0,9.0,7.0,1.0,1.0,6.0,5.0,8.0,3.0,2.0,2.0,7.0,6.0,2.0,3.0,5.0,,10.0,1.0,14.0,17.0,1.0,7.0,12.0,-1.0,1.0,,,5.0,11.0,18.0,1.0,11.0,2.0,,,,12.0,7.0,5.0,6.0,,,,4.0,6.0,1.0,,,,3.0,2.0,10.0,2.0,10.0,10.0,3.0,1.0,,,,,,,,,,,,,,,,,,,,,,,,,,,,,,,,,,,,,,,,,,,,,,,,,,,,,,,,,,,,,,,,,,,,,,,,,,,,,,,,,,,,,,,,,,,,,,,,,,,,,,,,,,,,,,,,,,,,,,,,,,,,,,,,,,,,,,,,,,,,,,,,,,,,,,,,,,,,,,,,,,,,,,,,,,,,,,,,,,,,,,,,,,,,,,,,,,,,,,,,,,,,,,,,,,,,,,,,,,,,,,,,,,,,,,,,,,,,,,,,,,,,,,,,,,,,,,,,,,,,,,,,,,,,,,,,,,,,,,,,,,,,,,,,,,,,,,,,,,,,,,,,,,,,,,,,,,,,,,,,,,,,,,,,,,,,,,,,,,,,,,,,,,,,,,,,,,,,,,,,,,,,,,,,,,,,,,,,,,,,,,,,,,,,,,,,,,,,,,,,,,,,,,,,,,,,,,,,,,,,,,,,,,,,,,,,,,,,,,,,,,,,,,,,,,,,,,,,,,,,,,,,,,,,,,,,,,,,,,,,,,,,,,,,,,,,,,,,,,,,,,,,,,,,,,,,,,,,,,,,,,,,,,,,,,,,,,,,,,,,,,,,,,,,,,,,,,,,,,,,,,,,,,,,,,,,,,,,,,,,,
1821_unknown,,,,,,,,,,,,,,,,,,,,,3.0,10.0,-1.0,,,,-1.0,-1.0,1.0,3.0,-1.0,-1.0,,,,1.0,-1.0,1.0,9.0,13.0,1.0,-1.0,,,,,-1.0,-1.0,-1.0,1.0,11,11.0,10.0,-1.0,,,,,,7.0,-1,-1,6,10,2,2,10.0,,,,,,,1.0,1.0,1,-1,14,7,1,11.0,,,,,,-1.0,-1.0,2.0,-1.0,12.0,1.0,1.0,11.0,,,,,,-1.0,5.0,7.0,-1.0,-1.0,10.0,-1.0,,,,,-1.0,-1.0,14.0,5.0,4.0,9.0,-1.0,,,,-1.0,10.0,2.0,9.0,10.0,3.0,,,,-1.0,-1.0,9.0,8.0,,,,1.0,-1.0,2.0,,,,,,,,,,,,,,,,,,,,,,,,,,,,,,,,,,,,,,,,,,,,,,,,,,,,,,,,,,,,,,,,,,,,,,,,,,,,,,,,,,,,,,,,,,,,,,,,,,,,,,,,,,,,,,,,,,,,,,,,,,,,,,,,,,,,,,,,,,,,,,,,,,,,,,,,,,,,,,,,,,,,,,,,,,,,,,,,,,,,,,,,,,,,,,,,,,,,,,,,,,,,,,,,,,,,,,,,,,,,,,,,,,,,,,,,,,,,,,,,,,,,,,,,,,,,,,,,,,,,,,,,,,,,,,,,,,,,,,,,,,,,,,,,,,,,,,,,,,,,,,,,,,,,,,,,,,,,,,,,,,,,,,,,,,,,,,,,,,,,,,,,,,,,,,,,,,,,,,,,,,,,,,,,,,,,,,,,,,,,,,,,,,,,,,,,,,,,,,,,,,,,,,,,,,,,,,,,,,,,,,,,,,,,,,,,,,,,,,,,,,,,,,,,,,,,,,,,,,,,,,,,,,,,,,,,,,,,,,,,,,,,,,,,,,,,,,,,,,,,,,,,,,,,,,,,,,,,,,,,,,,,,,,,,,,,,,,,,,,,,,,,,,,,,,,,,,,,,,,,,,,,,,,,,,,,,,,,,,,,,,,,,,,,,,,,
1822_richardson,,,,,,,,,,,,,,,,,,,,,,,,,,-1.0,-1.0,,,,,,,,,-1.0,-1.0,1.0,9.0,,,,,,,,-1.0,-1.0,3.0,7.0,11,,,,,,,,,-1.0,-1,-1,6,10,1,6,,,,,,,,-1.0,12.0,-1,13,1,9,7,,,,,,,,2.0,14.0,12.0,-1.0,-1.0,10.0,,,,,,,,5.0,6.0,6.0,9.0,6.0,,,,,,,,,4.0,2.0,4.0,,,,,,,,,,,,,,,,,,,,,,,,,,,,,,,,,,,,,,,,,,,,,,,,,,,,,,,,,,,,,,,,,,,,,,,,,,,,,,,,,,,,,,,,,,,,,,,,,,,,,,,,,,,,,,,,,,,,,,,,,,,,,,,,,,,,,,,,,,,,,,,,,,,,,,,,,,,,,,,,,,,,,,,,,,,,,,,,,,,,,,,,,,,,,,,,,,,,,,,,,,,,,,,,,,,,,,,,,,,,,,,,,,,,,,,,,,,,,,,,,,,,,,,,,,,,,,,,,,,,,,,,,,,,,,,,,,,,,,,,,,,,,,,,,,,,,,,,,,,,,,,,,,,,,,,,,,,,,,,,,,,,,,,,,,,,,,,,,,,,,,,,,,,,,,,,,,,,,,,,,,,,,,,,,,,,,,,,,,,,,,,,,,,,,,,,,,,,,,,,,,,,,,,,,,,,,,,,,,,,,,,,,,,,,,,,,,,,,,,,,,,,,,,,,,,,,,,,,,,,,,,,,,,,,,,,,,,,,,,,,,,,,,,,,,,,,,,,,,,,,,,,,,,,,,,,,,,,,,,,,,,,,,,,,,,,,,,,,,,,,,,,,,,,,,,,,,,,,,,,,,,,,,,,,,,,,,,,,,,,,,,,,,,,,,,,,,,,,,,,,,,,,,,,,,,,,,,
1823_westphal,,,2.0,,,,6.0,6.0,,,,6.0,4.0,,,,,1.0,4.0,1.0,1.0,,,,,8.0,11.0,1.0,5.0,,,,,,1.0,11.0,1.0,9.0,12.0,13.0,,,,,1.0,3.0,6.0,5.0,11.0,7.0,11,13.0,11.0,,,,6.0,3.0,1.0,1.0,6,9,12,8,6,4,3.0,3.0,,,1.0,1.0,8.0,11.0,13.0,4,1,14,5,4,9.0,3.0,7.0,2.0,1.0,2.0,10.0,10.0,9.0,9.0,6.0,9.0,10.0,3.0,6.0,6.0,2.0,6.0,6.0,6.0,8.0,6.0,5.0,9.0,6.0,7.0,9.0,6.0,,3.0,4.0,1.0,14.0,5.0,4.0,8.0,12.0,6.0,,,2.0,4.0,2.0,9.0,9.0,5.0,,,,3.0,6.0,5.0,3.0,,,,8.0,7.0,1.0,,,,,1.0,1.0,8.0,8.0,1.0,2.0,6.0,,,,,,,,,,,,,,,,,,,,,,,,,,,,,,,,,,,,,,,,,,,,,,,,,,,,,,,,,,,,,,,,,,,,,,,,,,,,,,,,,,,,,,,,,,,,,,,,,,,,,,,,,,,,,,,,,,,,,,,,,,,,,,,,,,,,,,,,,,,,,,,,,,,,,,,,,,,,,,,,,,,,,,,,,,,,,,,,,,,,,,,,,,,,,,,,,,,,,,,,,,,,,,,,,,,,,,,,,,,,,,,,,,,,,,,,,,,,,,,,,,,,,,,,,,,,,,,,,,,,,,,,,,,,,,,,,,,,,,,,,,,,,,,,,,,,,,,,,,,,,,,,,,,,,,,,,,,,,,,,,,,,,,,,,,,,,,,,,,,,,,,,,,,,,,,,,,,,,,,,,,,,,,,,,,,,,,,,,,,,,,,,,,,,,,,,,,,,,,,,,,,,,,,,,,,,,,,,,,,,,,,,,,,,,,,,,,,,,,,,,,,,,,,,,,,,,,,,,,,,,,,,,,,,,,,,,,,,,,,,,,,,,,,,,,,,,,,,,,,,,,,,,,,,,,,,,,,,,,,,,,,,,,,,,,,,,,,,,,,,,,,,,,,,,,,,,,,,,,,,,,,,,,,,,,,,,,,,,,,,,
1827_failoni,,,,,,,,,,,,,,,,,,,,,-1.0,10.0,7.0,,,-1.0,-1.0,11.0,2.0,6.0,1.0,-1.0,,,,4.0,8.0,7.0,2.0,6.0,-1.0,5.0,2.0,,,,8.0,9.0,9.0,14.0,-1,13.0,10.0,2.0,5.0,,,,,5.0,2,11,15,5,11,6,-1.0,2.0,3.0,,,,,8.0,1.0,12,10,14,8,3,10.0,-1.0,1.0,7.0,,,,9.0,6.0,2.0,2.0,1.0,2.0,7.0,-1.0,-1.0,7.0,,,,4.0,8.0,9.0,5.0,1.0,2.0,1.0,1.0,,,,,6.0,14.0,10.0,1.0,-1.0,-1.0,,,,,,,,,,,,,,,,,,,,,,,,,,,,,,,,,,,,,,,,,,,,,,,,,,,,,,,,,,,,,,,,,,,,,,,,,,,,,,,,,,,,,,,,,,,,,,,,,,,,,,,,,,,,,,,,,,,,,,,,,,,,,,,,,,,,,,,,,,,,,,,,,,,,,,,,,,,,,,,,,,,,,,,,,,,,,,,,,,,,,,,,,,,,,,,,,,,,,,,,,,,,,,,,,,,,,,,,,,,,,,,,,,,,,,,,,,,,,,,,,,,,,,,,,,,,,,,,,,,,,,,,,,,,,,,,,,,,,,,,,,,,,,,,,,,,,,,,,,,,,,,,,,,,,,,,,,,,,,,,,,,,,,,,,,,,,,,,,,,,,,,,,,,,,,,,,,,,,,,,,,,,,,,,,,,,,,,,,,,,,,,,,,,,,,,,,,,,,,,,,,,,,,,,,,,,,,,,,,,,,,,,,,,,,,,,,,,,,,,,,,,,,,,,,,,,,,,,,,,,,,,,,,,,,,,,,,,,,,,,,,,,,,,,,,,,,,,,,,,,,,,,,,,,,,,,,,,,,,,,,,,,,,,,,,,,,,,,,,,,,,,,,,,,,,,,,,,,,,,,,,,,,,,,,,,,,,,,,,,,,,,,,,,,,,,,,,,,,,,,,,,,,,,,,,,,,
183-_starling,,,,,,,,,,,,,,,,,,,,,,,,,,,,,,,,,,,,,,,,,,,,,,,,,,,5,2.0,,,,,,,,,-1,-1,-1,3,8,1,,,,,,,,,,-1,14,13,-1,-1,12.0,,,,,,,,10.0,11.0,12.0,-1.0,-1.0,-1.0,,,,,,,,6.0,5.0,-1.0,-1.0,,,,,,,,,,,,,,,,,,,,,,,,,,,,,,,,,,,,,,,,,,,,,,,,,,,,,,,,,,,,,,,,,,,,,,,,,,,,,,,,,,,,,,,,,,,,,,,,,,,,,,,,,,,,,,,,,,,,,,,,,,,,,,,,,,,,,,,,,,,,,,,,,,,,,,,,,,,,,,,,,,,,,,,,,,,,,,,,,,,,,,,,,,,,,,,,,,,,,,,,,,,,,,,,,,,,,,,,,,,,,,,,,,,,,,,,,,,,,,,,,,,,,,,,,,,,,,,,,,,,,,,,,,,,,,,,,,,,,,,,,,,,,,,,,,,,,,,,,,,,,,,,,,,,,,,,,,,,,,,,,,,,,,,,,,,,,,,,,,,,,,,,,,,,,,,,,,,,,,,,,,,,,,,,,,,,,,,,,,,,,,,,,,,,,,,,,,,,,,,,,,,,,,,,,,,,,,,,,,,,,,,,,,,,,,,,,,,,,,,,,,,,,,,,,,,,,,,,,,,,,,,,,,,,,,,,,,,,,,,,,,,,,,,,,,,,,,,,,,,,,,,,,,,,,,,,,,,,,,,,,,,,,,,,,,,,,,,,,,,,,,,,,,,,,,,,,,,,,,,,,,,,,,,,,,,,,,,,,,,,,,,,,,,,,,,,,,,,,,,,,,,,,,,,,,,,,,,,,,,,,,,,,,
1835_catherwood,2.0,2.0,4.0,5.0,2.0,,8.0,3.0,1.0,3.0,,2.0,2.0,2.0,4.0,5.0,,10.0,12.0,4.0,1.0,4.0,5.0,3.0,,2.0,5.0,2.0,3.0,1.0,9.0,8.0,1.0,,7.0,3.0,7.0,10.0,11.0,12.0,4.0,6.0,4.0,2.0,3.0,2.0,8.0,9.0,12.0,9.0,1,1.0,2.0,7.0,2.0,3.0,1.0,7.0,4.0,1.0,7,10,2,2,9,10,2.0,7.0,3.0,5.0,6.0,7.0,4.0,9.0,3.0,3,11,11,1,5,6.0,2.0,1.0,7.0,7.0,3.0,3.0,5.0,7.0,5.0,4.0,5.0,8.0,5.0,8.0,2.0,1.0,7.0,5.0,7.0,2.0,1.0,2.0,8.0,13.0,3.0,2.0,5.0,,11.0,3.0,2.0,17.0,1.0,7.0,12.0,5.0,,,,8.0,11.0,1.0,1.0,11.0,2.0,,,,5.0,5.0,5.0,6.0,,,,4.0,6.0,1.0,,,,,2.0,2.0,1.0,10.0,10.0,3.0,1.0,,,,,,,,,,,,,,,,,,,,,,,,,,,,,,,,,,,,,,,,,,,,,,,,,,,,,,,,,,,,,,,,,,,,,,,,,,,,,,,,,,,,,,,,,,,,,,,,,,,,,,,,,,,,,,,,,,,,,,,,,,,,,,,,,,,,,,,,,,,,,,,,,,,,,,,,,,,,,,,,,,,,,,,,,,,,,,,,,,,,,,,,,,,,,,,,,,,,,,,,,,,,,,,,,,,,,,,,,,,,,,,,,,,,,,,,,,,,,,,,,,,,,,,,,,,,,,,,,,,,,,,,,,,,,,,,,,,,,,,,,,,,,,,,,,,,,,,,,,,,,,,,,,,,,,,,,,,,,,,,,,,,,,,,,,,,,,,,,,,,,,,,,,,,,,,,,,,,,,,,,,,,,,,,,,,,,,,,,,,,,,,,,,,,,,,,,,,,,,,,,,,,,,,,,,,,,,,,,,,,,,,,,,,,,,,,,,,,,,,,,,,,,,,,,,,,,,,,,,,,,,,,,,,,,,,,,,,,,,,,,,,,,,,,,,,,,,,,,,,,,,,,,,,,,,,,,,,,,,,,,,,,,,,,,,,,,,,,,,,,,,,,,,,,,,,,,,,,,,,,,,,,,,,,,,,,,,,,,,,,,
1835_catherwood_2,,2.0,4.0,5.0,2.0,,8.0,3.0,1.0,3.0,,2.0,2.0,2.0,4.0,5.0,,10.0,12.0,4.0,1.0,4.0,5.0,3.0,,2.0,5.0,2.0,3.0,1.0,9.0,8.0,1.0,,7.0,3.0,7.0,10.0,11.0,12.0,4.0,6.0,4.0,2.0,3.0,5.0,2.0,9.0,12.0,9.0,1,1.0,2.0,7.0,2.0,3.0,1.0,7.0,3.0,4.0,7,10,2,2,9,10,2.0,7.0,3.0,5.0,6.0,7.0,4.0,10.0,3.0,3,11,12,1,5,6.0,2.0,1.0,7.0,7.0,3.0,3.0,5.0,7.0,5.0,5.0,5.0,8.0,5.0,8.0,2.0,1.0,7.0,5.0,7.0,2.0,1.0,1.0,8.0,13.0,3.0,2.0,5.0,,11.0,3.0,2.0,17.0,1.0,7.0,12.0,5.0,,,,8.0,11.0,1.0,1.0,11.0,2.0,,,,5.0,5.0,5.0,6.0,,,,4.0,6.0,1.0,,,,,2.0,2.0,1.0,10.0,10.0,3.0,1.0,,,,,,,,,,,,,,,,,,,,,,,,,,,,,,,,,,,,,,,,,,,,,,,,,,,,,,,,,,,,,,,,,,,,,,,,,,,,,,,,,,,,,,,,,,,,,,,,,,,,,,,,,,,,,,,,,,,,,,,,,,,,,,,,,,,,,,,,,,,,,,,,,,,,,,,,,,,,,,,,,,,,,,,,,,,,,,,,,,,,,,,,,,,,,,,,,,,,,,,,,,,,,,,,,,,,,,,,,,,,,,,,,,,,,,,,,,,,,,,,,,,,,,,,,,,,,,,,,,,,,,,,,,,,,,,,,,,,,,,,,,,,,,,,,,,,,,,,,,,,,,,,,,,,,,,,,,,,,,,,,,,,,,,,,,,,,,,,,,,,,,,,,,,,,,,,,,,,,,,,,,,,,,,,,,,,,,,,,,,,,,,,,,,,,,,,,,,,,,,,,,,,,,,,,,,,,,,,,,,,,,,,,,,,,,,,,,,,,,,,,,,,,,,,,,,,,,,,,,,,,,,,,,,,,,,,,,,,,,,,,,,,,,,,,,,,,,,,,,,,,,,,,,,,,,,,,,,,,,,,,,,,,,,,,,,,,,,,,,,,,,,,,,,,,,,,,,,,,,,,,,,,,,,,,,,,,,,,,,,,,
1835_catherwood_3,2.0,2.0,4.0,2.0,2.0,,8.0,3.0,1.0,3.0,,2.0,2.0,2.0,4.0,5.0,,10.0,12.0,4.0,1.0,11.0,5.0,3.0,,2.0,5.0,4.0,3.0,1.0,9.0,8.0,1.0,,8.0,3.0,9.0,10.0,11.0,12.0,4.0,6.0,4.0,3.0,2.0,1.0,5.0,3.0,12.0,9.0,1,1.0,2.0,7.0,6.0,4.0,1.0,7.0,4.0,1.0,3,10,2,2,9,10,9.0,4.0,7.0,2.0,6.0,7.0,3.0,11.0,6.0,3,11,11,1,5,8.0,7.0,1.0,8.0,7.0,3.0,3.0,6.0,5.0,3.0,4.0,5.0,8.0,5.0,8.0,2.0,1.0,6.0,5.0,8.0,3.0,2.0,2.0,8.0,13.0,3.0,2.0,5.0,,10.0,1.0,14.0,17.0,1.0,7.0,13.0,1.0,,,,5.0,11.0,18.0,1.0,11.0,5.0,,,,11.0,10.0,5.0,3.0,,,,5.0,6.0,1.0,,,,3.0,2.0,10.0,2.0,10.0,3.0,6.0,8.0,,,,,,,,,,,,,,,,,,,,,,,,,,,,,,,,,,,,,,,,,,,,,,,,,,,,,,,,,,,,,,,,,,,,,,,,,,,,,,,,,,,,,,,,,,,,,,,,,,,,,,,,,,,,,,,,,,,,,,,,,,,,,,,,,,,,,,,,,,,,,,,,,,,,,,,,,,,,,,,,,,,,,,,,,,,,,,,,,,,,,,,,,,,,,,,,,,,,,,,,,,,,,,,,,,,,,,,,,,,,,,,,,,,,,,,,,,,,,,,,,,,,,,,,,,,,,,,,,,,,,,,,,,,,,,,,,,,,,,,,,,,,,,,,,,,,,,,,,,,,,,,,,,,,,,,,,,,,,,,,,,,,,,,,,,,,,,,,,,,,,,,,,,,,,,,,,,,,,,,,,,,,,,,,,,,,,,,,,,,,,,,,,,,,,,,,,,,,,,,,,,,,,,,,,,,,,,,,,,,,,,,,,,,,,,,,,,,,,,,,,,,,,,,,,,,,,,,,,,,,,,,,,,,,,,,,,,,,,,,,,,,,,,,,,,,,,,,,,,,,,,,,,,,,,,,,,,,,,,,,,,,,,,,,,,,,,,,,,,,,,,,,,,,,,,,,,,,,,,,,,,,,,,,,,,,,,,,,,,,,,
1836_unknown,,,,,,,,,,4.0,,,,6.0,-1.0,,,,,,10.0,10.0,7.0,,,,,7.0,6.0,3.0,-1.0,-1.0,,,,,-1.0,3.0,7.0,8.0,-1.0,-1.0,-1.0,,,,,-1.0,1.0,3.0,5,2.0,-1.0,-1.0,-1.0,,,,,,5,8,4,3,8,5,11.0,-1.0,-1.0,,,,,1.0,8.0,13,14,13,3,1,12.0,-1.0,-1.0,-1.0,,,2.0,15.0,11.0,11.0,10.0,3.0,2.0,-1.0,-1.0,-1.0,7.0,,,7.0,9.0,3.0,5.0,9.0,8.0,1.0,1.0,1.0,,,1.0,3.0,10.0,5.0,4.0,2.0,2.0,-1.0,,,1.0,-1.0,-1.0,-1.0,-1.0,3.0,,,,2.0,-1.0,-1.0,-1.0,,,,-1.0,-1.0,-1.0,,,,,,,,,,,,,,,,,,,,,,,,,,,,,,,,,,,,,,,,,,,,,,,,,,,,,,,,,,,,,,,,,,,,,,,,,,,,,,,,,,,,,,,,,,,,,,,,,,,,,,,,,,,,,,,,,,,,,,,,,,,,,,,,,,,,,,,,,,,,,,,,,,,,,,,,,,,,,,,,,,,,,,,,,,,,,,,,,,,,,,,,,,,,,,,,,,,,,,,,,,,,,,,,,,,,,,,,,,,,,,,,,,,,,,,,,,,,,,,,,,,,,,,,,,,,,,,,,,,,,,,,,,,,,,,,,,,,,,,,,,,,,,,,,,,,,,,,,,,,,,,,,,,,,,,,,,,,,,,,,,,,,,,,,,,,,,,,,,,,,,,,,,,,,,,,,,,,,,,,,,,,,,,,,,,,,,,,,,,,,,,,,,,,,,,,,,,,,,,,,,,,,,,,,,,,,,,,,,,,,,,,,,,,,,,,,,,,,,,,,,,,,,,,,,,,,,,,,,,,,,,,,,,,,,,,,,,,,,,,,,,,,,,,,,,,,,,,,,,,,,,,,,,,,,,,,,,,,,,,,,,,,,,,,,,,,,,,,,,,,,,,,,,,,,,,,,,,,,,,,,,,,,,,,,,,,,,,,,,,,,,,,,,,,,,,
1837_dufour,,2.0,4.0,5.0,2.0,,8.0,3.0,1.0,3.0,,2.0,2.0,2.0,4.0,5.0,,10.0,12.0,4.0,1.0,4.0,5.0,3.0,1.0,2.0,5.0,2.0,3.0,1.0,9.0,8.0,1.0,,8.0,3.0,7.0,10.0,11.0,12.0,4.0,6.0,4.0,1.0,2.0,1.0,5.0,3.0,12.0,9.0,1,1.0,2.0,7.0,2.0,3.0,1.0,4.0,6.0,1.0,3,10,2,2,9,8,2.0,7.0,3.0,5.0,6.0,7.0,3.0,11.0,6.0,3,11,12,6,5,6.0,2.0,1.0,8.0,4.0,6.0,3.0,6.0,5.0,3.0,5.0,7.0,8.0,5.0,8.0,2.0,1.0,8.0,5.0,8.0,3.0,1.0,1.0,8.0,13.0,3.0,2.0,5.0,,11.0,3.0,2.0,17.0,1.0,7.0,12.0,5.0,,,,8.0,11.0,1.0,1.0,11.0,2.0,,,,5.0,5.0,5.0,6.0,,,,4.0,6.0,1.0,,,,,6.0,2.0,1.0,-1.0,10.0,3.0,1.0,,,,,,,,,,,,,,,,,,,,,,,,,,,,,,,,,,,,,,,,,,,,,,,,,,,,,,,,,,,,,,,,,,,,,,,,,,,,,,,,,,,,,,,,,,,,,,,,,,,,,,,,,,,,,,,,,,,,,,,,,,,,,,,,,,,,,,,,,,,,,,,,,,,,,,,,,,,,,,,,,,,,,,,,,,,,,,,,,,,,,,,,,,,,,,,,,,,,,,,,,,,,,,,,,,,,,,,,,,,,,,,,,,,,,,,,,,,,,,,,,,,,,,,,,,,,,,,,,,,,,,,,,,,,,,,,,,,,,,,,,,,,,,,,,,,,,,,,,,,,,,,,,,,,,,,,,,,,,,,,,,,,,,,,,,,,,,,,,,,,,,,,,,,,,,,,,,,,,,,,,,,,,,,,,,,,,,,,,,,,,,,,,,,,,,,,,,,,,,,,,,,,,,,,,,,,,,,,,,,,,,,,,,,,,,,,,,,,,,,,,,,,,,,,,,,,,,,,,,,,,,,,,,,,,,,,,,,,,,,,,,,,,,,,,,,,,,,,,,,,,,,,,,,,,,,,,,,,,,,,,,,,,,,,,,,,,,,,,,,,,,,,,,,,,,,,,,,,,,,,,,,,,,,,,,,,,,,,,,,,,
1837_unknown,,2.0,4.0,5.0,2.0,,8.0,3.0,1.0,3.0,,2.0,2.0,2.0,4.0,5.0,,10.0,12.0,4.0,1.0,4.0,5.0,3.0,1.0,2.0,5.0,2.0,3.0,1.0,9.0,8.0,1.0,,8.0,3.0,7.0,10.0,11.0,12.0,4.0,6.0,4.0,2.0,2.0,1.0,5.0,3.0,12.0,15.0,2,4.0,2.0,7.0,2.0,3.0,1.0,4.0,4.0,1.0,3,10,14,4,5,8,2.0,7.0,3.0,5.0,6.0,7.0,3.0,9.0,3.0,3,11,12,6,6,6.0,2.0,1.0,7.0,4.0,6.0,3.0,6.0,5.0,3.0,5.0,7.0,8.0,5.0,7.0,1.0,1.0,8.0,5.0,8.0,3.0,1.0,1.0,8.0,13.0,3.0,2.0,3.0,,11.0,3.0,2.0,17.0,1.0,7.0,13.0,1.0,,,,8.0,11.0,1.0,1.0,11.0,5.0,,,,11.0,5.0,5.0,3.0,,,,5.0,6.0,1.0,,,,,6.0,2.0,1.0,10.0,3.0,5.0,5.0,,,,,,,,,,,,,,,,,,,,,,,,,,,,,,,,,,,,,,,,,,,,,,,,,,,,,,,,,,,,,,,,,,,,,,,,,,,,,,,,,,,,,,,,,,,,,,,,,,,,,,,,,,,,,,,,,,,,,,,,,,,,,,,,,,,,,,,,,,,,,,,,,,,,,,,,,,,,,,,,,,,,,,,,,,,,,,,,,,,,,,,,,,,,,,,,,,,,,,,,,,,,,,,,,,,,,,,,,,,,,,,,,,,,,,,,,,,,,,,,,,,,,,,,,,,,,,,,,,,,,,,,,,,,,,,,,,,,,,,,,,,,,,,,,,,,,,,,,,,,,,,,,,,,,,,,,,,,,,,,,,,,,,,,,,,,,,,,,,,,,,,,,,,,,,,,,,,,,,,,,,,,,,,,,,,,,,,,,,,,,,,,,,,,,,,,,,,,,,,,,,,,,,,,,,,,,,,,,,,,,,,,,,,,,,,,,,,,,,,,,,,,,,,,,,,,,,,,,,,,,,,,,,,,,,,,,,,,,,,,,,,,,,,,,,,,,,,,,,,,,,,,,,,,,,,,,,,,,,,,,,,,,,,,,,,,,,,,,,,,,,,,,,,,,,,,,,,,,,,,,,,,,,,,,,,,,,,,,,,,,
1837_unknown_2,,,,,,,,,,,,,,7.0,4.0,4.0,,4.0,12.0,4.0,10.0,2.0,-1.0,3.0,1.0,2.0,5.0,7.0,7.0,13.0,8.0,6.0,1.0,,7.0,2.0,6.0,14.0,10.0,11.0,1.0,4.0,4.0,2.0,3.0,2.0,5.0,3.0,11.0,9.0,1,1.0,2.0,7.0,2.0,3.0,1.0,7.0,4.0,1.0,3,10,2,2,9,10,2.0,7.0,3.0,4.0,6.0,7.0,4.0,9.0,6.0,10,6,11,1,5,6.0,2.0,1.0,4.0,,,4.0,14.0,9.0,9.0,4.0,5.0,8.0,4.0,3.0,5.0,2.0,,,,9.0,2.0,2.0,8.0,13.0,5.0,8.0,2.0,,,,,17.0,1.0,7.0,12.0,3.0,7.0,,,,,,,,,,,,,,,,,,,,,,,,,,,,,,,,,,,,,,,,,,,,,,,,,,,,,,,,,,,,,,,,,,,,,,,,,,,,,,,,,,,,,,,,,,,,,,,,,,,,,,,,,,,,,,,,,,,,,,,,,,,,,,,,,,,,,,,,,,,,,,,,,,,,,,,,,,,,,,,,,,,,,,,,,,,,,,,,,,,,,,,,,,,,,,,,,,,,,,,,,,,,,,,,,,,,,,,,,,,,,,,,,,,,,,,,,,,,,,,,,,,,,,,,,,,,,,,,,,,,,,,,,,,,,,,,,,,,,,,,,,,,,,,,,,,,,,,,,,,,,,,,,,,,,,,,,,,,,,,,,,,,,,,,,,,,,,,,,,,,,,,,,,,,,,,,,,,,,,,,,,,,,,,,,,,,,,,,,,,,,,,,,,,,,,,,,,,,,,,,,,,,,,,,,,,,,,,,,,,,,,,,,,,,,,,,,,,,,,,,,,,,,,,,,,,,,,,,,,,,,,,,,,,,,,,,,,,,,,,,,,,,,,,,,,,,,,,,,,,,,,,,,,,,,,,,,,,,,,,,,,,,,,,,,,,,,,,,,,,,,,,,,,,,,,,,,,,,,,,,,,,,,,,,,,,,,,,,,,,,,,,,,,,,,,,,,,,,,,,,,,,,,,,,,,,,,
1840_renner,,,3.0,2.0,,,6.0,6.0,1.0,,,6.0,4.0,3.0,3.0,,,1.0,4.0,1.0,1.0,11.0,5.0,,2.0,8.0,11.0,1.0,8.0,2.0,3.0,6.0,,,1.0,11.0,10.0,13.0,4.0,13.0,6.0,7.0,1.0,,1.0,3.0,6.0,5.0,11.0,7.0,11,13.0,11.0,2.0,4.0,4.0,6.0,3.0,1.0,1.0,6,9,12,8,6,4,3.0,3.0,5.0,2.0,1.0,1.0,8.0,11.0,13.0,4,1,14,5,4,1.0,1.0,4.0,2.0,1.0,2.0,10.0,10.0,9.0,9.0,10.0,3.0,10.0,8.0,1.0,3.0,4.0,6.0,6.0,6.0,8.0,14.0,5.0,9.0,9.0,9.0,9.0,2.0,,3.0,4.0,1.0,12.0,5.0,4.0,14.0,11.0,7.0,,,2.0,3.0,9.0,9.0,10.0,4.0,,,,10.0,11.0,1.0,3.0,,,,8.0,2.0,1.0,,,,,1.0,1.0,8.0,8.0,1.0,2.0,6.0,,,,,,,,,,,,,,,,,,,,,,,,,,,,,,,,,,,,,,,,,,,,,,,,,,,,,,,,,,,,,,,,,,,,,,,,,,,,,,,,,,,,,,,,,,,,,,,,,,,,,,,,,,,,,,,,,,,,,,,,,,,,,,,,,,,,,,,,,,,,,,,,,,,,,,,,,,,,,,,,,,,,,,,,,,,,,,,,,,,,,,,,,,,,,,,,,,,,,,,,,,,,,,,,,,,,,,,,,,,,,,,,,,,,,,,,,,,,,,,,,,,,,,,,,,,,,,,,,,,,,,,,,,,,,,,,,,,,,,,,,,,,,,,,,,,,,,,,,,,,,,,,,,,,,,,,,,,,,,,,,,,,,,,,,,,,,,,,,,,,,,,,,,,,,,,,,,,,,,,,,,,,,,,,,,,,,,,,,,,,,,,,,,,,,,,,,,,,,,,,,,,,,,,,,,,,,,,,,,,,,,,,,,,,,,,,,,,,,,,,,,,,,,,,,,,,,,,,,,,,,,,,,,,,,,,,,,,,,,,,,,,,,,,,,,,,,,,,,,,,,,,,,,,,,,,,,,,,,,,,,,,,,,,,,,,,,,,,,,,,,,,,,,,,,,,,,,,,,,,,,,,,,,,,,,,,,,,,,,,,,
1841_aldrich_symonds,,4.0,4.0,5.0,3.0,,2.0,5.0,2.0,5.0,,3.0,7.0,7.0,5.0,7.0,,8.0,6.0,9.0,7.0,8.0,3.0,8.0,5.0,5.0,10.0,15.0,13.0,14.0,7.0,3.0,5.0,,3.0,8.0,12.0,12.0,6.0,1.0,11.0,10.0,7.0,3.0,0.0,0.0,3.0,8.0,4.0,6.0,3,3.0,5.0,6.0,4.0,4.0,3.0,0.0,2.0,2.0,10,8,3,13,11,7,9.0,4.0,1.0,2.0,8.0,6.0,7.0,10.0,10.0,8,15,7,8,3,4.0,5.0,4.0,0.0,10.0,10.0,6.0,13.0,13.0,10.0,7.0,9.0,7.0,2.0,6.0,6.0,0.0,11.0,7.0,3.0,7.0,17.0,8.0,1.0,8.0,5.0,9.0,6.0,,8.0,9.0,4.0,1.0,9.0,9.0,10.0,11.0,7.0,,,8.0,14.0,13.0,5.0,6.0,6.0,,,,12.0,10.0,8.0,11.0,,,,1.0,6.0,7.0,,,,4.0,,,,,,,,1.0,2.0,1.0,2.0,3.0,3.0,1.0,1.0,3.0,4.0,2.0,,,,,,,,,,,,,,,,,,,,,,,,,,,,,,,,,,,,,,,,,,,,,,,,,,,,,,,,,,,,,,,,,,,,,,,,,,,,,,,,,,,,,,,,,,,,,,,,,,,,,,,,,,,,,,,,,,,,,,,,,,,,,,,,,,,,,,,,,,,,,,,,,,,,,,,,,,,,,,,,,,,,,,,,,,,,,,,,,,,,,,,,,,,,,,,,,,,,,,,,,,,,,,,,,,,,,,,,,,,,,,,,,,,,,,,,,,,,,,,,,,,,,,,,,,,,,,,,,,,,,,,,,,,,,,,,,,,,,,,,,,,,,,,,,,,,,,,,,,,,,,,,,,,,,,,,,,,,,,,,,,,,,,,,,,,,,,,,,,,,,,,,,,,,,,,,,,,,,,,,,,,,,,,,,,,,,,,,,,,,,,,,,,,,,,,,,,,,,,,,,,,,,,,,,,,,,,,,,,,,,,,,,,,,,,,,,,,,,,,,,,,,,,,,,,,,,,,,,,,,,,,,,,,,,,,,,,,,,,,,,,,,,,,,,,,,,,,,,,,,,,,,,,,,,,,,,,,,,,,,,,,,,,,,,,,,,,,,,,,,,,,,,,,,,,,,,,,,,,,,,,,,,,,,,,
1841_kiepert,,4.0,6.0,2.0,4.0,,5.0,5.0,3.0,1.0,,4.0,7.0,1.0,3.0,6.0,,7.0,6.0,7.0,4.0,1.0,1.0,,,1.0,3.0,2.0,3.0,14.0,5.0,1.0,,,5.0,7.0,7.0,10.0,11.0,12.0,5.0,3.0,7.0,,6.0,6.0,1.0,9.0,12.0,9.0,1,1.0,5.0,6.0,4.0,,3.0,9.0,4.0,8.0,7,10,2,2,9,9,9.0,4.0,1.0,,8.0,5.0,5.0,14.0,3.0,3,11,12,6,6,2.0,7.0,3.0,8.0,8.0,8.0,5.0,5.0,7.0,5.0,5.0,7.0,9.0,5.0,8.0,2.0,1.0,4.0,2.0,7.0,2.0,1.0,3.0,8.0,13.0,6.0,7.0,5.0,,4.0,3.0,2.0,16.0,2.0,12.0,12.0,6.0,4.0,,,3.0,12.0,4.0,2.0,2.0,2.0,,,,9.0,11.0,7.0,7.0,,,,5.0,2.0,5.0,,,,,7.0,5.0,8.0,9.0,2.0,3.0,1.0,,,,,,,,,,,,2.0,,,,,,,,,,,,,,,,,,,,,,,,,,,,,,,,,,,,,,,,,,,,,,,,,,,,,,,,,,,,,,,,,,,,,,,,,,,,,,,,,,,,,,,,,,,,,,,,,,,,,,,,,,,,,,,,,,,,,,,,,,,,,,,,,,,,,,,,,,,,,,,,,,,,,,,,,,,,,,,,,,,,,,,,,,,,,,,,,,,,,,,,,,,,,,,,,,,,,,,,,,,,,,,,,,,,,,,,,,,,,,,,,,,,,,,,,,,,,,,,,,,,,,,,,,,,,,,,,,,,,,,,,,,,,,,,,,,,,,,,,,,,,,,,,,,,,,,,,,,,,,,,,,,,,,,,,,,,,,,,,,,,,,,,,,,,,,,,,,,,,,,,,,,,,,,,,,,,,,,,,,,,,,,,,,,,,,,,,,,,,,,,,,,,,,,,,,,,,,,,,,,,,,,,,,,,,,,,,,,,,,,,,,,,,,,,,,,,,,,,,,,,,,,,,,,,,,,,,,,,,,,,,,,,,,,,,,,,,,,,,,,,,,,,,,,,,,,,,,,,,,,,,,,,,,,,,,,,,,,,,,,,,,,,,,,,,,,,,,,,,,,,,,,,,,,,,,,,,,,,,,,,,,,,,
1841_kiepert_2,,4.0,6.0,2.0,4.0,,5.0,5.0,3.0,1.0,,4.0,7.0,1.0,3.0,6.0,,7.0,6.0,7.0,4.0,1.0,1.0,,,1.0,3.0,2.0,3.0,14.0,5.0,1.0,,,5.0,7.0,7.0,10.0,11.0,12.0,5.0,3.0,7.0,,6.0,6.0,1.0,9.0,12.0,9.0,1,1.0,5.0,6.0,4.0,,3.0,9.0,4.0,8.0,7,10,2,2,9,9,9.0,4.0,5.0,,8.0,5.0,5.0,14.0,3.0,3,11,12,6,6,2.0,7.0,3.0,2.0,8.0,8.0,5.0,5.0,7.0,5.0,5.0,7.0,9.0,5.0,8.0,4.0,5.0,4.0,2.0,7.0,2.0,1.0,3.0,3.0,13.0,11.0,10.0,6.0,,4.0,3.0,2.0,16.0,2.0,12.0,3.0,3.0,4.0,,,3.0,12.0,4.0,2.0,2.0,10.0,,,,9.0,11.0,7.0,7.0,,,,5.0,2.0,5.0,,,,,7.0,5.0,8.0,9.0,2.0,3.0,1.0,,,,,,,,,,,,2.0,,,,,,,,,,,,,,,,,,,,,,,,,,,,,,,,,,,,,,,,,,,,,,,,,,,,,,,,,,,,,,,,,,,,,,,,,,,,,,,,,,,,,,,,,,,,,,,,,,,,,,,,,,,,,,,,,,,,,,,,,,,,,,,,,,,,,,,,,,,,,,,,,,,,,,,,,,,,,,,,,,,,,,,,,,,,,,,,,,,,,,,,,,,,,,,,,,,,,,,,,,,,,,,,,,,,,,,,,,,,,,,,,,,,,,,,,,,,,,,,,,,,,,,,,,,,,,,,,,,,,,,,,,,,,,,,,,,,,,,,,,,,,,,,,,,,,,,,,,,,,,,,,,,,,,,,,,,,,,,,,,,,,,,,,,,,,,,,,,,,,,,,,,,,,,,,,,,,,,,,,,,,,,,,,,,,,,,,,,,,,,,,,,,,,,,,,,,,,,,,,,,,,,,,,,,,,,,,,,,,,,,,,,,,,,,,,,,,,,,,,,,,,,,,,,,,,,,,,,,,,,,,,,,,,,,,,,,,,,,,,,,,,,,,,,,,,,,,,,,,,,,,,,,,,,,,,,,,,,,,,,,,,,,,,,,,,,,,,,,,,,,,,,,,,,,,,,,,,,,,,,,,,,,,,
1842_bartlett,,0.0,6.0,2.0,4.0,,5.0,5.0,3.0,1.0,,4.0,7.0,1.0,3.0,6.0,,6.0,6.0,7.0,4.0,1.0,1.0,,5.0,1.0,3.0,2.0,3.0,14.0,4.0,1.0,,,3.0,3.0,7.0,10.0,11.0,12.0,5.0,3.0,6.0,,5.0,6.0,1.0,9.0,12.0,9.0,1,1.0,5.0,6.0,3.0,2.0,3.0,9.0,4.0,8.0,7,10,2,2,9,10,9.0,6.0,2.0,4.0,8.0,5.0,5.0,14.0,3.0,3,11,12,1,5,2.0,7.0,3.0,8.0,8.0,8.0,5.0,5.0,7.0,5.0,6.0,5.0,4.0,5.0,8.0,2.0,1.0,4.0,2.0,7.0,2.0,1.0,2.0,8.0,13.0,6.0,7.0,3.0,,4.0,3.0,2.0,16.0,2.0,6.0,3.0,3.0,4.0,,,3.0,12.0,4.0,2.0,2.0,10.0,,,,9.0,9.0,7.0,7.0,,,,3.0,3.0,5.0,,,,,7.0,5.0,8.0,9.0,2.0,3.0,1.0,,,,,,,,,,,,,,,,,,,,,,,,,,,,,,,,,,,,,,,,,,,,,,,,,,,,,,,,,,,,,,,,,,,,,,,,,,,,,,,,,,,,,,,,,,,,,,,,,,,,,,,,,,,,,,,,,,,,,,,,,,,,,,,,,,,,,,,,,,,,,,,,,,,,,,,,,,,,,,,,,,,,,,,,,,,,,,,,,,,,,,,,,,,,,,,,,,,,,,,,,,,,,,,,,,,,,,,,,,,,,,,,,,,,,,,,,,,,,,,,,,,,,,,,,,,,,,,,,,,,,,,,,,,,,,,,,,,,,,,,,,,,,,,,,,,,,,,,,,,,,,,,,,,,,,,,,,,,,,,,,,,,,,,,,,,,,,,,,,,,,,,,,,,,,,,,,,,,,,,,,,,,,,,,,,,,,,,,,,,,,,,,,,,,,,,,,,,,,,,,,,,,,,,,,,,,,,,,,,,,,,,,,,,,,,,,,,,,,,,,,,,,,,,,,,,,,,,,,,,,,,,,,,,,,,,,,,,,,,,,,,,,,,,,,,,,,,,,,,,,,,,,,,,,,,,,,,,,,,,,,,,,,,,,,,,,,,,,,,,,,,,,,,,,,,,,,,,,,,,,,,,,,,,,,,,,,,,,,,,,,
1842_bartlett_2,,4.0,6.0,2.0,4.0,,5.0,5.0,3.0,1.0,,4.0,7.0,1.0,3.0,6.0,,6.0,6.0,7.0,4.0,1.0,1.0,,5.0,1.0,3.0,2.0,3.0,1.0,4.0,,,,3.0,3.0,7.0,10.0,14.0,7.0,3.0,8.0,,,5.0,6.0,1.0,9.0,12.0,11.0,10,10.0,2.0,,,,3.0,9.0,4.0,8.0,7,10,13,7,7,10,9.0,4.0,,,8.0,5.0,5.0,14.0,3.0,3,11,12,1,5,2.0,7.0,3.0,8.0,8.0,8.0,5.0,5.0,7.0,5.0,6.0,5.0,4.0,5.0,8.0,6.0,1.0,4.0,2.0,7.0,2.0,1.0,2.0,8.0,13.0,6.0,10.0,6.0,,4.0,3.0,2.0,16.0,2.0,6.0,3.0,3.0,4.0,,,3.0,12.0,4.0,2.0,2.0,10.0,,,,9.0,11.0,7.0,7.0,,,,5.0,2.0,5.0,,,,,7.0,5.0,8.0,9.0,2.0,3.0,1.0,,,,,,,,,,,,,,,,,,,,,,,,,,,,,,,,,,,,,,,,,,,,,,,,,,,,,,,,,,,,,,,,,,,,,,,,,,,,,,,,,,,,,,,,,,,,,,,,,,,,,,,,,,,,,,,,,,,,,,,,,,,,,,,,,,,,,,,,,,,,,,,,,,,,,,,,,,,,,,,,,,,,,,,,,,,,,,,,,,,,,,,,,,,,,,,,,,,,,,,,,,,,,,,,,,,,,,,,,,,,,,,,,,,,,,,,,,,,,,,,,,,,,,,,,,,,,,,,,,,,,,,,,,,,,,,,,,,,,,,,,,,,,,,,,,,,,,,,,,,,,,,,,,,,,,,,,,,,,,,,,,,,,,,,,,,,,,,,,,,,,,,,,,,,,,,,,,,,,,,,,,,,,,,,,,,,,,,,,,,,,,,,,,,,,,,,,,,,,,,,,,,,,,,,,,,,,,,,,,,,,,,,,,,,,,,,,,,,,,,,,,,,,,,,,,,,,,,,,,,,,,,,,,,,,,,,,,,,,,,,,,,,,,,,,,,,,,,,,,,,,,,,,,,,,,,,,,,,,,,,,,,,,,,,,,,,,,,,,,,,,,,,,,,,,,,,,,,,,,,,,,,,,,,,,,,,,,,,,,,,,
1842_bartlett_3,,0.0,6.0,2.0,4.0,,5.0,5.0,3.0,1.0,,4.0,7.0,1.0,3.0,6.0,,6.0,6.0,7.0,4.0,1.0,1.0,,5.0,1.0,3.0,2.0,3.0,14.0,4.0,,,,3.0,3.0,7.0,10.0,11.0,12.0,5.0,3.0,,,5.0,6.0,1.0,9.0,12.0,9.0,1,1.0,5.0,,,,3.0,9.0,4.0,8.0,7,10,2,2,9,10,9.0,4.0,,,8.0,5.0,5.0,14.0,3.0,3,11,12,1,5,2.0,7.0,3.0,8.0,8.0,8.0,5.0,5.0,7.0,5.0,6.0,5.0,4.0,5.0,5.0,6.0,1.0,4.0,2.0,7.0,2.0,1.0,2.0,8.0,13.0,6.0,10.0,6.0,,4.0,3.0,2.0,16.0,2.0,6.0,3.0,3.0,4.0,,,3.0,12.0,4.0,2.0,2.0,10.0,,,,9.0,11.0,7.0,7.0,,,,3.0,3.0,5.0,,,,,7.0,5.0,8.0,9.0,2.0,3.0,1.0,,,,,,,,,,,,,,,,,,,,,,,,,,,,,,,,,,,,,,,,,,,,,,,,,,,,,,,,,,,,,,,,,,,,,,,,,,,,,,,,,,,,,,,,,,,,,,,,,,,,,,,,,,,,,,,,,,,,,,,,,,,,,,,,,,,,,,,,,,,,,,,,,,,,,,,,,,,,,,,,,,,,,,,,,,,,,,,,,,,,,,,,,,,,,,,,,,,,,,,,,,,,,,,,,,,,,,,,,,,,,,,,,,,,,,,,,,,,,,,,,,,,,,,,,,,,,,,,,,,,,,,,,,,,,,,,,,,,,,,,,,,,,,,,,,,,,,,,,,,,,,,,,,,,,,,,,,,,,,,,,,,,,,,,,,,,,,,,,,,,,,,,,,,,,,,,,,,,,,,,,,,,,,,,,,,,,,,,,,,,,,,,,,,,,,,,,,,,,,,,,,,,,,,,,,,,,,,,,,,,,,,,,,,,,,,,,,,,,,,,,,,,,,,,,,,,,,,,,,,,,,,,,,,,,,,,,,,,,,,,,,,,,,,,,,,,,,,,,,,,,,,,,,,,,,,,,,,,,,,,,,,,,,,,,,,,,,,,,,,,,,,,,,,,,,,,,,,,,,,,,,,,,,,,,,,,,,,,,,,,,
1843_ball,,4.0,6.0,2.0,2.0,,5.0,5.0,3.0,1.0,,1.0,7.0,1.0,3.0,3.0,,6.0,7.0,11.0,4.0,11.0,5.0,,,1.0,3.0,2.0,3.0,1.0,9.0,8.0,,,2.0,9.0,7.0,10.0,14.0,7.0,12.0,1.0,-1.0,,5.0,5.0,2.0,9.0,12.0,11.0,10,4.0,9.0,-1.0,-1.0,,4.0,9.0,2.0,4.0,6,10,13,7,7,10,1.0,7.0,3.0,,7.0,9.0,6.0,10.0,6.0,4,11,12,1,5,6.0,2.0,1.0,7.0,8.0,8.0,3.0,14.0,9.0,6.0,6.0,5.0,3.0,6.0,8.0,2.0,1.0,7.0,6.0,6.0,9.0,4.0,1.0,8.0,13.0,10.0,9.0,2.0,,11.0,2.0,14.0,17.0,2.0,12.0,12.0,3.0,7.0,,,3.0,9.0,18.0,2.0,2.0,2.0,,,,10.0,1.0,7.0,9.0,,,,8.0,3.0,8.0,,,,,9.0,8.0,8.0,9.0,1.0,2.0,1.0,,,,,,,,,,,,,,,,,,,,,,,,,,,,,,,,,,,,,,,,,,,,,,,,,,,,,,,,,,,,,,,,,,,,,,,,,,,,,,,,,,,,,,,,,,,,,,,,,,,,,,,,,,,,,,,,,,,,,,,,,,,,,,,,,,,,,,,,,,,,,,,,,,,,,,,,,,,,,,,,,,,,,,,,,,,,,,,,,,,,,,,,,,,,,,,,,,,,,,,,,,,,,,,,,,,,,,,,,,,,,,,,,,,,,,,,,,,,,,,,,,,,,,,,,,,,,,,,,,,,,,,,,,,,,,,,,,,,,,,,,,,,,,,,,,,,,,,,,,,,,,,,,,,,,,,,,,,,,,,,,,,,,,,,,,,,,,,,,,,,,,,,,,,,,,,,,,,,,,,,,,,,,,,,,,,,,,,,,,,,,,,,,,,,,,,,,,,,,,,,,,,,,,,,,,,,,,,,,,,,,,,,,,,,,,,,,,,,,,,,,,,,,,,,,,,,,,,,,,,,,,,,,,,,,,,,,,,,,,,,,,,,,,,,,,,,,,,,,,,,,,,,,,,,,,,,,,,,,,,,,,,,,,,,,,,,,,,,,,,,,,,,,,,,,,,,,,,,,,,,,,,,,,,,,,,,,,,,,,,,,
1843_unknown,,4.0,6.0,2.0,4.0,,5.0,4.0,3.0,2.0,,4.0,5.0,1.0,1.0,2.0,,8.0,6.0,10.0,3.0,3.0,5.0,4.0,,5.0,3.0,2.0,1.0,7.0,8.0,6.0,,,5.0,3.0,9.0,5.0,11.0,11.0,5.0,4.0,5.0,,6.0,6.0,4.0,3.0,12.0,9.0,1,1.0,5.0,6.0,3.0,,,7.0,4.0,6.0,9,10,2,2,9,8,5.0,4.0,1.0,,5.0,9.0,5.0,7.0,14.0,3,6,11,1,5,2.0,3.0,3.0,8.0,8.0,8.0,10.0,15.0,7.0,9.0,4.0,5.0,8.0,5.0,7.0,6.0,1.0,4.0,2.0,7.0,1.0,3.0,2.0,8.0,13.0,6.0,7.0,3.0,,4.0,4.0,1.0,17.0,2.0,12.0,3.0,3.0,6.0,,,3.0,5.0,5.0,2.0,2.0,10.0,,,,10.0,1.0,7.0,7.0,,,,3.0,3.0,3.0,,,,,9.0,6.0,8.0,9.0,2.0,3.0,6.0,,,,,,,,,,,,2.0,,,,,,,,,,,,,,,,,,,,,,,,,,,,,,,,,,,,,,,,,,,,,,,,,,,,,,,,,,,,,,,,,,,,,,,,,,,,,,,,,,,,,,,,,,,,,,,,,,,,,,,,,,,,,,,,,,,,,,,,,,,,,,,,,,,,,,,,,,,,,,,,,,,,,,,,,,,,,,,,,,,,,,,,,,,,,,,,,,,,,,,,,,,,,,,,,,,,,,,,,,,,,,,,,,,,,,,,,,,,,,,,,,,,,,,,,,,,,,,,,,,,,,,,,,,,,,,,,,,,,,,,,,,,,,,,,,,,,,,,,,,,,,,,,,,,,,,,,,,,,,,,,,,,,,,,,,,,,,,,,,,,,,,,,,,,,,,,,,,,,,,,,,,,,,,,,,,,,,,,,,,,,,,,,,,,,,,,,,,,,,,,,,,,,,,,,,,,,,,,,,,,,,,,,,,,,,,,,,,,,,,,,,,,,,,,,,,,,,,,,,,,,,,,,,,,,,,,,,,,,,,,,,,,,,,,,,,,,,,,,,,,,,,,,,,,,,,,,,,,,,,,,,,,,,,,,,,,,,,,,,,,,,,,,,,,,,,,,,,,,,,,,,,,,,,,,,,,,,,,,,,,,,,,,
1844_unknown,,2.0,3.0,2.0,2.0,,5.0,6.0,1.0,1.0,,4.0,7.0,3.0,3.0,2.0,,8.0,6.0,7.0,2.0,7.0,6.0,3.0,,1.0,3.0,9.0,2.0,4.0,10.0,8.0,6.0,,5.0,3.0,9.0,4.0,2.0,8.0,9.0,6.0,1.0,1.0,7.0,6.0,4.0,3.0,2.0,14.0,-1,4.0,2.0,1.0,5.0,3.0,4.0,8.0,4.0,6.0,4,6,12,4,4,10,11.0,8.0,4.0,4.0,5.0,9.0,5.0,7.0,14.0,3,11,12,1,4,7.0,8.0,5.0,8.0,8.0,8.0,10.0,7.0,4.0,1.0,11.0,7.0,10.0,3.0,-1.0,2.0,7.0,4.0,2.0,8.0,2.0,1.0,14.0,7.0,6.0,7.0,4.0,5.0,,3.0,4.0,14.0,17.0,15.0,1.0,8.0,12.0,4.0,,,2.0,5.0,16.0,4.0,8.0,7.0,,,,10.0,8.0,2.0,1.0,,,,3.0,3.0,8.0,,,,1.0,9.0,8.0,8.0,8.0,1.0,2.0,6.0,,-1.0,,,1.0,1.0,2.0,2.0,1.0,2.0,3.0,2.0,1.0,,,,,,,,,,,,,,,,,,,,,,,,,,,,,,,,,,,,,,,,,,,,,,,,,,,,,,,,,,,,,,,,,,,,,,,,,,,,,,,,,,,,,,,,,,,,,,,,,,,,,,,,,,,,,,,,,,,,,,,,,,,,,,,,,,,,,,,,,,,,,,,,,,,,,,,,,,,,,,,,,,,,,,,,,,,,,,,,,,,,,,,,,,,,,,,,,,,,,,,,,,,,,,,,,,,,,,,,,,,,,,,,,,,,,,,,,,,,,,,,,,,,,,,,,,,,,,,,,,,,,,,,,,,,,,,,,,,,,,,,,,,,,,,,,,,,,,,,,,,,,,,,,,,,,,,,,,,,,,,,,,,,,,,,,,,,,,,,,,,,,,,,,,,,,,,,,,,,,,,,,,,,,,,,,,,,,,,,,,,,,,,,,,,,,,,,,,,,,,,,,,,,,,,,,,,,,,,,,,,,,,,,,,,,,,,,,,,,,,,,,,,,,,,,,,,,,,,,,,,,,,,,,,,,,,,,,,,,,,,,,,,,,,,,,,,,,,,,,,,,,,,,,,,,,,,,,,,,,,,,,,,,,,,,,,,,,,,,,,,,,,,,,,,,,,,,,,,,,,,,,,,,,,,,
1845_kiepert,,4.0,6.0,2.0,4.0,,5.0,5.0,3.0,2.0,,4.0,7.0,1.0,1.0,2.0,,6.0,6.0,7.0,4.0,2.0,5.0,1.0,,1.0,3.0,9.0,14.0,9.0,4.0,1.0,,,3.0,3.0,5.0,14.0,14.0,5.0,3.0,8.0,7.0,,6.0,6.0,4.0,4.0,12.0,11.0,10,10.0,2.0,6.0,,,3.0,9.0,3.0,8.0,9,10,13,7,7,10,9.0,4.0,,,8.0,5.0,5.0,4.0,4.0,10,2,12,1,5,2.0,7.0,3.0,8.0,8.0,8.0,5.0,4.0,11.0,6.0,6.0,5.0,8.0,6.0,8.0,2.0,1.0,5.0,4.0,7.0,2.0,1.0,3.0,8.0,13.0,10.0,7.0,6.0,,12.0,3.0,2.0,16.0,2.0,12.0,12.0,3.0,6.0,,,3.0,10.0,4.0,2.0,2.0,2.0,,,,9.0,11.0,7.0,9.0,,,,9.0,3.0,8.0,,,,,9.0,8.0,10.0,7.0,-1.0,1.0,-1.0,,,,,,,,,,,,,,,,,,,,,,,,,,,,,,,,,,,,,,,,,,,,,,,,,,,,,,,,,,,,,,,,,,,,,,,,,,,,,,,,,,,,,,,,,,,,,,,,,,,,,,,,,,,,,,,,,,,,,,,,,,,,,,,,,,,,,,,,,,,,,,,,,,,,,,,,,,,,,,,,,,,,,,,,,,,,,,,,,,,,,,,,,,,,,,,,,,,,,,,,,,,,,,,,,,,,,,,,,,,,,,,,,,,,,,,,,,,,,,,,,,,,,,,,,,,,,,,,,,,,,,,,,,,,,,,,,,,,,,,,,,,,,,,,,,,,,,,,,,,,,,,,,,,,,,,,,,,,,,,,,,,,,,,,,,,,,,,,,,,,,,,,,,,,,,,,,,,,,,,,,,,,,,,,,,,,,,,,,,,,,,,,,,,,,,,,,,,,,,,,,,,,,,,,,,,,,,,,,,,,,,,,,,,,,,,,,,,,,,,,,,,,,,,,,,,,,,,,,,,,,,,,,,,,,,,,,,,,,,,,,,,,,,,,,,,,,,,,,,,,,,,,,,,,,,,,,,,,,,,,,,,,,,,,,,,,,,,,,,,,,,,,,,,,,,,,,,,,,,,,,,,,,,,,,,,,,,,,,,,,,
1845_tobler,,3.0,5.0,3.0,4.0,,1.0,2.0,2.0,6.0,,2.0,6.0,7.0,5.0,,,7.0,1.0,8.0,1.0,9.0,2.0,,2.0,7.0,-1.0,5.0,9.0,10.0,5.0,1.0,,,2.0,10.0,8.0,15.0,3.0,6.0,3.0,3.0,7.0,,1.0,3.0,-1.0,4.0,8.0,5.0,12,10.0,9.0,6.0,3.0,2.0,3.0,3.0,1.0,-1.0,6,1,6,12,3,10,9.0,6.0,3.0,4.0,8.0,5.0,5.0,6.0,4.0,2,2,2,7,6,2.0,7.0,1.0,8.0,2.0,1.0,1.0,1.0,1.0,2.0,6.0,11.0,9.0,6.0,8.0,2.0,1.0,-1.0,1.0,-1.0,-1.0,8.0,9.0,4.0,3.0,5.0,8.0,5.0,1.0,-1.0,2.0,-1.0,13.0,12.0,13.0,13.0,9.0,3.0,,,-1.0,-1.0,9.0,7.0,4.0,5.0,,,,-1.0,2.0,4.0,4.0,,,,-1.0,9.0,8.0,,,,,,,,,,,,,,,,,,,,,,,,,,,,,,,,,,,,,,,,,,,,,,,,,,,,,,,,,,,,,,,,,,,,,,,,,,,,,,,,,,,,,,,,,,,,,,,,,,,,,,,,,,,,,,,,,,,,,,,,,,,,,,,,,,,,,,,,,,,,,,,,,,,,,,,,,,,,,,,,,,,,,,,,,,,,,,,,,,,,,,,,,,,,,,,,,,,,,,,,,,,,,,,,,,,,,,,,,,,,,,,,,,,,,,,,,,,,,,,,,,,,,,,,,,,,,,,,,,,,,,,,,,,,,,,,,,,,,,,,,,,,,,,,,,,,,,,,,,,,,,,,,,,,,,,,,,,,,,,,,,,,,,,,,,,,,,,,,,,,,,,,,,,,,,,,,,,,,,,,,,,,,,,,,,,,,,,,,,,,,,,,,,,,,,,,,,,,,,,,,,,,,,,,,,,,,,,,,,,,,,,,,,,,,,,,,,,,,,,,,,,,,,,,,,,,,,,,,,,,,,,,,,,,,,,,,,,,,,,,,,,,,,,,,,,,,,,,,,,,,,,,,,,,,,,,,,,,,,,,,,,,,,,,,,,,,,,,,,,,,,,,,,,,,,,,,,,,,,,,,,,,,,,,,,,,,,,,,,,,,,,,,,,,,,,,
1845_williams,,,6.0,2.0,,,5.0,5.0,5.0,,,1.0,7.0,4.0,5.0,,,8.0,2.0,12.0,4.0,9.0,1.0,,5.0,1.0,3.0,9.0,12.0,8.0,4.0,,,,3.0,3.0,5.0,14.0,11.0,12.0,5.0,3.0,,,6.0,5.0,4.0,3.0,12.0,9.0,1,1.0,5.0,,,,3.0,9.0,5.0,7.0,1,12,1,2,9,3,6.0,5.0,,,8.0,5.0,2.0,-1.0,-1.0,12,10,12,1,9,8.0,5.0,3.0,8.0,8.0,9.0,10.0,15.0,11.0,11.0,5.0,7.0,8.0,10.0,5.0,6.0,1.0,5.0,2.0,6.0,7.0,14.0,3.0,3.0,13.0,11.0,7.0,6.0,,3.0,9.0,5.0,11.0,7.0,5.0,5.0,12.0,4.0,,,2.0,5.0,6.0,5.0,8.0,7.0,,,,10.0,8.0,2.0,1.0,,,,3.0,3.0,8.0,,,,,8.0,8.0,8.0,8.0,4.0,2.0,6.0,,,,,,,,,,,,,,,,,,,,,,,,,,,,,,,,,,,,,,,,,,,,,,,,,,,,,,,,,,,,,,,,,,,,,,,,,,,,,,,,,,,,,,,,,,,,,,,,,,,,,,,,,,,,,,,,,,,,,,,,,,,,,,,,,,,,,,,,,,,,,,,,,,,,,,,,,,,,,,,,,,,,,,,,,,,,,,,,,,,,,,,,,,,,,,,,,,,,,,,,,,,,,,,,,,,,,,,,,,,,,,,,,,,,,,,,,,,,,,,,,,,,,,,,,,,,,,,,,,,,,,,,,,,,,,,,,,,,,,,,,,,,,,,,,,,,,,,,,,,,,,,,,,,,,,,,,,,,,,,,,,,,,,,,,,,,,,,,,,,,,,,,,,,,,,,,,,,,,,,,,,,,,,,,,,,,,,,,,,,,,,,,,,,,,,,,,,,,,,,,,,,,,,,,,,,,,,,,,,,,,,,,,,,,,,,,,,,,,,,,,,,,,,,,,,,,,,,,,,,,,,,,,,,,,,,,,,,,,,,,,,,,,,,,,,,,,,,,,,,,,,,,,,,,,,,,,,,,,,,,,,,,,,,,,,,,,,,,,,,,,,,,,,,,,,,,,,,,,,,,,,,,,,,,,,,,,,,,,,,,,
1846_krafft,,2.0,4.0,5.0,2.0,,5.0,4.0,3.0,2.0,,4.0,7.0,1.0,1.0,2.0,,7.0,11.0,4.0,4.0,4.0,5.0,4.0,,1.0,1.0,7.0,14.0,9.0,8.0,6.0,,,5.0,3.0,9.0,14.0,10.0,11.0,5.0,4.0,7.0,,6.0,5.0,1.0,4.0,12.0,-1.0,2,1.0,5.0,6.0,3.0,,3.0,7.0,4.0,8.0,7,10,1,-1,5,10,9.0,5.0,1.0,,5.0,9.0,5.0,4.0,4.0,10,2,9,1,5,9.0,7.0,3.0,8.0,2.0,7.0,2.0,6.0,5.0,-1.0,6.0,5.0,3.0,5.0,8.0,2.0,1.0,8.0,4.0,8.0,3.0,1.0,1.0,8.0,13.0,6.0,7.0,5.0,,12.0,3.0,2.0,16.0,2.0,12.0,12.0,3.0,4.0,,,-1.0,4.0,4.0,2.0,2.0,2.0,,,,3.0,1.0,7.0,7.0,,,,9.0,9.0,8.0,,,,,8.0,8.0,10.0,7.0,1.0,1.0,-1.0,,,,,,,,,,,,,,,,,,,,,,,,,,,,,,,,,,,,,,,,,,,,,,,,,,,,,,,,,,,,,,,,,,,,,,,,,,,,,,,,,,,,,,,,,,,,,,,,,,,,,,,,,,,,,,,,,,,,,,,,,,,,,,,,,,,,,,,,,,,,,,,,,,,,,,,,,,,,,,,,,,,,,,,,,,,,,,,,,,,,,,,,,,,,,,,,,,,,,,,,,,,,,,,,,,,,,,,,,,,,,,,,,,,,,,,,,,,,,,,,,,,,,,,,,,,,,,,,,,,,,,,,,,,,,,,,,,,,,,,,,,,,,,,,,,,,,,,,,,,,,,,,,,,,,,,,,,,,,,,,,,,,,,,,,,,,,,,,,,,,,,,,,,,,,,,,,,,,,,,,,,,,,,,,,,,,,,,,,,,,,,,,,,,,,,,,,,,,,,,,,,,,,,,,,,,,,,,,,,,,,,,,,,,,,,,,,,,,,,,,,,,,,,,,,,,,,,,,,,,,,,,,,,,,,,,,,,,,,,,,,,,,,,,,,,,,,,,,,,,,,,,,,,,,,,,,,,,,,,,,,,,,,,,,,,,,,,,,,,,,,,,,,,,,,,,,,,,,,,,,,,,,,,,,,,,,,,,,,,,,,
1846_vandevelde,0.0,,0.0,3.0,4.0,,7.0,5.0,2.0,6.0,,3.0,7.0,7.0,4.0,4.0,,8.0,6.0,9.0,7.0,9.0,4.0,7.0,,5.0,10.0,15.0,13.0,12.0,6.0,3.0,3.0,,3.0,8.0,11.0,12.0,6.0,2.0,13.0,8.0,0.0,2.0,0.0,0.0,3.0,7.0,4.0,8.0,8,9.0,8.0,9.0,3.0,3.0,0.0,6.0,2.0,2.0,11,2,9,11,3,9,9.0,5.0,1.0,6.0,8.0,6.0,1.0,10.0,5.0,9,2,2,7,6,2.0,7.0,2.0,3.0,10.0,10.0,6.0,12.0,13.0,10.0,6.0,11.0,9.0,6.0,5.0,6.0,4.0,9.0,9.0,4.0,7.0,17.0,8.0,4.0,11.0,10.0,10.0,2.0,2.0,2.0,10.0,9.0,2.0,6.0,6.0,5.0,12.0,7.0,3.0,1.0,4.0,7.0,17.0,10.0,12.0,11.0,4.0,3.0,3.0,4.0,7.0,8.0,11.0,2.0,2.0,3.0,1.0,6.0,7.0,2.0,1.0,2.0,,6.0,4.0,5.0,6.0,5.0,4.0,7.0,,,,,,,,,,,,8.0,,,,,,,,,,,,,,,,,,,,,,,,,,,,,,,,,,,,,,,,,,,,,,,,,,,,,,,,,,,,,,,,,,,,,,,,,,,,,,,,,,,,,,,,,,,,,,,,,,,,,,,,,,,,,,,,,,,,,,,,,,,,,,,,,,,,,,,,,,,,,,,,,,,,,,,,,,,,,,,,,,,,,,,,,,,,,,,,,,,,,,,,,,,,,,,,,,,,,,,,,,,,,,,,,,,,,,,,,,,,,,,,,,,,,,,,,,,,,,,,,,,,,,,,,,,,,,,,,,,,,,,,,,,,,,,,,,,,,,,,,,,,,,,,,,,,,,,,,,,,,,,,,,,,,,,,,,,,,,,,,,,,,,,,,,,,,,,,,,,,,,,,,,,,,,,,,,,,,,,,,,,,,,,,,,,,,,,,,,,,,,,,,,,,,,,,,,,,,,,,,,,,,,,,,,,,,,,,,,,,,,,,,,,,,,,,,,,,,,,,,,,,,,,,,,,,,,,,,,,,,,,,,,,,,,,,,,,,,,,,,,,,,,,,,,,,,,,,,,,,,,,,,,,,,,,,,,,,,,,,,,,,,,,,,,,,,,,,,,,,,,,,,,,,,,,,,,,,,,,,,,,,,,,,,
1846_vandevelde_2,0.0,,5.0,3.0,4.0,,3.0,7.0,2.0,6.0,,7.0,3.0,6.0,4.0,4.0,,8.0,7.0,2.0,9.0,6.0,4.0,7.0,,5.0,10.0,15.0,13.0,12.0,4.0,3.0,2.0,,3.0,8.0,11.0,12.0,6.0,2.0,13.0,8.0,7.0,2.0,0.0,0.0,3.0,7.0,4.0,8.0,8,9.0,8.0,9.0,3.0,3.0,0.0,0.0,2.0,2.0,11,2,9,11,3,9,9.0,5.0,1.0,6.0,0.0,6.0,1.0,10.0,5.0,9,2,2,7,6,2.0,7.0,2.0,3.0,10.0,10.0,6.0,12.0,13.0,10.0,6.0,11.0,9.0,6.0,5.0,6.0,4.0,12.0,9.0,4.0,10.0,17.0,8.0,4.0,11.0,10.0,10.0,2.0,2.0,2.0,5.0,8.0,3.0,6.0,6.0,5.0,12.0,7.0,3.0,1.0,7.0,7.0,17.0,10.0,12.0,11.0,3.0,3.0,3.0,4.0,7.0,8.0,11.0,2.0,2.0,3.0,1.0,6.0,7.0,2.0,1.0,2.0,,6.0,4.0,5.0,6.0,5.0,4.0,7.0,,,,,,,,,,,,8.0,,,,,,,,,,,,,,,,,,,,,,,,,,,,,,,,,,,,,,,,,,,,,,,,,,,,,,,,,,,,,,,,,,,,,,,,,,,,,,,,,,,,,,,,,,,,,,,,,,,,,,,,,,,,,,,,,,,,,,,,,,,,,,,,,,,,,,,,,,,,,,,,,,,,,,,,,,,,,,,,,,,,,,,,,,,,,,,,,,,,,,,,,,,,,,,,,,,,,,,,,,,,,,,,,,,,,,,,,,,,,,,,,,,,,,,,,,,,,,,,,,,,,,,,,,,,,,,,,,,,,,,,,,,,,,,,,,,,,,,,,,,,,,,,,,,,,,,,,,,,,,,,,,,,,,,,,,,,,,,,,,,,,,,,,,,,,,,,,,,,,,,,,,,,,,,,,,,,,,,,,,,,,,,,,,,,,,,,,,,,,,,,,,,,,,,,,,,,,,,,,,,,,,,,,,,,,,,,,,,,,,,,,,,,,,,,,,,,,,,,,,,,,,,,,,,,,,,,,,,,,,,,,,,,,,,,,,,,,,,,,,,,,,,,,,,,,,,,,,,,,,,,,,,,,,,,,,,,,,,,,,,,,,,,,,,,,,,,,,,,,,,,,,,,,,,,,,,,,,,,,,,,,,,,,
1846_vandevelde_3,0.0,,0.0,0.0,0.0,,2.0,5.0,2.0,5.0,,3.0,7.0,4.0,4.0,5.0,,8.0,6.0,9.0,7.0,6.0,4.0,8.0,,5.0,10.0,15.0,13.0,12.0,6.0,3.0,2.0,,3.0,8.0,10.0,12.0,6.0,2.0,10.0,10.0,7.0,2.0,0.0,0.0,3.0,7.0,4.0,8.0,8,9.0,6.0,4.0,5.0,3.0,0.0,6.0,2.0,2.0,11,2,9,11,3,8,8.0,4.0,1.0,6.0,8.0,6.0,1.0,10.0,5.0,9,2,2,7,6,2.0,1.0,2.0,3.0,10.0,10.0,6.0,12.0,13.0,10.0,6.0,11.0,9.0,10.0,4.0,6.0,4.0,12.0,9.0,4.0,7.0,17.0,8.0,4.0,11.0,11.0,9.0,2.0,2.0,9.0,10.0,9.0,2.0,8.0,5.0,5.0,8.0,7.0,3.0,1.0,4.0,6.0,11.0,7.0,6.0,5.0,5.0,1.0,2.0,4.0,7.0,4.0,11.0,2.0,1.0,3.0,1.0,5.0,6.0,2.0,3.0,3.0,,6.0,6.0,5.0,6.0,5.0,4.0,7.0,,,,,,,,,,,,1.0,,,,,,,,,,,,,,,,,,,,,,,,,,,,,,,,,,,,,,,,,,,,,,,,,,,,,,,,,,,,,,,,,,,,,,,,,,,,,,,,,,,,,,,,,,,,,,,,,,,,,,,,,,,,,,,,,,,,,,,,,,,,,,,,,,,,,,,,,,,,,,,,,,,,,,,,,,,,,,,,,,,,,,,,,,,,,,,,,,,,,,,,,,,,,,,,,,,,,,,,,,,,,,,,,,,,,,,,,,,,,,,,,,,,,,,,,,,,,,,,,,,,,,,,,,,,,,,,,,,,,,,,,,,,,,,,,,,,,,,,,,,,,,,,,,,,,,,,,,,,,,,,,,,,,,,,,,,,,,,,,,,,,,,,,,,,,,,,,,,,,,,,,,,,,,,,,,,,,,,,,,,,,,,,,,,,,,,,,,,,,,,,,,,,,,,,,,,,,,,,,,,,,,,,,,,,,,,,,,,,,,,,,,,,,,,,,,,,,,,,,,,,,,,,,,,,,,,,,,,,,,,,,,,,,,,,,,,,,,,,,,,,,,,,,,,,,,,,,,,,,,,,,,,,,,,,,,,,,,,,,,,,,,,,,,,,,,,,,,,,,,,,,,,,,,,,,,,,,,,,,,,,,,,,,
1848_gadow,,,,,,,,,,,,,,,,,,,-1.0,-1.0,-1.0,11.0,8.0,,,-1.0,-1.0,-1.0,-1.0,2.0,3.0,,,,4.0,1.0,-1.0,2.0,-1.0,13.0,6.0,7.0,,,4.0,2.0,5.0,3.0,10.0,12.0,12,10.0,3.0,,,,,1.0,-1.0,1.0,3,-1,11,6,7,7,2.0,,,,-1.0,2.0,9.0,13.0,5.0,11,3,10,4,2,9.0,,,,,,,1.0,1.0,7.0,9.0,2.0,2.0,7.0,,,,,,,11.0,11.0,7.0,10.0,9.0,4.0,,,,,,,15.0,3.0,4.0,9.0,4.0,,,,,,,,,,,,,,,,,,,,,,,,,,,,,,,,,,,,,,,,,,,,,,,,,,,,,,,,,,,,,,,,,,,,,,,,,,,,,,,,,,,,,,,,,,,,,,,,,,,,,,,,,,,,,,,,,,,,,,,,,,,,,,,,,,,,,,,,,,,,,,,,,,,,,,,,,,,,,,,,,,,,,,,,,,,,,,,,,,,,,,,,,,,,,,,,,,,,,,,,,,,,,,,,,,,,,,,,,,,,,,,,,,,,,,,,,,,,,,,,,,,,,,,,,,,,,,,,,,,,,,,,,,,,,,,,,,,,,,,,,,,,,,,,,,,,,,,,,,,,,,,,,,,,,,,,,,,,,,,,,,,,,,,,,,,,,,,,,,,,,,,,,,,,,,,,,,,,,,,,,,,,,,,,,,,,,,,,,,,,,,,,,,,,,,,,,,,,,,,,,,,,,,,,,,,,,,,,,,,,,,,,,,,,,,,,,,,,,,,,,,,,,,,,,,,,,,,,,,,,,,,,,,,,,,,,,,,,,,,,,,,,,,,,,,,,,,,,,,,,,,,,,,,,,,,,,,,,,,,,,,,,,,,,,,,,,,,,,,,,,,,,,,,,,,,,,,,,,,,,,,,,,,,,,,,,,,,,,,,,,,,,,,,,,,,,,,,,,,,,,,,,,,,,,,,,,,
1851_unknown,,,,,,,,,,,,,,,,,,2.0,3.0,12.0,1.0,9.0,6.0,,,-1.0,2.0,10.0,8.0,14.0,10.0,7.0,,,6.0,10.0,5.0,5.0,4.0,10.0,9.0,5.0,1.0,,7.0,5.0,1.0,2.0,8.0,2.0,9,5.0,3.0,2.0,6.0,5.0,5.0,2.0,5.0,7.0,1,12,10,1,5,10,3.0,1.0,6.0,1.0,2.0,3.0,-1.0,2.0,1.0,1,9,9,1,4,3.0,5.0,6.0,2.0,,,,14.0,-1.0,8.0,9.0,5.0,3.0,8.0,1.0,3.0,3.0,,,,13.0,16.0,15.0,7.0,2.0,8.0,6.0,2.0,,,,,,10.0,7.0,6.0,9.0,2.0,,,,,,,,,,,,,,,,,,,,,,,,,,,,,,,,,,,,,,,,,,,,,,,,,,,,,,,,,,,,,,,,,,,,,,,,,,,,,,,,,,,,,,,,,,,,,,,,,,,,,,,,,,,,,,,,,,,,,,,,,,,,,,,,,,,,,,,,,,,,,,,,,,,,,,,,,,,,,,,,,,,,,,,,,,,,,,,,,,,,,,,,,,,,,,,,,,,,,,,,,,,,,,,,,,,,,,,,,,,,,,,,,,,,,,,,,,,,,,,,,,,,,,,,,,,,,,,,,,,,,,,,,,,,,,,,,,,,,,,,,,,,,,,,,,,,,,,,,,,,,,,,,,,,,,,,,,,,,,,,,,,,,,,,,,,,,,,,,,,,,,,,,,,,,,,,,,,,,,,,,,,,,,,,,,,,,,,,,,,,,,,,,,,,,,,,,,,,,,,,,,,,,,,,,,,,,,,,,,,,,,,,,,,,,,,,,,,,,,,,,,,,,,,,,,,,,,,,,,,,,,,,,,,,,,,,,,,,,,,,,,,,,,,,,,,,,,,,,,,,,,,,,,,,,,,,,,,,,,,,,,,,,,,,,,,,,,,,,,,,,,,,,,,,,,,,,,,,,,,,,,,,,,,,,,,,,,,,,,,,,,,,,,,,,,,,,,,,,,,,,,,,,,,,,,,,,
1852_lange,,4.0,4.0,5.0,3.0,,2.0,5.0,2.0,5.0,,3.0,7.0,4.0,5.0,7.0,,8.0,6.0,9.0,7.0,8.0,3.0,8.0,,5.0,10.0,4.0,15.0,14.0,7.0,3.0,5.0,,3.0,8.0,11.0,11.0,6.0,1.0,11.0,10.0,7.0,3.0,7.0,5.0,3.0,7.0,4.0,6.0,3,8.0,8.0,6.0,4.0,4.0,3.0,9.0,2.0,6.0,11,8,3,13,11,7,9.0,4.0,1.0,0.0,8.0,6.0,7.0,10.0,10.0,8,15,7,8,3,4.0,5.0,4.0,0.0,10.0,11.0,8.0,13.0,13.0,10.0,7.0,9.0,7.0,2.0,6.0,6.0,0.0,11.0,8.0,6.0,9.0,17.0,8.0,6.0,4.0,10.0,9.0,2.0,,6.0,8.0,4.0,1.0,9.0,6.0,5.0,11.0,6.0,,,9.0,14.0,14.0,3.0,3.0,7.0,,,,12.0,11.0,3.0,2.0,,,,5.0,6.0,5.0,,,,4.0,6.0,7.0,6.0,5.0,9.0,6.0,7.0,1.0,2.0,1.0,2.0,3.0,3.0,1.0,1.0,3.0,4.0,2.0,,,,,,,,,,,,,,,,,,,,,,,,,,,,,,,,,,,,,,,,,,,,,,,,,,,,,,,,,,,,,,,,,,,,,,,,,,,,,,,,,,,,,,,,,,,,,,,,,,,,,,,,,,,,,,,,,,,,,,,,,,,,,,,,,,,,,,,,,,,,,,,,,,,,,,,,,,,,,,,,,,,,,,,,,,,,,,,,,,,,,,,,,,,,,,,,,,,,,,,,,,,,,,,,,,,,,,,,,,,,,,,,,,,,,,,,,,,,,,,,,,,,,,,,,,,,,,,,,,,,,,,,,,,,,,,,,,,,,,,,,,,,,,,,,,,,,,,,,,,,,,,,,,,,,,,,,,,,,,,,,,,,,,,,,,,,,,,,,,,,,,,,,,,,,,,,,,,,,,,,,,,,,,,,,,,,,,,,,,,,,,,,,,,,,,,,,,,,,,,,,,,,,,,,,,,,,,,,,,,,,,,,,,,,,,,,,,,,,,,,,,,,,,,,,,,,,,,,,,,,,,,,,,,,,,,,,,,,,,,,,,,,,,,,,,,,,,,,,,,,,,,,,,,,,,,,,,,,,,,,,,,,,,,,,,,,,,,,,,,,,,,,,,,,,,,,,,,,,,,,,,,,,,,,,,
1852_vandevelde,5.0,1.0,1.0,4.0,3.0,2.0,1.0,2.0,2.0,5.0,2.0,3.0,7.0,4.0,5.0,7.0,4.0,9.0,7.0,9.0,1.0,8.0,3.0,7.0,5.0,5.0,4.0,4.0,9.0,13.0,6.0,2.0,,1.0,3.0,8.0,12.0,9.0,13.0,9.0,8.0,3.0,6.0,,7.0,5.0,3.0,8.0,4.0,12.0,6,12.0,9.0,3.0,4.0,,3.0,6.0,3.0,2.0,10,5,8,14,11,7,9.0,3.0,7.0,,8.0,6.0,7.0,10.0,10.0,9,6,7,8,3,4.0,6.0,5.0,2.0,10.0,11.0,6.0,13.0,13.0,10.0,7.0,9.0,7.0,2.0,2.0,4.0,5.0,12.0,7.0,3.0,7.0,13.0,12.0,6.0,7.0,10.0,5.0,4.0,2.0,8.0,9.0,5.0,1.0,8.0,9.0,11.0,6.0,5.0,2.0,1.0,4.0,13.0,12.0,7.0,7.0,8.0,4.0,3.0,2.0,11.0,10.0,6.0,10.0,3.0,2.0,2.0,5.0,4.0,8.0,4.0,2.0,4.0,,6.0,4.0,5.0,5.0,4.0,6.0,8.0,,,,,,,,,,,,5.0,,,,,,,,,,,,,,,,,,,,,,,,,,,,,,,,,,,,,,,,,,,,,,,,,,,,,,,,,,,,,,,,,,,,,,,,,,,,,,,,,,,,,,,,,,,,,,,,,,,,,,,,,,,,,,,,,,,,,,,,,,,,,,,,,,,,,,,,,,,,,,,,,,,,,,,,,,,,,,,,,,,,,,,,,,,,,,,,,,,,,,,,,,,,,,,,,,,,,,,,,,,,,,,,,,,,,,,,,,,,,,,,,,,,,,,,,,,,,,,,,,,,,,,,,,,,,,,,,,,,,,,,,,,,,,,,,,,,,,,,,,,,,,,,,,,,,,,,,,,,,,,,,,,,,,,,,,,,,,,,,,,,,,,,,,,,,,,,,,,,,,,,,,,,,,,,,,,,,,,,,,,,,,,,,,,,,,,,,,,,,,,,,,,,,,,,,,,,,,,,,,,,,,,,,,,,,,,,,,,,,,,,,,,,,,,,,,,,,,,,,,,,,,,,,,,,,,,,,,,,,,,,,,,,,,,,,,,,,,,,,,,,,,,,,,,,,,,,,,,,,,,,,,,,,,,,,,,,,,,,,,,,,,,,,,,,,,,,,,,,,,,,,,,,,,,,,,,,,,,,,,,,,,,,,
1852_vandevelde_2,5.0,1.0,1.0,4.0,3.0,2.0,1.0,2.0,2.0,5.0,2.0,3.0,7.0,4.0,5.0,7.0,4.0,9.0,7.0,9.0,1.0,8.0,3.0,7.0,5.0,5.0,4.0,4.0,9.0,13.0,6.0,2.0,4.0,1.0,3.0,8.0,12.0,9.0,13.0,9.0,8.0,3.0,-1.0,-1.0,0.0,5.0,3.0,8.0,4.0,12.0,6,12.0,9.0,3.0,4.0,5.0,0.0,0.0,3.0,2.0,10,5,8,14,11,7,9.0,3.0,7.0,2.0,8.0,6.0,7.0,10.0,10.0,9,6,7,8,3,4.0,6.0,5.0,2.0,10.0,11.0,6.0,13.0,13.0,10.0,7.0,9.0,7.0,2.0,2.0,4.0,5.0,12.0,7.0,3.0,7.0,13.0,12.0,6.0,7.0,10.0,5.0,4.0,2.0,8.0,9.0,5.0,1.0,8.0,9.0,11.0,6.0,5.0,2.0,1.0,5.0,13.0,12.0,7.0,7.0,8.0,4.0,3.0,2.0,11.0,10.0,6.0,10.0,3.0,2.0,2.0,5.0,4.0,8.0,4.0,2.0,4.0,,,,,,,,,,,,,,,,,,,,,,,,,,,,,,,,,,,,,,,,,,,,,,,,,,,,,,,,,,,,,,,,,,,,,,,,,,,,,,,,,,,,,,,,,,,,,,,,,,,,,,,,,,,,,,,,,,,,,,,,,,,,,,,,,,,,,,,,,,,,,,,,,,,,,,,,,,,,,,,,,,,,,,,,,,,,,,,,,,,,,,,,,,,,,,,,,,,,,,,,,,,,,,,,,,,,,,,,,,,,,,,,,,,,,,,,,,,,,,,,,,,,,,,,,,,,,,,,,,,,,,,,,,,,,,,,,,,,,,,,,,,,,,,,,,,,,,,,,,,,,,,,,,,,,,,,,,,,,,,,,,,,,,,,,,,,,,,,,,,,,,,,,,,,,,,,,,,,,,,,,,,,,,,,,,,,,,,,,,,,,,,,,,,,,,,,,,,,,,,,,,,,,,,,,,,,,,,,,,,,,,,,,,,,,,,,,,,,,,,,,,,,,,,,,,,,,,,,,,,,,,,,,,,,,,,,,,,,,,,,,,,,,,,,,,,,,,,,,,,,,,,,,,,,,,,,,,,,,,,,,,,,,,,,,,,,,,,,,,,,,,,,,,,,,,,,,,,,,,,,,,,,,,,,,,,,,,,,,,,,,,,,,,,,,
1853_zimpel,3.0,4.0,4.0,5.0,3.0,,3.0,2.0,2.0,6.0,2.0,3.0,1.0,4.0,5.0,6.0,,9.0,7.0,11.0,9.0,1.0,4.0,8.0,5.0,5.0,9.0,8.0,13.0,11.0,7.0,3.0,3.0,,3.0,9.0,10.0,15.0,6.0,3.0,13.0,9.0,4.0,3.0,7.0,5.0,2.0,3.0,11.0,6.0,3,3.0,5.0,8.0,4.0,4.0,0.0,0.0,2.0,4.0,11,8,3,13,11,7,9.0,5.0,1.0,2.0,8.0,6.0,1.0,10.0,10.0,8,15,7,8,3,2.0,5.0,7.0,2.0,10.0,10.0,6.0,13.0,13.0,10.0,7.0,9.0,9.0,10.0,5.0,4.0,2.0,12.0,8.0,4.0,7.0,14.0,9.0,6.0,3.0,11.0,7.0,6.0,,1.0,6.0,5.0,9.0,-1.0,-1.0,-1.0,11.0,4.0,,,7.0,6.0,10.0,12.0,-1.0,1.0,,,,4.0,3.0,-1.0,-1.0,,,,2.0,8.0,7.0,,,,,6.0,6.0,6.0,6.0,9.0,5.0,3.0,,,,,,,,,,,,3.0,,,,,,,,,,,,,,,,,,,,,,,,,,,,,,,,,,,,,,,,,,,,,,,,,,,,,,,,,,,,,,,,,,,,,,,,,,,,,,,,,,,,,,,,,,,,,,,,,,,,,,,,,,,,,,,,,,,,,,,,,,,,,,,,,,,,,,,,,,,,,,,,,,,,,,,,,,,,,,,,,,,,,,,,,,,,,,,,,,,,,,,,,,,,,,,,,,,,,,,,,,,,,,,,,,,,,,,,,,,,,,,,,,,,,,,,,,,,,,,,,,,,,,,,,,,,,,,,,,,,,,,,,,,,,,,,,,,,,,,,,,,,,,,,,,,,,,,,,,,,,,,,,,,,,,,,,,,,,,,,,,,,,,,,,,,,,,,,,,,,,,,,,,,,,,,,,,,,,,,,,,,,,,,,,,,,,,,,,,,,,,,,,,,,,,,,,,,,,,,,,,,,,,,,,,,,,,,,,,,,,,,,,,,,,,,,,,,,,,,,,,,,,,,,,,,,,,,,,,,,,,,,,,,,,,,,,,,,,,,,,,,,,,,,,,,,,,,,,,,,,,,,,,,,,,,,,,,,,,,,,,,,,,,,,,,,,,,,,,,,,,,,,,,,,,,,,,,,,,,,,,,,,,,,,
1854_coleman,,,,,,,,,,,,3.0,7.0,7.0,4.0,4.0,,8.0,6.0,9.0,7.0,6.0,4.0,,,5.0,10.0,15.0,13.0,12.0,6.0,3.0,,,,8.0,12.0,12.0,6.0,2.0,11.0,10.0,,,,,3.0,7.0,4.0,6.0,3,8.0,8.0,,,,,,,2.0,11,8,3,13,11,7,9.0,,,,,,,10.0,10.0,8,15,7,8,3,2.0,,,,,,12.0,13.0,13.0,10.0,7.0,9.0,9.0,4.0,,,,,,,7.0,17.0,8.0,6.0,3.0,11.0,,,,,,,3.0,9.0,6.0,5.0,11.0,,,,,,,,,,,,,,,,,,,,,,,,,,,,,,,,,,,,,,,,,,,,,,,,,,,,,,,,,,,,,,,,,,,,,,,,,,,,,,,,,,,,,,,,,,,,,,,,,,,,,,,,,,,,,,,,,,,,,,,,,,,,,,,,,,,,,,,,,,,,,,,,,,,,,,,,,,,,,,,,,,,,,,,,,,,,,,,,,,,,,,,,,,,,,,,,,,,,,,,,,,,,,,,,,,,,,,,,,,,,,,,,,,,,,,,,,,,,,,,,,,,,,,,,,,,,,,,,,,,,,,,,,,,,,,,,,,,,,,,,,,,,,,,,,,,,,,,,,,,,,,,,,,,,,,,,,,,,,,,,,,,,,,,,,,,,,,,,,,,,,,,,,,,,,,,,,,,,,,,,,,,,,,,,,,,,,,,,,,,,,,,,,,,,,,,,,,,,,,,,,,,,,,,,,,,,,,,,,,,,,,,,,,,,,,,,,,,,,,,,,,,,,,,,,,,,,,,,,,,,,,,,,,,,,,,,,,,,,,,,,,,,,,,,,,,,,,,,,,,,,,,,,,,,,,,,,,,,,,,,,,,,,,,,,,,,,,,,,,,,,,,,,,,,,,,,,,,,,,,,,,,,,,,,,,,,,,,,,,,,,,,,,,,,,,,,,,,,,,,,,,,,,,,,,,,,,,
1854_unknown,,0.0,6.0,2.0,4.0,,5.0,5.0,3.0,2.0,,4.0,7.0,1.0,3.0,2.0,,6.0,2.0,12.0,4.0,4.0,5.0,1.0,5.0,1.0,3.0,9.0,12.0,9.0,2.0,1.0,2.0,,3.0,2.0,5.0,4.0,3.0,4.0,2.0,6.0,4.0,2.0,6.0,6.0,4.0,4.0,3.0,15.0,12,5.0,1.0,7.0,6.0,2.0,3.0,7.0,4.0,8.0,9,6,7,6,5,2,2.0,4.0,1.0,4.0,5.0,9.0,5.0,4.0,14.0,3,2,3,1,6,2.0,7.0,3.0,2.0,8.0,8.0,10.0,15.0,11.0,6.0,6.0,7.0,8.0,5.0,7.0,4.0,1.0,4.0,2.0,7.0,9.0,4.0,1.0,8.0,13.0,6.0,7.0,6.0,,4.0,1.0,3.0,10.0,15.0,1.0,3.0,3.0,4.0,,,5.0,5.0,7.0,11.0,3.0,10.0,,,,7.0,8.0,2.0,1.0,,,,8.0,3.0,8.0,,,,,8.0,8.0,10.0,6.0,5.0,6.0,6.0,,,,,,,,,,,,4.0,,,,,,,,,,,,,,,,,,,,,,,,,,,,,,,,,,,,,,,,,,,,,,,,,,,,,,,,,,,,,,,,,,,,,,,,,,,,,,,,,,,,,,,,,,,,,,,,,,,,,,,,,,,,,,,,,,,,,,,,,,,,,,,,,,,,,,,,,,,,,,,,,,,,,,,,,,,,,,,,,,,,,,,,,,,,,,,,,,,,,,,,,,,,,,,,,,,,,,,,,,,,,,,,,,,,,,,,,,,,,,,,,,,,,,,,,,,,,,,,,,,,,,,,,,,,,,,,,,,,,,,,,,,,,,,,,,,,,,,,,,,,,,,,,,,,,,,,,,,,,,,,,,,,,,,,,,,,,,,,,,,,,,,,,,,,,,,,,,,,,,,,,,,,,,,,,,,,,,,,,,,,,,,,,,,,,,,,,,,,,,,,,,,,,,,,,,,,,,,,,,,,,,,,,,,,,,,,,,,,,,,,,,,,,,,,,,,,,,,,,,,,,,,,,,,,,,,,,,,,,,,,,,,,,,,,,,,,,,,,,,,,,,,,,,,,,,,,,,,,,,,,,,,,,,,,,,,,,,,,,,,,,,,,,,,,,,,,,,,,,,,,,,,,,,,,,,,,,,,,,,,,,,,,,
1854_unknown_2,,4.0,6.0,2.0,4.0,,5.0,5.0,5.0,2.0,,4.0,7.0,7.0,1.0,2.0,,6.0,6.0,7.0,4.0,2.0,5.0,1.0,5.0,1.0,3.0,2.0,3.0,1.0,4.0,1.0,2.0,,3.0,3.0,7.0,10.0,14.0,7.0,3.0,8.0,4.0,2.0,6.0,6.0,4.0,3.0,12.0,11.0,10,10.0,2.0,6.0,3.0,2.0,3.0,7.0,4.0,8.0,9,10,13,7,7,10,5.0,6.0,2.0,4.0,5.0,9.0,5.0,4.0,14.0,3,11,11,1,5,2.0,7.0,3.0,8.0,8.0,8.0,5.0,15.0,7.0,9.0,4.0,5.0,8.0,5.0,8.0,2.0,1.0,4.0,2.0,7.0,1.0,3.0,2.0,8.0,13.0,6.0,7.0,6.0,,4.0,4.0,1.0,9.0,12.0,12.0,3.0,3.0,4.0,,,2.0,5.0,5.0,11.0,4.0,10.0,,,,3.0,1.0,4.0,9.0,,,,8.0,9.0,8.0,,,,,8.0,8.0,8.0,8.0,4.0,2.0,6.0,,,,,,,,,,,,,,,,,,,,,,,,,,,,,,,,,,,,,,,,,,,,,,,,,,,,,,,,,,,,,,,,,,,,,,,,,,,,,,,,,,,,,,,,,,,,,,,,,,,,,,,,,,,,,,,,,,,,,,,,,,,,,,,,,,,,,,,,,,,,,,,,,,,,,,,,,,,,,,,,,,,,,,,,,,,,,,,,,,,,,,,,,,,,,,,,,,,,,,,,,,,,,,,,,,,,,,,,,,,,,,,,,,,,,,,,,,,,,,,,,,,,,,,,,,,,,,,,,,,,,,,,,,,,,,,,,,,,,,,,,,,,,,,,,,,,,,,,,,,,,,,,,,,,,,,,,,,,,,,,,,,,,,,,,,,,,,,,,,,,,,,,,,,,,,,,,,,,,,,,,,,,,,,,,,,,,,,,,,,,,,,,,,,,,,,,,,,,,,,,,,,,,,,,,,,,,,,,,,,,,,,,,,,,,,,,,,,,,,,,,,,,,,,,,,,,,,,,,,,,,,,,,,,,,,,,,,,,,,,,,,,,,,,,,,,,,,,,,,,,,,,,,,,,,,,,,,,,,,,,,,,,,,,,,,,,,,,,,,,,,,,,,,,,,,,,,,,,,,,,,,,,,,,,,,,,,,,,,,,,,
1855_pierotti,,4.0,6.0,2.0,4.0,,5.0,5.0,2.0,4.0,,4.0,7.0,7.0,6.0,8.0,,6.0,7.0,7.0,8.0,1.0,2.0,,,4.0,7.0,13.0,12.0,11.0,5.0,4.0,,,,6.0,6.0,15.0,5.0,1.0,13.0,8.0,,,,,8.0,4.0,6.0,4.0,9,7.0,8.0,,,,,,,4.0,6,5,9,12,3,9,9.0,5.0,,,,,,9.0,2.0,2,8,4,7,6,2.0,5.0,3.0,,,,8.0,8.0,8.0,13.0,8.0,7.0,9.0,10.0,6.0,6.0,1.0,,,5.0,12.0,12.0,13.0,6.0,5.0,6.0,10.0,6.0,2.0,,7.0,12.0,6.0,8.0,8.0,7.0,10.0,6.0,2.0,1.0,-1.0,2.0,3.0,5.0,8.0,9.0,3.0,1.0,3.0,1.0,4.0,-1.0,5.0,4.0,3.0,3.0,7.0,1.0,-1.0,-1.0,-1.0,5.0,,,,,,,-1.0,,,,,,,,,,,,,,,,,,,,,,,,,,,,,,,,,,,,,,,,,,,,,,,,,,,,,,,,,,,,,,,,,,,,,,,,,,,,,,,,,,,,,,,,,,,,,,,,,,,,,,,,,,,,,,,,,,,,,,,,,,,,,,,,,,,,,,,,,,,,,,,,,,,,,,,,,,,,,,,,,,,,,,,,,,,,,,,,,,,,,,,,,,,,,,,,,,,,,,,,,,,,,,,,,,,,,,,,,,,,,,,,,,,,,,,,,,,,,,,,,,,,,,,,,,,,,,,,,,,,,,,,,,,,,,,,,,,,,,,,,,,,,,,,,,,,,,,,,,,,,,,,,,,,,,,,,,,,,,,,,,,,,,,,,,,,,,,,,,,,,,,,,,,,,,,,,,,,,,,,,,,,,,,,,,,,,,,,,,,,,,,,,,,,,,,,,,,,,,,,,,,,,,,,,,,,,,,,,,,,,,,,,,,,,,,,,,,,,,,,,,,,,,,,,,,,,,,,,,,,,,,,,,,,,,,,,,,,,,,,,,,,,,,,,,,,,,,,,,,,,,,,,,,,,,,,,,,,,,,,,,,,,,,,,,,,,,,,,,,,,,,,,,,,,,,,,,,,,,,,,,,,,,,,,,,,,,,,,,,,,,
1855_thrupp,,,4.0,5.0,,,2.0,5.0,5.0,,,3.0,7.0,5.0,6.0,,,8.0,6.0,7.0,7.0,9.0,6.0,,5.0,5.0,10.0,4.0,6.0,14.0,10.0,,,,3.0,8.0,11.0,11.0,8.0,7.0,10.0,8.0,,,7.0,5.0,3.0,7.0,4.0,5.0,4,7.0,8.0,,,,3.0,9.0,3.0,2.0,6,2,9,6,7,9,9.0,2.0,,,8.0,6.0,7.0,10.0,10.0,9,6,3,6,6,3.0,2.0,1.0,8.0,10.0,11.0,6.0,13.0,13.0,-1.0,-1.0,8.0,9.0,4.0,3.0,5.0,5.0,12.0,8.0,4.0,9.0,15.0,15.0,2.0,2.0,5.0,3.0,2.0,,7.0,5.0,7.0,3.0,10.0,11.0,6.0,9.0,2.0,,,7.0,14.0,14.0,4.0,8.0,9.0,,,,10.0,9.0,3.0,1.0,,,,5.0,4.0,8.0,,,,,6.0,4.0,6.0,4.0,5.0,6.0,8.0,,,,,,,,,,,,,,,,,,,,,,,,,,,,,,,,,,,,,,,,,,,,,,,,,,,,,,,,,,,,,,,,,,,,,,,,,,,,,,,,,,,,,,,,,,,,,,,,,,,,,,,,,,,,,,,,,,,,,,,,,,,,,,,,,,,,,,,,,,,,,,,,,,,,,,,,,,,,,,,,,,,,,,,,,,,,,,,,,,,,,,,,,,,,,,,,,,,,,,,,,,,,,,,,,,,,,,,,,,,,,,,,,,,,,,,,,,,,,,,,,,,,,,,,,,,,,,,,,,,,,,,,,,,,,,,,,,,,,,,,,,,,,,,,,,,,,,,,,,,,,,,,,,,,,,,,,,,,,,,,,,,,,,,,,,,,,,,,,,,,,,,,,,,,,,,,,,,,,,,,,,,,,,,,,,,,,,,,,,,,,,,,,,,,,,,,,,,,,,,,,,,,,,,,,,,,,,,,,,,,,,,,,,,,,,,,,,,,,,,,,,,,,,,,,,,,,,,,,,,,,,,,,,,,,,,,,,,,,,,,,,,,,,,,,,,,,,,,,,,,,,,,,,,,,,,,,,,,,,,,,,,,,,,,,,,,,,,,,,,,,,,,,,,,,,,,,,,,,,,,,,,,,,,,,,,,,,,,,,,,,
1856_barclay,,,,,,,,,,,,3.0,7.0,5.0,6.0,8.0,,8.0,6.0,7.0,8.0,1.0,2.0,6.0,5.0,1.0,10.0,13.0,15.0,11.0,5.0,3.0,0.0,1.0,3.0,9.0,10.0,13.0,6.0,3.0,13.0,9.0,6.0,3.0,7.0,5.0,3.0,7.0,6.0,4.0,9,0.0,8.0,0.0,4.0,4.0,0.0,6.0,3.0,2.0,10,1,9,14,3,0,5.0,5.0,1.0,0.0,0.0,6.0,7.0,6.0,2.0,2,8,4,7,0,2.0,3.0,4.0,0.0,10.0,10.0,8.0,8.0,8.0,13.0,8.0,10.0,9.0,6.0,0.0,0.0,2.0,12.0,8.0,5.0,12.0,12.0,13.0,6.0,5.0,11.0,10.0,0.0,0.0,7.0,6.0,7.0,5.0,7.0,8.0,7.0,12.0,6.0,0.0,0.0,0.0,13.0,14.0,5.0,8.0,9.0,3.0,3.0,0.0,11.0,0.0,4.0,0.0,,,,5.0,4.0,3.0,,,,,6.0,6.0,5.0,0.0,0.0,0.0,0.0,,,,,,,,,,,,5.0,,3.0,3.0,0.0,0.0,0.0,0.0,0.0,0.0,0.0,,,,,,,,,,,,,,,,,,,,,,,,,,,,,,,,,,,,,,,,,,,,,,,,,,,,,,,,,,,,,,,,,,,,,,,,,,,,,,,,,,,,,,,,,,,,,,,,,,,,,,,,,,,,,,,,,,,,,,,,,,,,,,,,,,,,,,,,,,,,,,,,,,,,,,,,,,,,,,,,,,,,,,,,,,,,,,,,,,,,,,,,,,,,,,,,,,,,,,,,,,,,,,,,,,,,,,,,,,,,,,,,,,,,,,,,,,,,,,,,,,,,,,,,,,,,,,,,,,,,,,,,,,,,,,,,,,,,,,,,,,,,,,,,,,,,,,,,,,,,,,,,,,,,,,,,,,,,,,,,,,,,,,,,,,,,,,,,,,,,,,,,,,,,,,,,,,,,,,,,,,,,,,,,,,,,,,,,,,,,,,,,,,,,,,,,,,,,,,,,,,,,,,,,,,,,,,,,,,,,,,,,,,,,,,,,,,,,,,,,,,,,,,,,,,,,,,,,,,,,,,,,,,,,,,,,,,,,,,,,,,,,,,,,,,,,,,,,,,,,,,,,,,,,,,,,,,,,,,,,,,,,,,,,,,,,,,,,,,,,,,,,,,,,,,,,,,,,,,,
1856_kiepert,2.0,,3.0,2.0,2.0,,7.0,4.0,3.0,2.0,,2.0,6.0,1.0,3.0,2.0,,8.0,7.0,8.0,7.0,8.0,5.0,4.0,,5.0,10.0,15.0,13.0,14.0,7.0,2.0,,,5.0,8.0,10.0,12.0,6.0,3.0,12.0,3.0,7.0,,6.0,5.0,3.0,8.0,4.0,6.0,3,7.0,9.0,3.0,4.0,,3.0,9.0,4.0,6.0,10,8,3,13,11,7,7.0,4.0,1.0,,8.0,5.0,5.0,11.0,10.0,8,15,7,8,4,9.0,7.0,3.0,8.0,9.0,9.0,7.0,13.0,13.0,10.0,7.0,9.0,6.0,2.0,6.0,4.0,1.0,5.0,8.0,6.0,7.0,17.0,8.0,6.0,8.0,5.0,10.0,6.0,,5.0,1.0,5.0,1.0,9.0,6.0,10.0,11.0,6.0,,,3.0,5.0,6.0,3.0,3.0,6.0,,,,3.0,8.0,6.0,9.0,,,,9.0,9.0,8.0,,,,,3.0,7.0,9.0,7.0,1.0,1.0,6.0,,,,,,,,,,,,,,,,,,,,,,,,,,,,,,,,,,,,,,,,,,,,,,,,,,,,,,,,,,,,,,,,,,,,,,,,,,,,,,,,,,,,,,,,,,,,,,,,,,,,,,,,,,,,,,,,,,,,,,,,,,,,,,,,,,,,,,,,,,,,,,,,,,,,,,,,,,,,,,,,,,,,,,,,,,,,,,,,,,,,,,,,,,,,,,,,,,,,,,,,,,,,,,,,,,,,,,,,,,,,,,,,,,,,,,,,,,,,,,,,,,,,,,,,,,,,,,,,,,,,,,,,,,,,,,,,,,,,,,,,,,,,,,,,,,,,,,,,,,,,,,,,,,,,,,,,,,,,,,,,,,,,,,,,,,,,,,,,,,,,,,,,,,,,,,,,,,,,,,,,,,,,,,,,,,,,,,,,,,,,,,,,,,,,,,,,,,,,,,,,,,,,,,,,,,,,,,,,,,,,,,,,,,,,,,,,,,,,,,,,,,,,,,,,,,,,,,,,,,,,,,,,,,,,,,,,,,,,,,,,,,,,,,,,,,,,,,,,,,,,,,,,,,,,,,,,,,,,,,,,,,,,,,,,,,,,,,,,,,,,,,,,,,,,,,,,,,,,,,,,,,,,,,,,,,,,,,,,,,,,,
1856_stanley,,3.0,2.0,3.0,4.0,,3.0,6.0,2.0,6.0,,7.0,1.0,4.0,5.0,1.0,,,5.0,11.0,1.0,9.0,6.0,2.0,,5.0,8.0,12.0,8.0,14.0,10.0,7.0,6.0,,7.0,9.0,11.0,5.0,5.0,10.0,9.0,5.0,1.0,,,2.0,2.0,7.0,4.0,4.0,9,6.0,3.0,2.0,,,,5.0,6.0,4.0,6,2,9,12,4,10,3.0,,,,,10.0,4.0,12.0,2.0,13,8,4,9,6,,,,,,,,,,,,,,,,,,,,,,,,,,,,,,,,,,,,,,,,,,,,,,,,,,,,,,,,,,,,,,,1.0,,,,,,,,,1.0,2.0,3.0,1.0,1.0,2.0,,,,,,,,,,,,,,,,2.0,1.0,,,,,,,,,,,,,,,,,,,,,,,,,,,,,,,,,,,,,,,,,,,,,,,,,,,,,,,,,,,,,,,,,,,,,,,,,,,,,,,,,,,,,,,,,,,,,,,,,,,,,,,,,,,,,,,,,,,,,,,,,,,,,,,,,,,,,,,,,,,,,,,,,,,,,,,,,,,,,,,,,,,,,,,,,,,,,,,,,,,,,,,,,,,,,,,,,,,,,,,,,,,,,,,,,,,,,,,,,,,,,,,,,,,,,,,,,,,,,,,,,,,,,,,,,,,,,,,,,,,,,,,,,,,,,,,,,,,,,,,,,,,,,,,,,,,,,,,,,,,,,,,,,,,,,,,,,,,,,,,,,,,,,,,,,,,,,,,,,,,,,,,,,,,,,,,,,,,,,,,,,,,,,,,,,,,,,,,,,,,,,,,,,,,,,,,,,,,,,,,,,,,,,,,,,,,,,,,,,,,,,,,,,,,,,,,,,,,,,,,,,,,,,,,,,,,,,,,,,,,,,,,,,,,,,,,,,,,,,,,,,,,,,,,,,,,,,,,,,,,,,,,,,,,,,,,,,,,,,,,,,,,,,,,,,,,,,,,,,,,,,,,,,,,,,,,,,,,,,
1856_unknown,,,,,,,,,,,,,,,,,,8.0,6.0,7.0,8.0,1.0,2.0,5.0,,5.0,9.0,15.0,13.0,12.0,6.0,1.0,,,,8.0,10.0,12.0,6.0,2.0,13.0,3.0,,,,,3.0,8.0,4.0,8.0,9,8.0,2.0,,,,,,,2.0,10,8,14,12,1,6,8.0,,,,,,,10.0,10.0,8,6,2,8,3,5.0,,,,,,8.0,13.0,13.0,10.0,7.0,9.0,9.0,4.0,,,,,,6.0,7.0,17.0,8.0,6.0,3.0,11.0,,,,,1.0,5.0,11.0,9.0,6.0,5.0,8.0,,,,6.0,13.0,12.0,3.0,3.0,11.0,,,,11.0,5.0,6.0,10.0,,,,5.0,2.0,5.0,,,,,,,,,,5.0,,,,,,,,,,,,,,,,,,,,,,,,,,,,,,,,,,,,,,,,,,,,,,,,,,,,,,,,,,,,,,,,,,,,,,,,,,,,,,,,,,,,,,,,,,,,,,,,,,,,,,,,,,,,,,,,,,,,,,,,,,,,,,,,,,,,,,,,,,,,,,,,,,,,,,,,,,,,,,,,,,,,,,,,,,,,,,,,,,,,,,,,,,,,,,,,,,,,,,,,,,,,,,,,,,,,,,,,,,,,,,,,,,,,,,,,,,,,,,,,,,,,,,,,,,,,,,,,,,,,,,,,,,,,,,,,,,,,,,,,,,,,,,,,,,,,,,,,,,,,,,,,,,,,,,,,,,,,,,,,,,,,,,,,,,,,,,,,,,,,,,,,,,,,,,,,,,,,,,,,,,,,,,,,,,,,,,,,,,,,,,,,,,,,,,,,,,,,,,,,,,,,,,,,,,,,,,,,,,,,,,,,,,,,,,,,,,,,,,,,,,,,,,,,,,,,,,,,,,,,,,,,,,,,,,,,,,,,,,,,,,,,,,,,,,,,,,,,,,,,,,,,,,,,,,,,,,,,,,,,,,,,,,,,,,,,,,,,,,,,,,,,,,,,,,,,,,,,,,,,,,,,,,,,,,,,,,,,,,,,,,
1856_unknown_2,,,,,,,,,,,,,,3.0,3.0,2.0,,2.0,3.0,12.0,1.0,11.0,5.0,1.0,,9.0,2.0,10.0,8.0,9.0,2.0,1.0,3.0,,3.0,2.0,5.0,5.0,4.0,6.0,2.0,6.0,7.0,2.0,7.0,5.0,4.0,4.0,11.0,15.0,12,5.0,1.0,6.0,3.0,2.0,2.0,6.0,3.0,8.0,9,9,14,4,5,2,4.0,6.0,2.0,4.0,8.0,6.0,5.0,4.0,14.0,3,6,11,3,4,1.0,1.0,4.0,8.0,8.0,8.0,10.0,15.0,11.0,9.0,4.0,4.0,6.0,1.0,1.0,3.0,1.0,4.0,2.0,7.0,2.0,3.0,4.0,9.0,9.0,5.0,10.0,6.0,,4.0,1.0,3.0,10.0,15.0,-1.0,9.0,4.0,5.0,,,5.0,5.0,7.0,12.0,3.0,3.0,,,,7.0,9.0,10.0,1.0,,,,6.0,6.0,3.0,,,,,9.0,5.0,10.0,6.0,4.0,6.0,8.0,,,,,,,,,,,,4.0,,,,,,,,,,,,,,,,,,,,,,,,,,,,,,,,,,,,,,,,,,,,,,,,,,,,,,,,,,,,,,,,,,,,,,,,,,,,,,,,,,,,,,,,,,,,,,,,,,,,,,,,,,,,,,,,,,,,,,,,,,,,,,,,,,,,,,,,,,,,,,,,,,,,,,,,,,,,,,,,,,,,,,,,,,,,,,,,,,,,,,,,,,,,,,,,,,,,,,,,,,,,,,,,,,,,,,,,,,,,,,,,,,,,,,,,,,,,,,,,,,,,,,,,,,,,,,,,,,,,,,,,,,,,,,,,,,,,,,,,,,,,,,,,,,,,,,,,,,,,,,,,,,,,,,,,,,,,,,,,,,,,,,,,,,,,,,,,,,,,,,,,,,,,,,,,,,,,,,,,,,,,,,,,,,,,,,,,,,,,,,,,,,,,,,,,,,,,,,,,,,,,,,,,,,,,,,,,,,,,,,,,,,,,,,,,,,,,,,,,,,,,,,,,,,,,,,,,,,,,,,,,,,,,,,,,,,,,,,,,,,,,,,,,,,,,,,,,,,,,,,,,,,,,,,,,,,,,,,,,,,,,,,,,,,,,,,,,,,,,,,,,,,,,,,,,,,,,,,,,,,,,,,,,,
1856_warburton,,4.0,6.0,2.0,4.0,,5.0,4.0,3.0,2.0,,4.0,5.0,1.0,1.0,1.0,,7.0,10.0,6.0,8.0,3.0,5.0,2.0,,1.0,3.0,12.0,14.0,7.0,3.0,6.0,-1.0,,2.0,3.0,9.0,4.0,1.0,4.0,6.0,4.0,3.0,1.0,5.0,6.0,4.0,4.0,2.0,13.0,3,10.0,5.0,8.0,3.0,2.0,3.0,9.0,4.0,8.0,4,8,7,10,2,10,7.0,6.0,3.0,5.0,7.0,5.0,5.0,14.0,7.0,10,5,10,4,5,7.0,7.0,3.0,7.0,8.0,8.0,10.0,4.0,11.0,9.0,4.0,5.0,4.0,-1.0,6.0,2.0,7.0,4.0,2.0,7.0,9.0,14.0,3.0,8.0,12.0,6.0,10.0,3.0,,3.0,4.0,5.0,11.0,7.0,1.0,3.0,9.0,7.0,,,2.0,5.0,16.0,5.0,4.0,5.0,,,,10.0,9.0,2.0,1.0,,,,3.0,3.0,3.0,,,,1.0,9.0,8.0,8.0,8.0,4.0,2.0,6.0,,,,,1.0,1.0,2.0,2.0,1.0,3.0,3.0,,1.0,,,,,,,,,,,,-1.0,-1.0,1.0,,,,,,,,,,,,,,,,,,,,,,,,,,,,,,,,,,,,,,,,,,,,,,,,,,,,,,,,,,,,,,,,,,,,,,,,,,,,,,,,,,,,,,,,,,,,,,,,,,,,,,,,,,,,,,,,,,,,,,,,,,,,,,,,,,,,,,,,,,,,,,,,,,,,,,,,,,,,,,,,,,,,,,,,,,,,,,,,,,,,,,,,,,,,,,,,,,,,,,,,,,,,,,,,,,,,,,,,,,,,,,,,,,,,,,,,,,,,,,,,,,,,,,,,,,,,,,,,,,,,,,,,,,,,,,,,,,,,,,,,,,,,,,,,,,,,,,,,,,,,,,,,,,,,,,,,,,,,,,,,,,,,,,,,,,,,,,,,,,,,,,,,,,,,,,,,,,,,,,,,,,,,,,,,,,,,,,,,,,,,,,,,,,,,,,,,,,,,,,,,,,,,,,,,,,,,,,,,,,,,,,,,,,,,,,,,,,,,,,,,,,,,,,,,,,,,,,,,,,,,,,,,,,,,,,,,,,,,,,,,,,,,,,,,,,,,,,,,,,,,,,,,,,,,,,,,,,,,,,,,,,,,,,,,,,,,,,,,,,,,,,,,,,,,,,,,,,
1857_sherwin,,,4.0,5.0,,,2.0,5.0,,,,3.0,7.0,,,,,7.0,10.0,7.0,8.0,,,,,4.0,10.0,15.0,12.0,,,,,,3.0,6.0,12.0,13.0,13.0,4.0,,,,,7.0,4.0,8.0,3.0,5.0,6.0,9,9.0,8.0,,,,2.0,6.0,3.0,4.0,11,5,4,10,4,10,9.0,0.0,,,6.0,8.0,6.0,6.0,2.0,2,7,5,9,9,2.0,5.0,0.0,0.0,,,,8.0,8.0,4.0,13.0,6.0,9.0,10.0,0.0,0.0,0.0,,,,12.0,9.0,6.0,5.0,11.0,6.0,7.0,6.0,,,,,15.0,14.0,8.0,8.0,12.0,4.0,,,,,,,,,,,,,,,,,,,,,,,,,,,,,,,,,,,,,,,,,,,,,,,,,,,,,,,,,,,,,,,,,,,,,,,,,,,,,,,,,,,,,,,,,,,,,,,,,,,,,,,,,,,,,,,,,,,,,,,,,,,,,,,,,,,,,,,,,,,,,,,,,,,,,,,,,,,,,,,,,,,,,,,,,,,,,,,,,,,,,,,,,,,,,,,,,,,,,,,,,,,,,,,,,,,,,,,,,,,,,,,,,,,,,,,,,,,,,,,,,,,,,,,,,,,,,,,,,,,,,,,,,,,,,,,,,,,,,,,,,,,,,,,,,,,,,,,,,,,,,,,,,,,,,,,,,,,,,,,,,,,,,,,,,,,,,,,,,,,,,,,,,,,,,,,,,,,,,,,,,,,,,,,,,,,,,,,,,,,,,,,,,,,,,,,,,,,,,,,,,,,,,,,,,,,,,,,,,,,,,,,,,,,,,,,,,,,,,,,,,,,,,,,,,,,,,,,,,,,,,,,,,,,,,,,,,,,,,,,,,,,,,,,,,,,,,,,,,,,,,,,,,,,,,,,,,,,,,,,,,,,,,,,,,,,,,,,,,,,,,,,,,,,,,,,,,,,,,,,,,,,,,,,,,,,,,,,,,,,,,,,,,,,,,,,,,,,,,,,,,,,,,,,,,,,,,
1858_gratz,,,,,,,,,,,,7.0,3.0,6.0,5.0,4.0,,8.0,7.0,2.0,9.0,6.0,4.0,8.0,,5.0,10.0,15.0,13.0,12.0,6.0,3.0,5.0,,,8.0,11.0,12.0,6.0,1.0,11.0,10.0,6.0,3.0,,,3.0,7.0,4.0,6.0,3,8.0,5.0,8.0,3.0,4.0,,,,4.0,6,8,3,13,11,7,5.0,4.0,1.0,2.0,,,,10.0,10.0,8,15,7,8,4,4.0,1.0,4.0,4.0,,,8.0,13.0,13.0,10.0,7.0,9.0,6.0,1.0,1.0,3.0,3.0,,,6.0,7.0,13.0,8.0,6.0,4.0,10.0,9.0,2.0,,,8.0,4.0,1.0,9.0,6.0,5.0,11.0,6.0,,,1.0,12.0,12.0,12.0,3.0,7.0,,,,12.0,4.0,10.0,5.0,,,,7.0,6.0,5.0,,,,,,,,,,7.0,,,,,,,,,,,,,,,,,,,,,,,,,,,,,,,,,,,,,,,,,,,,,,,,,,,,,,,,,,,,,,,,,,,,,,,,,,,,,,,,,,,,,,,,,,,,,,,,,,,,,,,,,,,,,,,,,,,,,,,,,,,,,,,,,,,,,,,,,,,,,,,,,,,,,,,,,,,,,,,,,,,,,,,,,,,,,,,,,,,,,,,,,,,,,,,,,,,,,,,,,,,,,,,,,,,,,,,,,,,,,,,,,,,,,,,,,,,,,,,,,,,,,,,,,,,,,,,,,,,,,,,,,,,,,,,,,,,,,,,,,,,,,,,,,,,,,,,,,,,,,,,,,,,,,,,,,,,,,,,,,,,,,,,,,,,,,,,,,,,,,,,,,,,,,,,,,,,,,,,,,,,,,,,,,,,,,,,,,,,,,,,,,,,,,,,,,,,,,,,,,,,,,,,,,,,,,,,,,,,,,,,,,,,,,,,,,,,,,,,,,,,,,,,,,,,,,,,,,,,,,,,,,,,,,,,,,,,,,,,,,,,,,,,,,,,,,,,,,,,,,,,,,,,,,,,,,,,,,,,,,,,,,,,,,,,,,,,,,,,,,,,,,,,,,,,,,,,,,,,,,,,,,,,,,,,,,,,,,,,,,,
1858_vandevelde,,4.0,4.0,5.0,3.0,,2.0,5.0,5.0,5.0,,3.0,7.0,7.0,5.0,4.0,,8.0,6.0,7.0,7.0,8.0,3.0,7.0,,5.0,10.0,15.0,13.0,12.0,7.0,3.0,3.0,,0.0,8.0,11.0,12.0,6.0,6.0,13.0,10.0,7.0,2.0,0.0,0.0,3.0,7.0,4.0,8.0,8,9.0,8.0,9.0,3.0,3.0,0.0,6.0,2.0,4.0,11,2,9,11,3,9,9.0,6.0,2.0,6.0,0.0,6.0,7.0,10.0,5.0,8,2,2,7,6,5.0,4.0,1.0,3.0,0.0,11.0,12.0,12.0,13.0,10.0,7.0,11.0,9.0,4.0,5.0,3.0,3.0,9.0,9.0,4.0,7.0,17.0,8.0,4.0,11.0,11.0,7.0,6.0,2.0,9.0,10.0,10.0,1.0,6.0,6.0,5.0,12.0,7.0,2.0,1.0,7.0,7.0,17.0,10.0,12.0,11.0,3.0,3.0,3.0,4.0,7.0,8.0,11.0,4.0,2.0,3.0,1.0,6.0,7.0,2.0,1.0,2.0,4.0,0.0,4.0,5.0,6.0,5.0,4.0,8.0,1.0,2.0,1.0,2.0,3.0,3.0,1.0,,2.0,2.0,3.0,1.0,,,,,,,,,,,,,,,,2.0,,,,,,,,,,,,,,,,,,,,,,,,,,,,,,,,,,,,,,,,,,,,,,,,,,,,,,,,,,,,,,,,,,,,,,,,,,,,,,,,,,,,,,,,,,,,,,,,,,,,,,,,,,,,,,,,,,,,,,,,,,,,,,,,,,,,,,,,,,,,,,,,,,,,,,,,,,,,,,,,,,,,,,,,,,,,,,,,,,,,,,,,,,,,,,,,,,,,,,,,,,,,,,,,,,,,,,,,,,,,,,,,,,,,,,,,,,,,,,,,,,,,,,,,,,,,,,,,,,,,,,,,,,,,,,,,,,,,,,,,,,,,,,,,,,,,,,,,,,,,,,,,,,,,,,,,,,,,,,,,,,,,,,,,,,,,,,,,,,,,,,,,,,,,,,,,,,,,,,,,,,,,,,,,,,,,,,,,,,,,,,,,,,,,,,,,,,,,,,,,,,,,,,,,,,,,,,,,,,,,,,,,,,,,,,,,,,,,,,,,,,,,,,,,,,,,,,,,,,,,,,,,,,,,,,,,,,,,,,,,,,,,,,,,,,,,,,,,,,,,,,,,,,,,,,,,,,,,,,,,,,,,,,,,,,,,,,,,,,,,,,,,,,,,,,,,,
1859_saintine,,,,,,,,,,,,,,,,,,,12.0,4.0,,,,,,2.0,5.0,3.0,15.0,,,,,,3.0,6.0,11.0,13.0,6.0,1.0,,,,,7.0,4.0,3.0,7.0,6.0,4.0,7,9.0,8.0,,,,4.0,7.0,4.0,4.0,10,1,9,14,4,10,9.0,4.0,,,7.0,7.0,4.0,9.0,8.0,6,8,1,9,6,3.0,7.0,3.0,8.0,,,,10.0,3.0,13.0,3.0,10.0,8.0,4.0,3.0,4.0,1.0,,,,12.0,12.0,13.0,4.0,2.0,5.0,8.0,6.0,,,,,,7.0,3.0,4.0,3.0,4.0,,,,,,,,,,,,,,,,,,,,,,,,,,,,,,,,,,,,,,,,,,,,,,,,,,,,,,,,,,,,,,,,,,,,,,,,,,,,,,,,,,,,,,,,,,,,,,,,,,,,,,,,,,,,,,,,,,,,,,,,,,,,,,,,,,,,,,,,,,,,,,,,,,,,,,,,,,,,,,,,,,,,,,,,,,,,,,,,,,,,,,,,,,,,,,,,,,,,,,,,,,,,,,,,,,,,,,,,,,,,,,,,,,,,,,,,,,,,,,,,,,,,,,,,,,,,,,,,,,,,,,,,,,,,,,,,,,,,,,,,,,,,,,,,,,,,,,,,,,,,,,,,,,,,,,,,,,,,,,,,,,,,,,,,,,,,,,,,,,,,,,,,,,,,,,,,,,,,,,,,,,,,,,,,,,,,,,,,,,,,,,,,,,,,,,,,,,,,,,,,,,,,,,,,,,,,,,,,,,,,,,,,,,,,,,,,,,,,,,,,,,,,,,,,,,,,,,,,,,,,,,,,,,,,,,,,,,,,,,,,,,,,,,,,,,,,,,,,,,,,,,,,,,,,,,,,,,,,,,,,,,,,,,,,,,,,,,,,,,,,,,,,,,,,,,,,,,,,,,,,,,,,,,,,,,,,,,,,,,,,,,,,,,,,,,,,,,,,,,,,,,,,,,,,,,,,,
1859_saintine_2,,,,4.0,3.0,,8.0,2.0,5.0,4.0,4.0,5.0,2.0,6.0,6.0,6.0,1.0,3.0,-1.0,4.0,2.0,5.0,6.0,3.0,3.0,2.0,5.0,3.0,3.0,1.0,9.0,7.0,1.0,2.0,4.0,2.0,4.0,9.0,14.0,7.0,13.0,6.0,4.0,1.0,5.0,4.0,5.0,5.0,6.0,5.0,7,8.0,2.0,6.0,2.0,2.0,4.0,8.0,6.0,1.0,6,7,15,5,2,10,9.0,6.0,1.0,4.0,5.0,9.0,3.0,8.0,7.0,13,12,13,5,6,3.0,7.0,1.0,8.0,8.0,8.0,3.0,8.0,8.0,4.0,12.0,3.0,3.0,4.0,3.0,4.0,1.0,5.0,2.0,8.0,4.0,2.0,5.0,4.0,5.0,5.0,6.0,2.0,,11.0,4.0,4.0,13.0,13.0,3.0,7.0,9.0,1.0,,,-1.0,2.0,3.0,6.0,5.0,9.0,,,,1.0,4.0,-1.0,5.0,,,,7.0,1.0,1.0,,,,,9.0,8.0,-1.0,-1.0,-1.0,-1.0,2.0,,,,,,,,,,,,-1.0,,,,,,,,,,,,,,,,,,,,,,,,,,,,,,,,,,,,,,,,,,,,,,,,,,,,,,,,,,,,,,,,,,,,,,,,,,,,,,,,,,,,,,,,,,,,,,,,,,,,,,,,,,,,,,,,,,,,,,,,,,,,,,,,,,,,,,,,,,,,,,,,,,,,,,,,,,,,,,,,,,,,,,,,,,,,,,,,,,,,,,,,,,,,,,,,,,,,,,,,,,,,,,,,,,,,,,,,,,,,,,,,,,,,,,,,,,,,,,,,,,,,,,,,,,,,,,,,,,,,,,,,,,,,,,,,,,,,,,,,,,,,,,,,,,,,,,,,,,,,,,,,,,,,,,,,,,,,,,,,,,,,,,,,,,,,,,,,,,,,,,,,,,,,,,,,,,,,,,,,,,,,,,,,,,,,,,,,,,,,,,,,,,,,,,,,,,,,,,,,,,,,,,,,,,,,,,,,,,,,,,,,,,,,,,,,,,,,,,,,,,,,,,,,,,,,,,,,,,,,,,,,,,,,,,,,,,,,,,,,,,,,,,,,,,,,,,,,,,,,,,,,,,,,,,,,,,,,,,,,,,,,,,,,,,,,,,,,,,,,,,,,,,,,,,,,,,,,,,,,,,,,,,,,,
1859_unknown,,1.0,4.0,5.0,4.0,,8.0,7.0,2.0,5.0,,2.0,6.0,4.0,5.0,7.0,,9.0,1.0,8.0,1.0,8.0,3.0,7.0,,5.0,4.0,5.0,9.0,10.0,6.0,2.0,5.0,,3.0,6.0,12.0,13.0,13.0,9.0,8.0,10.0,6.0,3.0,7.0,5.0,3.0,8.0,4.0,12.0,6,12.0,9.0,3.0,4.0,4.0,3.0,6.0,3.0,2.0,10,5,8,14,11,7,9.0,5.0,7.0,2.0,8.0,6.0,7.0,10.0,10.0,9,6,7,8,3,2.0,5.0,3.0,2.0,10.0,10.0,6.0,13.0,13.0,10.0,7.0,9.0,9.0,10.0,5.0,6.0,2.0,11.0,8.0,3.0,7.0,13.0,12.0,6.0,3.0,8.0,10.0,6.0,2.0,8.0,9.0,5.0,1.0,8.0,8.0,6.0,9.0,7.0,3.0,1.0,5.0,13.0,14.0,7.0,7.0,8.0,4.0,3.0,2.0,11.0,8.0,4.0,2.0,3.0,2.0,2.0,5.0,4.0,8.0,4.0,2.0,4.0,,,,,,,,,,,,,,,,,,,,,,,,,,,,,,,,,,,,,,,,,,,,,,,,,,,,,,,,,,,,,,,,,,,,,,,,,,,,,,,,,,,,,,,,,,,,,,,,,,,,,,,,,,,,,,,,,,,,,,,,,,,,,,,,,,,,,,,,,,,,,,,,,,,,,,,,,,,,,,,,,,,,,,,,,,,,,,,,,,,,,,,,,,,,,,,,,,,,,,,,,,,,,,,,,,,,,,,,,,,,,,,,,,,,,,,,,,,,,,,,,,,,,,,,,,,,,,,,,,,,,,,,,,,,,,,,,,,,,,,,,,,,,,,,,,,,,,,,,,,,,,,,,,,,,,,,,,,,,,,,,,,,,,,,,,,,,,,,,,,,,,,,,,,,,,,,,,,,,,,,,,,,,,,,,,,,,,,,,,,,,,,,,,,,,,,,,,,,,,,,,,,,,,,,,,,,,,,,,,,,,,,,,,,,,,,,,,,,,,,,,,,,,,,,,,,,,,,,,,,,,,,,,,,,,,,,,,,,,,,,,,,,,,,,,,,,,,,,,,,,,,,,,,,,,,,,,,,,,,,,,,,,,,,,,,,,,,,,,,,,,,,,,,,,,,,,,,,,,,,,,,,,,,,,,,,,,,,,,,,,,,,,,,,,,
1860_bartholomew,,4.0,4.0,5.0,3.0,,2.0,5.0,2.0,5.0,,3.0,7.0,4.0,4.0,4.0,,8.0,6.0,9.0,7.0,9.0,4.0,7.0,,5.0,10.0,15.0,13.0,12.0,6.0,3.0,3.0,,3.0,8.0,11.0,12.0,6.0,2.0,13.0,10.0,7.0,2.0,0.0,0.0,3.0,7.0,4.0,8.0,8,9.0,8.0,9.0,3.0,3.0,3.0,9.0,2.0,4.0,11,2,9,11,3,9,9.0,5.0,1.0,6.0,6.0,6.0,7.0,10.0,5.0,9,3,2,7,6,2.0,1.0,2.0,3.0,4.0,5.0,12.0,12.0,13.0,10.0,6.0,11.0,9.0,10.0,8.0,6.0,4.0,1.0,2.0,3.0,7.0,17.0,8.0,4.0,11.0,10.0,10.0,2.0,2.0,13.0,7.0,10.0,1.0,12.0,6.0,5.0,12.0,7.0,3.0,1.0,7.0,13.0,12.0,10.0,12.0,11.0,3.0,3.0,3.0,4.0,7.0,8.0,11.0,2.0,2.0,3.0,1.0,6.0,7.0,2.0,1.0,2.0,4.0,5.0,9.0,9.0,6.0,5.0,5.0,3.0,1.0,2.0,1.0,2.0,3.0,3.0,1.0,,2.0,2.0,3.0,6.0,,,,,,,,,,,,,,,,,1.0,1.0,,,,,,,,,,,,,,,,,,,,,,,,,,,,,,,,,,,,,,,,,,,,,,,,,,,,,,,,,,,,,,,,,,,,,,,,,,,,,,,,,,,,,,,,,,,,,,,,,,,,,,,,,,,,,,,,,,,,,,,,,,,,,,,,,,,,,,,,,,,,,,,,,,,,,,,,,,,,,,,,,,,,,,,,,,,,,,,,,,,,,,,,,,,,,,,,,,,,,,,,,,,,,,,,,,,,,,,,,,,,,,,,,,,,,,,,,,,,,,,,,,,,,,,,,,,,,,,,,,,,,,,,,,,,,,,,,,,,,,,,,,,,,,,,,,,,,,,,,,,,,,,,,,,,,,,,,,,,,,,,,,,,,,,,,,,,,,,,,,,,,,,,,,,,,,,,,,,,,,,,,,,,,,,,,,,,,,,,,,,,,,,,,,,,,,,,,,,,,,,,,,,,,,,,,,,,,,,,,,,,,,,,,,,,,,,,,,,,,,,,,,,,,,,,,,,,,,,,,,,,,,,,,,,,,,,,,,,,,,,,,,,,,,,,,,,,,,,,,,,,,,,,,,,,,,,,,,,,,,,,,,,,,,,,,,,,,,,,,,,,,,,,,,,,,,,
1860_pierotti,2.0,4.0,6.0,5.0,3.0,4.0,5.0,5.0,5.0,4.0,4.0,1.0,7.0,5.0,6.0,3.0,1.0,3.0,10.0,7.0,8.0,1.0,2.0,6.0,3.0,4.0,10.0,13.0,15.0,11.0,4.0,1.0,2.0,2.0,3.0,9.0,10.0,13.0,6.0,3.0,13.0,10.0,5.0,3.0,7.0,4.0,3.0,8.0,6.0,3.0,7,9.0,8.0,6.0,4.0,5.0,3.0,6.0,3.0,3.0,10,1,9,12,3,9,9.0,4.0,7.0,1.0,6.0,8.0,6.0,6.0,2.0,2,8,4,7,6,5.0,4.0,6.0,4.0,4.0,5.0,11.0,4.0,8.0,14.0,8.0,10.0,9.0,10.0,5.0,4.0,2.0,1.0,3.0,5.0,12.0,12.0,13.0,6.0,5.0,6.0,7.0,6.0,2.0,5.0,7.0,7.0,6.0,8.0,8.0,8.0,10.0,5.0,2.0,1.0,5.0,8.0,15.0,5.0,8.0,8.0,3.0,3.0,3.0,6.0,11.0,3.0,2.0,4.0,3.0,3.0,3.0,2.0,3.0,3.0,4.0,1.0,,5.0,9.0,9.0,6.0,4.0,8.0,8.0,,,,,,,,,,,,6.0,,,,,,,,,,,,,,,,,1.0,1.0,,,,,,,,,,,,,,,,,,,,,,,,,,,,,,,,,,,,,,,,,,,,,,,,,,,,,,,,,,,,,,,,,,,,,,,,,,,,,,,,,,,,,,,,,,,,,,,,,,,,,,,,,,,,,,,,,,,,,,,,,,,,,,,,,,,,,,,,,,,,,,,,,,,,,,,,,,,,,,,,,,,,,,,,,,,,,,,,,,,,,,,,,,,,,,,,,,,,,,,,,,,,,,,,,,,,,,,,,,,,,,,,,,,,,,,,,,,,,,,,,,,,,,,,,,,,,,,,,,,,,,,,,,,,,,,,,,,,,,,,,,,,,,,,,,,,,,,,,,,,,,,,,,,,,,,,,,,,,,,,,,,,,,,,,,,,,,,,,,,,,,,,,,,,,,,,,,,,,,,,,,,,,,,,,,,,,,,,,,,,,,,,,,,,,,,,,,,,,,,,,,,,,,,,,,,,,,,,,,,,,,,,,,,,,,,,,,,,,,,,,,,,,,,,,,,,,,,,,,,,,,,,,,,,,,,,,,,,,,,,,,,,,,,,,,,,,,,,,,,,,,,,,,,,,,,,,,,,,,,,,,,,,,,,,,,,,,,,,,,,,,,,,,,,,,,
1860_pierotti_2,5.0,1.0,1.0,1.0,1.0,2.0,4.0,4.0,4.0,4.0,5.0,1.0,7.0,5.0,6.0,6.0,2.0,7.0,10.0,7.0,8.0,1.0,0.0,6.0,1.0,2.0,10.0,13.0,15.0,11.0,0.0,3.0,5.0,-1.0,8.0,4.0,11.0,13.0,6.0,3.0,13.0,10.0,5.0,3.0,2.0,1.0,5.0,7.0,6.0,3.0,8,9.0,8.0,6.0,6.0,5.0,4.0,5.0,6.0,1.0,6,5,9,12,3,10,6.0,8.0,7.0,1.0,4.0,10.0,3.0,9.0,2.0,2,8,4,7,6,5.0,8.0,5.0,6.0,4.0,7.0,4.0,4.0,8.0,14.0,8.0,9.0,9.0,9.0,7.0,4.0,5.0,1.0,10.0,4.0,14.0,12.0,13.0,6.0,5.0,6.0,7.0,6.0,2.0,5.0,7.0,7.0,5.0,8.0,8.0,7.0,10.0,6.0,,,5.0,13.0,8.0,8.0,7.0,9.0,,,,6.0,8.0,1.0,,,,,3.0,,,,,,,4.0,10.0,7.0,5.0,4.0,8.0,8.0,,,,,,,,,,,,8.0,,,,,,,,,,,,,,,,2.0,2.0,3.0,1.0,-1.0,,,,,,,,,,,,,,,,,,,,,,,,,,,,,,,,,,,,,,,,,,,,,,,,,,,,,,,,,,,,,,,,,,,,,,,,,,,,,,,,,,,,,,,,,,,,,,,,,,,,,,,,,,,,,,,,,,,,,,,,,,,,,,,,,,,,,,,,,,,,,,,,,,,,,,,,,,,,,,,,,,,,,,,,,,,,,,,,,,,,,,,,,,,,,,,,,,,,,,,,,,,,,,,,,,,,,,,,,,,,,,,,,,,,,,,,,,,,,,,,,,,,,,,,,,,,,,,,,,,,,,,,,,,,,,,,,,,,,,,,,,,,,,,,,,,,,,,,,,,,,,,,,,,,,,,,,,,,,,,,,,,,,,,,,,,,,,,,,,,,,,,,,,,,,,,,,,,,,,,,,,,,,,,,,,,,,,,,,,,,,,,,,,,,,,,,,,,,,,,,,,,,,,,,,,,,,,,,,,,,,,,,,,,,,,,,,,,,,,,,,,,,,,,,,,,,,,,,,,,,,,,,,,,,,,,,,,,,,,,,,,,,,,,,,,,,,,,,,,,,,,,,,,,,,,,,,,,,,,,,,,,,,,,,,,,,,,,,,,,,,,,,,,,,,
1861_lionnet,,4.0,6.0,2.0,4.0,,5.0,5.0,2.0,3.0,,6.0,7.0,2.0,4.0,4.0,,1.0,5.0,12.0,6.0,9.0,4.0,,2.0,8.0,8.0,9.0,13.0,12.0,7.0,3.0,,,6.0,4.0,12.0,4.0,6.0,2.0,13.0,9.0,5.0,,6.0,3.0,5.0,5.0,3.0,8.0,3,8.0,5.0,8.0,3.0,4.0,3.0,7.0,3.0,4.0,4,8,7,12,1,9,5.0,5.0,1.0,4.0,7.0,7.0,3.0,11.0,7.0,10,5,7,5,5,5.0,4.0,4.0,4.0,8.0,8.0,10.0,4.0,12.0,6.0,7.0,7.0,5.0,6.0,4.0,6.0,5.0,1.0,10.0,6.0,4.0,14.0,12.0,6.0,6.0,4.0,8.0,3.0,1.0,7.0,1.0,1.0,9.0,16.0,3.0,5.0,11.0,3.0,,,2.0,5.0,5.0,7.0,3.0,7.0,2.0,,,7.0,9.0,10.0,5.0,,,,6.0,4.0,4.0,,,,,9.0,10.0,7.0,5.0,9.0,6.0,8.0,,,,,,,,,,,,5.0,,,,,,,,,,,,,,,,2.0,2.0,8.0,,,1.0,,,,,,,,,,,,,,,,,,,,,,,,,,,,,,,,,,,,,,,,,,,,,,,,,,,,,,,,,,,,,,,,,,,,,,,,,,,,,,,,,,,,,,,,,,,,,,,,,,,,,,,,,,,,,,,,,,,,,,,,,,,,,,,,,,,,,,,,,,,,,,,,,,,,,,,,,,,,,,,,,,,,,,,,,,,,,,,,,,,,,,,,,,,,,,,,,,,,,,,,,,,,,,,,,,,,,,,,,,,,,,,,,,,,,,,,,,,,,,,,,,,,,,,,,,,,,,,,,,,,,,,,,,,,,,,,,,,,,,,,,,,,,,,,,,,,,,,,,,,,,,,,,,,,,,,,,,,,,,,,,,,,,,,,,,,,,,,,,,,,,,,,,,,,,,,,,,,,,,,,,,,,,,,,,,,,,,,,,,,,,,,,,,,,,,,,,,,,,,,,,,,,,,,,,,,,,,,,,,,,,,,,,,,,,,,,,,,,,,,,,,,,,,,,,,,,,,,,,,,,,,,,,,,,,,,,,,,,,,,,,,,,,,,,,,,,,,,,,,,,,,,,,,,,,,,,,,,,,,,,,,,,,,,,,,,,,,,,,,,,,,,,,,,,
1861_mandrot,,,,,,,,,,,,3.0,7.0,4.0,4.0,4.0,,8.0,6.0,9.0,7.0,6.0,4.0,8.0,,4.0,10.0,15.0,13.0,12.0,6.0,3.0,3.0,,3.0,8.0,11.0,12.0,6.0,2.0,13.0,10.0,7.0,2.0,7.0,5.0,3.0,7.0,4.0,8.0,7,9.0,8.0,6.0,3.0,3.0,3.0,9.0,2.0,2.0,11,2,9,11,3,9,9.0,6.0,1.0,6.0,2.0,6.0,7.0,10.0,5.0,8,2,2,7,6,2.0,5.0,2.0,3.0,10.0,11.0,8.0,12.0,13.0,10.0,7.0,11.0,9.0,10.0,5.0,6.0,4.0,12.0,8.0,4.0,7.0,17.0,8.0,4.0,11.0,11.0,10.0,6.0,2.0,9.0,10.0,10.0,1.0,6.0,6.0,5.0,11.0,7.0,,,,,,,,,,,,,,,,,,,,,,,,,,,,,,,,,,,,,,,,,,,,,,,,,,,,,,,,,,,,,,,,,,,,,,,,,,,,,,,,,,,,,,,,,,,,,,,,,,,,,,,,,,,,,,,,,,,,,,,,,,,,,,,,,,,,,,,,,,,,,,,,,,,,,,,,,,,,,,,,,,,,,,,,,,,,,,,,,,,,,,,,,,,,,,,,,,,,,,,,,,,,,,,,,,,,,,,,,,,,,,,,,,,,,,,,,,,,,,,,,,,,,,,,,,,,,,,,,,,,,,,,,,,,,,,,,,,,,,,,,,,,,,,,,,,,,,,,,,,,,,,,,,,,,,,,,,,,,,,,,,,,,,,,,,,,,,,,,,,,,,,,,,,,,,,,,,,,,,,,,,,,,,,,,,,,,,,,,,,,,,,,,,,,,,,,,,,,,,,,,,,,,,,,,,,,,,,,,,,,,,,,,,,,,,,,,,,,,,,,,,,,,,,,,,,,,,,,,,,,,,,,,,,,,,,,,,,,,,,,,,,,,,,,,,,,,,,,,,,,,,,,,,,,,,,,,,,,,,,,,,,,,,,,,,,,,,,,,,,,,,,,,,,,,,,,,,,,,,,,,,,,,,,,,,,,,,,,,,,,,,,,,,,,,,,,,,,,,,,,,,,,,,,,,,,,,
1862_devogue,,,,,,,,,,,,,,,,,,,,,,0.0,0.0,,,,,13.0,0.0,0.0,0.0,,,,,,,13.0,6.0,0.0,0.0,10.0,,,,,,7.0,6.0,4.0,0,0.0,8.0,,,,,,,,6,1,9,0,0,0,,,,,,,,10.0,11.0,6,0,0,0,0,,,,,,,6.0,13.0,0.0,0.0,0.0,0.0,0.0,,,,,,,0.0,0.0,0.0,0.0,0.0,0.0,,,,,,0.0,0.0,0.0,0.0,0.0,0.0,,,,,0.0,0.0,0.0,0.0,0.0,0.0,,,,0.0,0.0,0.0,0.0,,,,0.0,0.0,0.0,,,,,,,,,,,,,,,,,,,,,,,,,,,,,,,,,,,,,,,,,,,,,,,,,,,,,,,,,,,,,,,,,,,,,,,,,,,,,,,,,,,,,,,,,,,,,,,,,,,,,,,,,,,,,,,,,,,,,,,,,,,,,,,,,,,,,,,,,,,,,,,,,,,,,,,,,,,,,,,,,,,,,,,,,,,,,,,,,,,,,,,,,,,,,,,,,,,,,,,,,,,,,,,,,,,,,,,,,,,,,,,,,,,,,,,,,,,,,,,,,,,,,,,,,,,,,,,,,,,,,,,,,,,,,,,,,,,,,,,,,,,,,,,,,,,,,,,,,,,,,,,,,,,,,,,,,,,,,,,,,,,,,,,,,,,,,,,,,,,,,,,,,,,,,,,,,,,,,,,,,,,,,,,,,,,,,,,,,,,,,,,,,,,,,,,,,,,,,,,,,,,,,,,,,,,,,,,,,,,,,,,,,,,,,,,,,,,,,,,,,,,,,,,,,,,,,,,,,,,,,,,,,,,,,,,,,,,,,,,,,,,,,,,,,,,,,,,,,,,,,,,,,,,,,,,,,,,,,,,,,,,,,,,,,,,,,,,,,,,,,,,,,,,,,,,,,,,,,,,,,,,,,,,,,,,,,,,,,,,,,,,,,,,,,,,,
1862_johnson,,4.0,3.0,2.0,4.0,,5.0,5.0,5.0,6.0,,4.0,7.0,7.0,6.0,6.0,,6.0,5.0,5.0,4.0,1.0,2.0,,,8.0,8.0,9.0,12.0,9.0,2.0,1.0,,,,3.0,9.0,15.0,3.0,4.0,3.0,3.0,,,,,4.0,4.0,2.0,5.0,12,10.0,5.0,,,,,,,8.0,3,3,12,8,4,9,4.0,,,,,,,14.0,6.0,4,4,11,3,4,4.0,,,,,,5.0,15.0,11.0,9.0,5.0,4.0,7.0,8.0,,,,,,6.0,9.0,6.0,1.0,2.0,4.0,11.0,,,,,4.0,1.0,14.0,-1.0,9.0,13.0,9.0,,,,3.0,5.0,2.0,-1.0,6.0,5.0,,,,3.0,6.0,2.0,4.0,,,,9.0,9.0,8.0,,,,,,,,,,2.0,,,,,,,,,,,,,,,,,,,,,,,,,,,,,,,,,,,,,,,,,,,,,,,,,,,,,,,,,,,,,,,,,,,,,,,,,,,,,,,,,,,,,,,,,,,,,,,,,,,,,,,,,,,,,,,,,,,,,,,,,,,,,,,,,,,,,,,,,,,,,,,,,,,,,,,,,,,,,,,,,,,,,,,,,,,,,,,,,,,,,,,,,,,,,,,,,,,,,,,,,,,,,,,,,,,,,,,,,,,,,,,,,,,,,,,,,,,,,,,,,,,,,,,,,,,,,,,,,,,,,,,,,,,,,,,,,,,,,,,,,,,,,,,,,,,,,,,,,,,,,,,,,,,,,,,,,,,,,,,,,,,,,,,,,,,,,,,,,,,,,,,,,,,,,,,,,,,,,,,,,,,,,,,,,,,,,,,,,,,,,,,,,,,,,,,,,,,,,,,,,,,,,,,,,,,,,,,,,,,,,,,,,,,,,,,,,,,,,,,,,,,,,,,,,,,,,,,,,,,,,,,,,,,,,,,,,,,,,,,,,,,,,,,,,,,,,,,,,,,,,,,,,,,,,,,,,,,,,,,,,,,,,,,,,,,,,,,,,,,,,,,,,,,,,,,,,,,,,,,,,,,,,,,,,,,,,,,,,,,,,,
1863_gelis,,,,,,,,,,,,,,,,,,10.0,8.0,7.0,,,,,,4.0,7.0,15.0,15.0,,,,,,,6.0,12.0,13.0,6.0,3.0,,,,,,,3.0,7.0,6.0,3.0,7,9.0,8.0,,,,,,,2.0,10,1,0,12,0,9,,,,,,,,6.0,2.0,2,8,4,0,6,,,,,,,,8.0,8.0,13.0,8.0,11.0,9.0,,,,,,,,12.0,12.0,11.0,1.0,5.0,,,,,,,,,8.0,8.0,7.0,,,,,,,,,,,,,,,,,,,,,,,,,,,,,,,,,,,,,,,,,,,,,,,,,,,,,,,,,,,,,,,,,,,,,,,,,,,,,,,,,,,,,,,,,,,,,,,,,,,,,,,,,,,,,,,,,,,,,,,,,,,,,,,,,,,,,,,,,,,,,,,,,,,,,,,,,,,,,,,,,,,,,,,,,,,,,,,,,,,,,,,,,,,,,,,,,,,,,,,,,,,,,,,,,,,,,,,,,,,,,,,,,,,,,,,,,,,,,,,,,,,,,,,,,,,,,,,,,,,,,,,,,,,,,,,,,,,,,,,,,,,,,,,,,,,,,,,,,,,,,,,,,,,,,,,,,,,,,,,,,,,,,,,,,,,,,,,,,,,,,,,,,,,,,,,,,,,,,,,,,,,,,,,,,,,,,,,,,,,,,,,,,,,,,,,,,,,,,,,,,,,,,,,,,,,,,,,,,,,,,,,,,,,,,,,,,,,,,,,,,,,,,,,,,,,,,,,,,,,,,,,,,,,,,,,,,,,,,,,,,,,,,,,,,,,,,,,,,,,,,,,,,,,,,,,,,,,,,,,,,,,,,,,,,,,,,,,,,,,,,,,,,,,,,,,,,,,,,,,,,,,,,,,,,,,,,,,,,,,,,,,,,,,,,,,,,,,,,,,,,,,,,,,,,,,,,,,
1863_pierotti,,,,,,,2.0,5.0,5.0,4.0,3.0,3.0,7.0,7.0,6.0,8.0,3.0,8.0,11.0,7.0,8.0,1.0,2.0,6.0,5.0,1.0,10.0,13.0,15.0,11.0,4.0,1.0,3.0,1.0,3.0,8.0,10.0,13.0,6.0,3.0,13.0,8.0,7.0,3.0,7.0,5.0,3.0,8.0,6.0,4.0,8,9.0,7.0,6.0,4.0,5.0,2.0,6.0,3.0,3.0,10,5,9,12,3,9,5.0,1.0,6.0,1.0,6.0,8.0,6.0,6.0,2.0,7,6,4,7,6,2.0,3.0,6.0,2.0,4.0,5.0,11.0,4.0,3.0,14.0,8.0,10.0,9.0,10.0,7.0,4.0,5.0,1.0,3.0,5.0,12.0,12.0,13.0,1.0,5.0,6.0,7.0,6.0,2.0,5.0,8.0,11.0,12.0,14.0,8.0,7.0,10.0,6.0,3.0,1.0,9.0,5.0,8.0,6.0,9.0,9.0,5.0,2.0,2.0,6.0,9.0,5.0,3.0,2.0,1.0,1.0,3.0,4.0,1.0,3.0,4.0,1.0,,5.0,9.0,10.0,5.0,4.0,8.0,8.0,,,,,,,,,,,,8.0,,,,,,,,,,,,,,,,2.0,1.0,1.0,0.0,1.0,1.0,1.0,4.0,2.0,,,,,,,,,,,,,,,,,,,,,,,,,,,,,,,,,,,,,,,,,,,,,,,,,,,,,,,,,,,,,,,,,,,,,,,,,,,,,,,,,,,,,,,,,,,,,,,,,,,,,,,,,,,,,,,,,,,,,,,,,,,,,,,,,,,,,,,,,,,,,,,,,,,,,,,,,,,,,,,,,,,,,,,,,,,,,,,,,,,,,,,,,,,,,,,,,,,,,,,,,,,,,,,,,,,,,,,,,,,,,,,,,,,,,,,,,,,,,,,,,,,,,,,,,,,,,,,,,,,,,,,,,,,,,,,,,,,,,,,,,,,,,,,,,,,,,,,,,,,,,,,,,,,,,,,,,,,,,,,,,,,,,,,,,,,,,,,,,,,,,,,,,,,,,,,,,,,,,,,,,,,,,,,,,,,,,,,,,,,,,,,,,,,,,,,,,,,,,,,,,,,,,,,,,,,,,,,,,,,,,,,,,,,,,,,,,,,,,,,,,,,,,,,,,,,,,,,,,,,,,,,,,,,,,,,,,,,,,,,,,,,,,,,,,,,,,,,,,,,,,,,,,,,,,,,,,,,,,,,,,,,,,,,,,,,,,,,,,,,,,,,,,
1864_mitchell,,,,,,,,,,,,,,7.0,5.0,7.0,,8.0,7.0,9.0,7.0,8.0,3.0,,,4.0,10.0,15.0,5.0,12.0,6.0,2.0,,,,5.0,11.0,11.0,8.0,3.0,13.0,10.0,,,,,8.0,6.0,4.0,5.0,3,3.0,5.0,,,,,,,6.0,11,8,3,13,11,7,9.0,,,,,,,11.0,10.0,8,6,7,8,3,2.0,,,,,,,12.0,13.0,10.0,7.0,9.0,7.0,6.0,,,,,,,7.0,13.0,8.0,6.0,4.0,8.0,,,,,,,,9.0,6.0,5.0,11.0,,,,,,,,,,,,,,,,,,,,,,,,,,,,,,,,,,,,,,,,,,,,,,,,,,,,,,,,,,,,,,,,,,,,,,,,,,,,,,,,,,,,,,,,,,,,,,,,,,,,,,,,,,,,,,,,,,,,,,,,,,,,,,,,,,,,,,,,,,,,,,,,,,,,,,,,,,,,,,,,,,,,,,,,,,,,,,,,,,,,,,,,,,,,,,,,,,,,,,,,,,,,,,,,,,,,,,,,,,,,,,,,,,,,,,,,,,,,,,,,,,,,,,,,,,,,,,,,,,,,,,,,,,,,,,,,,,,,,,,,,,,,,,,,,,,,,,,,,,,,,,,,,,,,,,,,,,,,,,,,,,,,,,,,,,,,,,,,,,,,,,,,,,,,,,,,,,,,,,,,,,,,,,,,,,,,,,,,,,,,,,,,,,,,,,,,,,,,,,,,,,,,,,,,,,,,,,,,,,,,,,,,,,,,,,,,,,,,,,,,,,,,,,,,,,,,,,,,,,,,,,,,,,,,,,,,,,,,,,,,,,,,,,,,,,,,,,,,,,,,,,,,,,,,,,,,,,,,,,,,,,,,,,,,,,,,,,,,,,,,,,,,,,,,,,,,,,,,,,,,,,,,,,,,,,,,,,,,,,,,,,,,,,,,,,,,,,,,,,,,,,,,,,,,,,,,,,
1864_pierotti,2.0,4.0,6.0,5.0,3.0,4.0,5.0,5.0,5.0,4.0,4.0,1.0,7.0,7.0,6.0,8.0,1.0,3.0,10.0,7.0,8.0,1.0,2.0,5.0,3.0,3.0,10.0,13.0,15.0,11.0,4.0,3.0,3.0,2.0,4.0,9.0,10.0,13.0,6.0,3.0,13.0,8.0,7.0,3.0,7.0,6.0,4.0,7.0,6.0,4.0,7,9.0,6.0,3.0,6.0,5.0,4.0,7.0,2.0,4.0,11,1,9,14,3,8,8.0,2.0,7.0,1.0,6.0,8.0,6.0,6.0,2.0,2,8,4,7,6,5.0,4.0,6.0,4.0,4.0,5.0,11.0,4.0,8.0,14.0,8.0,10.0,9.0,10.0,5.0,4.0,3.0,1.0,3.0,5.0,12.0,12.0,13.0,1.0,3.0,6.0,4.0,4.0,2.0,5.0,7.0,7.0,5.0,8.0,8.0,8.0,10.0,3.0,1.0,,5.0,13.0,8.0,8.0,7.0,9.0,5.0,2.0,1.0,6.0,8.0,1.0,2.0,2.0,1.0,1.0,5.0,4.0,8.0,2.0,4.0,1.0,,5.0,9.0,9.0,6.0,4.0,8.0,8.0,,,,,,,,,,,,6.0,,,,,,,,,,,,,,,,2.0,1.0,1.0,,,,,,,,,,,,,,,,,,,,,,,,,,,,,,,,,,,,,,,,,,,,,,,,,,,,,,,,,,,,,,,,,,,,,,,,,,,,,,,,,,,,,,,,,,,,,,,,,,,,,,,,,,,,,,,,,,,,,,,,,,,,,,,,,,,,,,,,,,,,,,,,,,,,,,,,,,,,,,,,,,,,,,,,,,,,,,,,,,,,,,,,,,,,,,,,,,,,,,,,,,,,,,,,,,,,,,,,,,,,,,,,,,,,,,,,,,,,,,,,,,,,,,,,,,,,,,,,,,,,,,,,,,,,,,,,,,,,,,,,,,,,,,,,,,,,,,,,,,,,,,,,,,,,,,,,,,,,,,,,,,,,,,,,,,,,,,,,,,,,,,,,,,,,,,,,,,,,,,,,,,,,,,,,,,,,,,,,,,,,,,,,,,,,,,,,,,,,,,,,,,,,,,,,,,,,,,,,,,,,,,,,,,,,,,,,,,,,,,,,,,,,,,,,,,,,,,,,,,,,,,,,,,,,,,,,,,,,,,,,,,,,,,,,,,,,,,,,,,,,,,,,,,,,,,,,,,,,,,,,,,,,,,,,,,,,,,,,,,,,,,,,,,,,,,,
1865_fehr,,1.0,5.0,4.0,3.0,,3.0,2.0,2.0,6.0,,7.0,3.0,6.0,5.0,4.0,,8.0,7.0,2.0,9.0,1.0,4.0,7.0,4.0,4.0,7.0,15.0,13.0,12.0,7.0,3.0,2.0,,3.0,8.0,11.0,12.0,6.0,2.0,10.0,10.0,4.0,2.0,7.0,5.0,3.0,7.0,4.0,8.0,8,9.0,8.0,9.0,3.0,2.0,3.0,6.0,2.0,2.0,11,2,9,11,3,9,9.0,6.0,2.0,6.0,4.0,7.0,1.0,10.0,5.0,8,2,2,7,6,2.0,1.0,2.0,3.0,6.0,5.0,12.0,12.0,13.0,10.0,6.0,11.0,9.0,10.0,4.0,6.0,4.0,3.0,3.0,4.0,7.0,17.0,8.0,4.0,3.0,8.0,9.0,2.0,2.0,13.0,10.0,9.0,2.0,6.0,6.0,11.0,8.0,7.0,3.0,1.0,4.0,1.0,10.0,10.0,12.0,8.0,1.0,1.0,2.0,2.0,3.0,8.0,10.0,2.0,1.0,1.0,2.0,8.0,7.0,4.0,1.0,3.0,,5.0,11.0,9.0,1.0,6.0,7.0,4.0,,,,,,,,,,,,4.0,,,,,,,,,,,,,,,,4.0,1.0,1.0,,,3.0,,,2.0,1.0,,,,,,,,,,,,,,,,,,,,,,,,,,,,,,,,,,,,,,,,,,,,,,,,,,,,,,,,,,,,,,,,,,,,,,,,,,,,,,,,,,,,,,,,,,,,,,,,,,,,,,,,,,,,,,,,,,,,,,,,,,,,,,,,,,,,,,,,,,,,,,,,,,,,,,,,,,,,,,,,,,,,,,,,,,,,,,,,,,,,,,,,,,,,,,,,,,,,,,,,,,,,,,,,,,,,,,,,,,,,,,,,,,,,,,,,,,,,,,,,,,,,,,,,,,,,,,,,,,,,,,,,,,,,,,,,,,,,,,,,,,,,,,,,,,,,,,,,,,,,,,,,,,,,,,,,,,,,,,,,,,,,,,,,,,,,,,,,,,,,,,,,,,,,,,,,,,,,,,,,,,,,,,,,,,,,,,,,,,,,,,,,,,,,,,,,,,,,,,,,,,,,,,,,,,,,,,,,,,,,,,,,,,,,,,,,,,,,,,,,,,,,,,,,,,,,,,,,,,,,,,,,,,,,,,,,,,,,,,,,,,,,,,,,,,,,,,,,,,,,,,,,,,,,,,,,,,,,,,,,,,,,,,,,,,,,,,,,,,,,,,,,
1865_riess,,4.0,4.0,5.0,3.0,,2.0,5.0,2.0,5.0,,3.0,7.0,4.0,4.0,4.0,,8.0,6.0,9.0,7.0,6.0,4.0,8.0,,4.0,10.0,15.0,13.0,12.0,7.0,3.0,3.0,,3.0,8.0,11.0,12.0,6.0,2.0,13.0,10.0,6.0,3.0,0.0,0.0,3.0,7.0,4.0,8.0,8,9.0,8.0,9.0,4.0,4.0,3.0,9.0,2.0,4.0,11,2,9,11,3,9,9.0,5.0,5.0,2.0,8.0,6.0,7.0,10.0,5.0,9,3,2,7,6,2.0,7.0,7.0,2.0,10.0,11.0,12.0,12.0,13.0,10.0,6.0,11.0,9.0,6.0,5.0,6.0,4.0,9.0,9.0,4.0,7.0,17.0,8.0,4.0,11.0,10.0,10.0,2.0,2.0,1.0,10.0,10.0,2.0,6.0,6.0,5.0,11.0,7.0,3.0,,4.0,7.0,17.0,2.0,12.0,7.0,2.0,3.0,3.0,4.0,7.0,8.0,11.0,1.0,3.0,2.0,1.0,6.0,7.0,4.0,1.0,5.0,4.0,6.0,4.0,6.0,2.0,9.0,4.0,7.0,1.0,2.0,1.0,2.0,3.0,3.0,1.0,,3.0,4.0,,5.0,,,,,,,,,,,,,,,,,,,,,,,,,,,,,,,,,,,,,,,,,,,,,,,,,,,,,,,,,,,,,,,,,,,,,,,,,,,,,,,,,,,,,,,,,,,,,,,,,,,,,,,,,,,,,,,,,,,,,,,,,,,,,,,,,,,,,,,,,,,,,,,,,,,,,,,,,,,,,,,,,,,,,,,,,,,,,,,,,,,,,,,,,,,,,,,,,,,,,,,,,,,,,,,,,,,,,,,,,,,,,,,,,,,,,,,,,,,,,,,,,,,,,,,,,,,,,,,,,,,,,,,,,,,,,,,,,,,,,,,,,,,,,,,,,,,,,,,,,,,,,,,,,,,,,,,,,,,,,,,,,,,,,,,,,,,,,,,,,,,,,,,,,,,,,,,,,,,,,,,,,,,,,,,,,,,,,,,,,,,,,,,,,,,,,,,,,,,,,,,,,,,,,,,,,,,,,,,,,,,,,,,,,,,,,,,,,,,,,,,,,,,,,,,,,,,,,,,,,,,,,,,,,,,,,,,,,,,,,,,,,,,,,,,,,,,,,,,,,,,,,,,,,,,,,,,,,,,,,,,,,,,,,,,,,,,,,,,,,,,,,,,,,,,,,,,,,,,,,,,,,,,,,,,,,
1865_sandreczki,,,,,,,,,,,,,,,,,,,,,,,,,,,,,,,,,,,,,0.0,0.0,0.0,0.0,,,,,,,,0.0,0.0,0.0,0,0.0,0.0,,,,,,,,0,0,0,0,0,0,,,,,,,,0.0,0.0,0,0,0,0,0,,,,,,,,0.0,0.0,0.0,0.0,0.0,0.0,,,,,,,,0.0,0.0,0.0,0.0,0.0,,,,,,,,6.0,0.0,0.0,0.0,,,,,,,,,,,,,,,,,,,,,,,,,,,,,,,,,,,,,,,,,,,,,,,,,,,,,,,,,,,,,,,,,,,,,,,,,,,,,,,,,,,,,,,,,,,,,,,,,,,,,,,,,,,,,,,,,,,,,,,,,,,,,,,,,,,,,,,,,,,,,,,,,,,,,,,,,,,,,,,,,,,,,,,,,,,,,,,,,,,,,,,,,,,,,,,,,,,,,,,,,,,,,,,,,,,,,,,,,,,,,,,,,,,,,,,,,,,,,,,,,,,,,,,,,,,,,,,,,,,,,,,,,,,,,,,,,,,,,,,,,,,,,,,,,,,,,,,,,,,,,,,,,,,,,,,,,,,,,,,,,,,,,,,,,,,,,,,,,,,,,,,,,,,,,,,,,,,,,,,,,,,,,,,,,,,,,,,,,,,,,,,,,,,,,,,,,,,,,,,,,,,,,,,,,,,,,,,,,,,,,,,,,,,,,,,,,,,,,,,,,,,,,,,,,,,,,,,,,,,,,,,,,,,,,,,,,,,,,,,,,,,,,,,,,,,,,,,,,,,,,,,,,,,,,,,,,,,,,,,,,,,,,,,,,,,,,,,,,,,,,,,,,,,,,,,,,,,,,,,,,,,,,,,,,,,,,,,,,,,,,,,,,,,,,,,,,,,,,,,,,,,,,,,,,,,,,,,
1865_unknown,,,,,,,,,,,3.0,3.0,7.0,4.0,4.0,4.0,4.0,8.0,9.0,12.0,7.0,9.0,4.0,8.0,5.0,5.0,7.0,15.0,13.0,12.0,6.0,3.0,5.0,1.0,3.0,8.0,11.0,12.0,6.0,2.0,13.0,10.0,7.0,2.0,7.0,5.0,3.0,7.0,4.0,8.0,8,9.0,6.0,4.0,5.0,3.0,3.0,9.0,2.0,2.0,11,2,9,11,3,8,8.0,4.0,1.0,6.0,2.0,6.0,7.0,10.0,5.0,8,2,2,7,6,2.0,7.0,2.0,1.0,10.0,11.0,8.0,12.0,13.0,10.0,7.0,11.0,9.0,10.0,5.0,6.0,2.0,12.0,8.0,4.0,7.0,17.0,8.0,4.0,11.0,11.0,10.0,6.0,2.0,9.0,6.0,10.0,1.0,6.0,6.0,5.0,11.0,7.0,,,,,,,,,,,,,,,,,,,,,,,,,,,,,,,,,,,,,,,,,,,,,,,,,,,,,,,,,,,,,,,,,,,,,,,,,,,,,,,,,,,,,,,,,,,,,,,,,,,,,,,,,,,,,,,,,,,,,,,,,,,,,,,,,,,,,,,,,,,,,,,,,,,,,,,,,,,,,,,,,,,,,,,,,,,,,,,,,,,,,,,,,,,,,,,,,,,,,,,,,,,,,,,,,,,,,,,,,,,,,,,,,,,,,,,,,,,,,,,,,,,,,,,,,,,,,,,,,,,,,,,,,,,,,,,,,,,,,,,,,,,,,,,,,,,,,,,,,,,,,,,,,,,,,,,,,,,,,,,,,,,,,,,,,,,,,,,,,,,,,,,,,,,,,,,,,,,,,,,,,,,,,,,,,,,,,,,,,,,,,,,,,,,,,,,,,,,,,,,,,,,,,,,,,,,,,,,,,,,,,,,,,,,,,,,,,,,,,,,,,,,,,,,,,,,,,,,,,,,,,,,,,,,,,,,,,,,,,,,,,,,,,,,,,,,,,,,,,,,,,,,,,,,,,,,,,,,,,,,,,,,,,,,,,,,,,,,,,,,,,,,,,,,,,,,,,,,,,,,,,,,,,,,,,,,,,,,,,,,,,,,,,,,,,,,,,,,,,,,,,,,,,,,,,,,,,
1865_wilson,,,,,,0.0,0.0,0.0,0.0,0.0,0.0,0.0,0.0,0.0,0.0,6.0,0.0,0.0,6.0,7.0,0.0,0.0,1.0,6.0,0.0,0.0,10.0,13.0,0.0,0.0,7.0,3.0,0.0,0.0,0.0,0.0,11.0,13.0,0.0,0.0,0.0,0.0,0.0,,0.0,0.0,3.0,7.0,6.0,0.0,0,0.0,0.0,0.0,,,,0.0,0.0,4.0,6,2,0,0,3,9,9.0,,,,,6.0,0.0,0.0,0.0,0,0,0,7,6,2.0,,,,10.0,0.0,0.0,0.0,0.0,0.0,0.0,0.0,0.0,10.0,,,,0.0,0.0,0.0,0.0,0.0,0.0,0.0,0.0,0.0,,,,7.0,5.0,7.0,6.0,0.0,0.0,0.0,0.0,,,,7.0,14.0,0.0,0.0,0.0,0.0,0.0,,,0.0,8.0,4.0,2.0,4.0,3.0,,5.0,2.0,0.0,3.0,3.0,5.0,2.0,,0.0,0.0,0.0,0.0,6.0,0.0,,,,1.0,4.0,0.0,0.0,,,,,5.0,,,,,,,,,,,,,,,,0.0,,0.0,0.0,0.0,1.0,,4.0,,,0.0,1.0,2.0,1.0,,,,,,,,,,,,,,,,,,,,,,,,,,,,,,,,,,,,,,,,,,,,,,,,,,,,,,,,,,,,,,,,,,,,,,,,,,,,,,,,,,,,,,,,,,,,,,,,,,,,,,,,,,,,,,,,,,,,,,,,,,,,,,,,,,,,,,,,,,,,,,,,,,,,,,,,,,,,,,,,,,,,,,,,,,,,,,,,,,,,,,,,,,,,,,,,,,,,,,,,,,,,,,,,,,,,,,,,,,,,,,,,,,,,,,,,,,,,,,,,,,,,,,,,,,,,,,,,,,,,,,,,,,,,,,,,,,,,,,,,,,,,,,,,,,,,,,,,,,,,,,,,,,,,,,,,,,,,,,,,,,,,,,,,,,,,,,,,,,,,,,,,,,,,,,,,,,,,,,,,,,,,,,,,,,,,,,,,,,,,,,,,,,,,,,,,,,,,,,,,,,,,,,,,,,,,,,,,,,,,,,,,,,,,,,,,,,,,,,,,,,,,,,,,,,,,,,,,,,,,,,,,,,,,,,,,,,,,,,,,,,,,,,,,,,,,,,,,,,,,,,,,,,,,,,,,,,,,,,,,,,,,,,,,,,,,,,,,,,,,
1865_wilson_2,,,0.0,0.0,0.0,0.0,0.0,0.0,0.0,0.0,0.0,0.0,0.0,0.0,0.0,0.0,3.0,8.0,0.0,7.0,8.0,0.0,0.0,0.0,0.0,0.0,0.0,13.0,15.0,0.0,0.0,0.0,0.0,0.0,0.0,0.0,0.0,13.0,6.0,0.0,0.0,0.0,0.0,0.0,0.0,5.0,0.0,0.0,0.0,0.0,0,0.0,0.0,0.0,0.0,0.0,0.0,0.0,0.0,0.0,0,0,0,0,0,0,9.0,0.0,1.0,2.0,8.0,6.0,0.0,0.0,0.0,0,0,0,0,0,2.0,7.0,4.0,2.0,10.0,0.0,0.0,0.0,0.0,0.0,0.0,0.0,0.0,0.0,6.0,0.0,0.0,0.0,0.0,5.0,14.0,0.0,0.0,0.0,0.0,0.0,10.0,0.0,0.0,0.0,5.0,7.0,6.0,0.0,0.0,0.0,0.0,0.0,0.0,0.0,0.0,14.0,14.0,0.0,0.0,0.0,0.0,0.0,0.0,11.0,8.0,4.0,0.0,0.0,0.0,0.0,4.0,2.0,3.0,0.0,0.0,0.0,0.0,6.0,6.0,0.0,0.0,4.0,6.0,8.0,,0.0,0.0,0.0,0.0,0.0,0.0,0.0,0.0,0.0,0.0,0.0,0.0,3.0,3.0,1.0,1.0,0.0,0.0,0.0,0.0,0.0,,0.0,0.0,0.0,0.0,2.0,4.0,0.0,0.0,0.0,1.0,0.0,0.0,0.0,0.0,0.0,1.0,2.0,1.0,0.0,0.0,0.0,0.0,0.0,0.0,0.0,0.0,0.0,0.0,0.0,0.0,0.0,0.0,0.0,0.0,0.0,0.0,0.0,0.0,0.0,0.0,0.0,0.0,0.0,0.0,2.0,0.0,0.0,0.0,0.0,0.0,0.0,0.0,0.0,1.0,0.0,0.0,0.0,0.0,0.0,0.0,0.0,0.0,0.0,0.0,0.0,0.0,0.0,0.0,0.0,0.0,0.0,0.0,0.0,0.0,0.0,0.0,0.0,0.0,0.0,0.0,0.0,0.0,0.0,0.0,0.0,0.0,0.0,0.0,0.0,1.0,2.0,0.0,0.0,0.0,0.0,0.0,0.0,0.0,0.0,0.0,2.0,1.0,1.0,0.0,0.0,0.0,0.0,0.0,0.0,0.0,1.0,1.0,1.0,0.0,0.0,0.0,0.0,0.0,3.0,0.0,2.0,1.0,0.0,0.0,0.0,1.0,2.0,1.0,0.0,0.0,0.0,0.0,0.0,0.0,0.0,0.0,3.0,3.0,1.0,1.0,0.0,0.0,0.0,0.0,0.0,0.0,2.0,1.0,2.0,2.0,0.0,0.0,0.0,1.0,1.0,0.0,0.0,0.0,0.0,0.0,1.0,1.0,4.0,0.0,0.0,0.0,1.0,1.0,1.0,0.0,0.0,0.0,0.0,0.0,1.0,3.0,3.0,3.0,0.0,3.0,2.0,2.0,1.0,1.0,1.0,2.0,2.0,2.0,1.0,0.0,2.0,2.0,2.0,1.0,0.0,0.0,0.0,0.0,0.0,2.0,0.0,0.0,1.0,1.0,1.0,0.0,2.0,2.0,1.0,3.0,2.0,2.0,3.0,2.0,0.0,0.0,0.0,0.0,0.0,0.0,1.0,2.0,2.0,2.0,0.0,0.0,0.0,0.0,1.0,2.0,2.0,0.0,2.0,2.0,0.0,0.0,0.0,2.0,2.0,2.0,2.0,3.0,3.0,2.0,0.0,2.0,4.0,2.0,2.0,1.0,2.0,2.0,0.0,3.0,1.0,2.0,0.0,2.0,2.0,0.0,0.0,1.0,1.0,1.0,0.0,1.0,4.0,2.0,2.0,1.0,3.0,1.0,2.0,1.0,3.0,,,,,,,,,,,,,,,,,,,,,,,,,,,,,,,,,,,,,,,,,,,,,,,,,,,,,,,,,,,,,,,,,,,,,,,,,,,,,,,,,,,,,,,,,,,,,,,,,,,,,,,,,,,,,,,,,,,,,,,,,,,,,,,,,,,,,,,,,,,,,,,,,,,,,,,,,,,,,,,,,,,,,,,,,,,,,,,,,,,,,,,,,,,,,,,,,,,,,,,,,,,,,,,,,,,,,,,,,,,,,,,,,,,,,,,,,,,,,,,,,,,,,,,,,,,,,,,,,,,,,,,,,,,,,,,,,,,,,,,,,,,
1866_gelis,2.0,4.0,6.0,5.0,3.0,4.0,5.0,5.0,5.0,4.0,4.0,1.0,7.0,7.0,6.0,8.0,1.0,3.0,10.0,7.0,8.0,1.0,2.0,6.0,4.0,4.0,10.0,15.0,12.0,11.0,4.0,4.0,,1.0,3.0,8.0,12.0,13.0,5.0,4.0,6.0,7.0,3.0,,7.0,4.0,3.0,7.0,5.0,3.0,7,9.0,3.0,9.0,3.0,,3.0,6.0,2.0,4.0,10,6,9,14,0,9,5.0,5.0,1.0,,4.0,7.0,6.0,6.0,2.0,2,8,4,0,0,0.0,6.0,3.0,8.0,6.0,5.0,4.0,8.0,8.0,13.0,8.0,11.0,0.0,10.0,8.0,2.0,1.0,2.0,8.0,5.0,12.0,12.0,13.0,1.0,5.0,6.0,4.0,5.0,2.0,9.0,6.0,11.0,6.0,8.0,8.0,7.0,10.0,3.0,1.0,1.0,6.0,14.0,14.0,4.0,8.0,9.0,5.0,2.0,1.0,11.0,11.0,3.0,2.0,4.0,1.0,1.0,4.0,2.0,3.0,3.0,4.0,1.0,,4.0,12.0,4.0,4.0,9.0,6.0,5.0,,,,,,,,,,,,3.0,,,,,,,,,,,,,,,,,2.0,3.0,,,,,,,,,,,,,,,,,,,,,,,,,,,,,,,,,,,,,,,,,,,,,,,,,,,,,,,,,,,,,,,,,,,,,,,,,,,,,,,,,,,,,,,,,,,,,,,,,,,,,,,,,,,,,,,,,,,,,,,,,,,,,,,,,,,,,,,,,,,,,,,,,,,,,,,,,,,,,,,,,,,,,,,,,,,,,,,,,,,,,,,,,,,,,,,,,,,,,,,,,,,,,,,,,,,,,,,,,,,,,,,,,,,,,,,,,,,,,,,,,,,,,,,,,,,,,,,,,,,,,,,,,,,,,,,,,,,,,,,,,,,,,,,,,,,,,,,,,,,,,,,,,,,,,,,,,,,,,,,,,,,,,,,,,,,,,,,,,,,,,,,,,,,,,,,,,,,,,,,,,,,,,,,,,,,,,,,,,,,,,,,,,,,,,,,,,,,,,,,,,,,,,,,,,,,,,,,,,,,,,,,,,,,,,,,,,,,,,,,,,,,,,,,,,,,,,,,,,,,,,,,,,,,,,,,,,,,,,,,,,,,,,,,,,,,,,,,,,,,,,,,,,,,,,,,,,,,,,,,,,,,,,,,,,,,,,,,,,,,,,,,,,,,,,,,
1866_unknown,,,,,,,,,,,,3.0,7.0,7.0,,,,,7.0,9.0,7.0,1.0,1.0,,,5.0,10.0,13.0,0.0,11.0,4.0,,,,3.0,8.0,11.0,12.0,6.0,3.0,13.0,9.0,,,,4.0,2.0,7.0,6.0,4.0,8,9.0,8.0,,,,,6.0,3.0,4.0,6,6,9,14,3,9,9.0,5.0,,,6.0,8.0,7.0,10.0,11.0,6,8,4,7,6,2.0,0.0,0.0,0.0,8.0,10.0,8.0,11.0,3.0,13.0,8.0,0.0,9.0,10.0,5.0,4.0,2.0,1.0,8.0,5.0,12.0,12.0,11.0,3.0,3.0,11.0,7.0,6.0,2.0,7.0,5.0,7.0,8.0,7.0,0.0,0.0,0.0,0.0,,,5.0,14.0,14.0,5.0,0.0,0.0,,,,,,,,,,,,,,,,,,,,,,,,,,,,,,,,,,,,,,,,,,,,,,,,,,,,,,,,,,,,,,,,,,,,,,,,,,,,,,,,,,,,,,,,,,,,,,,,,,,,,,,,,,,,,,,,,,,,,,,,,,,,,,,,,,,,,,,,,,,,,,,,,,,,,,,,,,,,,,,,,,,,,,,,,,,,,,,,,,,,,,,,,,,,,,,,,,,,,,,,,,,,,,,,,,,,,,,,,,,,,,,,,,,,,,,,,,,,,,,,,,,,,,,,,,,,,,,,,,,,,,,,,,,,,,,,,,,,,,,,,,,,,,,,,,,,,,,,,,,,,,,,,,,,,,,,,,,,,,,,,,,,,,,,,,,,,,,,,,,,,,,,,,,,,,,,,,,,,,,,,,,,,,,,,,,,,,,,,,,,,,,,,,,,,,,,,,,,,,,,,,,,,,,,,,,,,,,,,,,,,,,,,,,,,,,,,,,,,,,,,,,,,,,,,,,,,,,,,,,,,,,,,,,,,,,,,,,,,,,,,,,,,,,,,,,,,,,,,,,,,,,,,,,,,,,,,,,,,,,,,,,,,,,,,,,,,,,,,,,,,,,,,,,,,,,,,,,,,,,,,,,,,,,,,,,,,,,,,,,,,,,,,,,,,,,,,,,,,,,,,,,,,
1866_unknown_2,,,,,,,,,,,,,,,,,,,,,,,,,,7.0,6.0,,,,,,,,-1.0,11.0,2.0,8.0,6.0,,,,,,-1.0,-1.0,-1.0,1.0,7.0,6.0,9,,,,,,,1.0,-1.0,-1.0,5,2,9,6,3,8,,,,,,2.0,9.0,13.0,7.0,6,2,2,7,6,,,,,,,,3.0,6.0,2.0,11.0,11.0,8.0,,,,,,,,13.0,5.0,11.0,3.0,2.0,,,,,,,,,11.0,6.0,5.0,,,,,,,,,,,,,,,,,,,,,,,,,,,,,,,,,,,,,,,,,,,,,,,,,,,,,,,,,,,,,,,,,,,,,,,,,,,,,,,,,,,,,,,,,,,,,,,,,,,,,,,,,,,,,,,,,,,,,,,,,,,,,,,,,,,,,,,,,,,,,,,,,,,,,,,,,,,,,,,,,,,,,,,,,,,,,,,,,,,,,,,,,,,,,,,,,,,,,,,,,,,,,,,,,,,,,,,,,,,,,,,,,,,,,,,,,,,,,,,,,,,,,,,,,,,,,,,,,,,,,,,,,,,,,,,,,,,,,,,,,,,,,,,,,,,,,,,,,,,,,,,,,,,,,,,,,,,,,,,,,,,,,,,,,,,,,,,,,,,,,,,,,,,,,,,,,,,,,,,,,,,,,,,,,,,,,,,,,,,,,,,,,,,,,,,,,,,,,,,,,,,,,,,,,,,,,,,,,,,,,,,,,,,,,,,,,,,,,,,,,,,,,,,,,,,,,,,,,,,,,,,,,,,,,,,,,,,,,,,,,,,,,,,,,,,,,,,,,,,,,,,,,,,,,,,,,,,,,,,,,,,,,,,,,,,,,,,,,,,,,,,,,,,,,,,,,,,,,,,,,,,,,,,,,,,,,,,,,,,,,,,,,,,,,,,,,,,,,,,,,,,,,,,,,,,,,,,
1866_vandevelde,0.0,4.0,5.0,3.0,4.0,1.0,2.0,7.0,2.0,6.0,5.0,1.0,3.0,6.0,4.0,5.0,1.0,7.0,10.0,2.0,9.0,6.0,4.0,8.0,3.0,3.0,7.0,15.0,13.0,12.0,7.0,3.0,5.0,2.0,3.0,8.0,11.0,12.0,8.0,2.0,13.0,10.0,7.0,3.0,7.0,5.0,0.0,7.0,4.0,8.0,8,9.0,8.0,6.0,6.0,5.0,3.0,6.0,2.0,2.0,11,2,9,11,3,9,8.0,1.0,7.0,2.0,4.0,7.0,1.0,10.0,5.0,8,2,2,7,6,2.0,3.0,3.0,4.0,6.0,5.0,12.0,12.0,13.0,10.0,6.0,11.0,3.0,10.0,4.0,6.0,4.0,3.0,3.0,4.0,7.0,17.0,9.0,4.0,11.0,11.0,9.0,2.0,2.0,3.0,8.0,10.0,1.0,12.0,13.0,5.0,8.0,7.0,,,7.0,5.0,6.0,4.0,5.0,7.0,,,,6.0,2.0,1.0,1.0,,,,3.0,3.0,3.0,,,,,5.0,11.0,8.0,8.0,1.0,6.0,8.0,,,,,,,,,,,,2.0,,,,,,,,,,,,,,,,4.0,1.0,6.0,,,,,,,,,,,,,,,,,,,,,,,,,,,,,,,,,,,,,,,,,,,,,,,,,,,,,,,,,,,,,,,,,,,,,,,,,,,,,,,,,,,,,,,,,,,,,,,,,,,,,,,,,,,,,,,,,,,,,,,,,,,,,,,,,,,,,,,,,,,,,,,,,,,,,,,,,,,,,,,,,,,,,,,,,,,,,,,,,,,,,,,,,,,,,,,,,,,,,,,,,,,,,,,,,,,,,,,,,,,,,,,,,,,,,,,,,,,,,,,,,,,,,,,,,,,,,,,,,,,,,,,,,,,,,,,,,,,,,,,,,,,,,,,,,,,,,,,,,,,,,,,,,,,,,,,,,,,,,,,,,,,,,,,,,,,,,,,,,,,,,,,,,,,,,,,,,,,,,,,,,,,,,,,,,,,,,,,,,,,,,,,,,,,,,,,,,,,,,,,,,,,,,,,,,,,,,,,,,,,,,,,,,,,,,,,,,,,,,,,,,,,,,,,,,,,,,,,,,,,,,,,,,,,,,,,,,,,,,,,,,,,,,,,,,,,,,,,,,,,,,,,,,,,,,,,,,,,,,,,,,,,,,,,,,,,,,,,,,,,,,,,,,,,,,,,
1866_weller,3.0,4.0,4.0,5.0,3.0,4.0,2.0,5.0,5.0,4.0,3.0,3.0,7.0,0.0,6.0,6.0,3.0,8.0,6.0,9.0,0.0,1.0,1.0,6.0,4.0,4.0,10.0,13.0,15.0,11.0,5.0,3.0,2.0,0.0,3.0,8.0,11.0,12.0,6.0,3.0,13.0,10.0,7.0,3.0,7.0,5.0,8.0,7.0,6.0,4.0,8,9.0,8.0,6.0,4.0,4.0,3.0,7.0,3.0,1.0,6,6,9,12,3,9,9.0,4.0,1.0,2.0,8.0,6.0,7.0,9.0,11.0,6,8,1,7,6,5.0,5.0,4.0,1.0,2.0,4.0,8.0,11.0,3.0,13.0,3.0,11.0,8.0,6.0,5.0,6.0,1.0,11.0,8.0,5.0,0.0,12.0,10.0,1.0,3.0,11.0,10.0,6.0,1.0,8.0,5.0,7.0,6.0,7.0,5.0,8.0,12.0,7.0,3.0,1.0,5.0,14.0,14.0,5.0,0.0,8.0,3.0,3.0,2.0,11.0,8.0,3.0,0.0,4.0,2.0,3.0,4.0,4.0,3.0,0.0,0.0,0.0,,8.0,7.0,6.0,5.0,4.0,6.0,8.0,,,,,,,1.0,,0.0,4.0,,8.0,,3.0,2.0,2.0,2.0,1.0,1.0,1.0,1.0,1.0,,,,,,0.0,4.0,8.0,,,1.0,,4.0,0.0,1.0,,1.0,0.0,1.0,,,,,,,,,,,,,,,,,,,,,,,,,,,,,,,,,,,,,,,,,,,,,,,,,,,,,,,,,,,,,,,,,,,,,,,,,,,,,,,,,,,,,,,,,,,,,2.0,,,,,,,,,,,,,,,,,,,3.0,,,,,,,,,,,,,,,,,,,,,1.0,1.0,1.0,,,,,,,,,,,2.0,1.0,1.0,1.0,,,,,,,,,,,,0.0,0.0,2.0,2.0,1.0,1.0,0.0,0.0,0.0,0.0,1.0,1.0,2.0,,,,,,,,,,,,,,,,,,,,,,,,,,,,,,,,,,,,,,,,,,,,,,,,,,,,,,,,,,,,,,,,,,,,,,,,,,,,,,,,,,,,,,,,,,,,,,,,,,,,,,,,,,,,,,,,,,,,,,,,,,,,,,,,,,,,,,,,,,,,,,,,,,,,,,,,,,,,,,,,,,,,,,,,,,,,,,,,,,,,,,,,,,,,,,,,,,,,,,,,,,,,,,,,,,,,,,,,,,,,,,,,,,,,,,,,,,,,,,,,,,,,,,,,,,,,,,,,,,,,,,,,,,,,,,,,,,,,,,,,,,,,,,,,,,,,,,,,,,,,,,,,,,,,,,,,,,,,,,,,,,,,,,,,,,,,,,,,,,,,,,,,,,,,,,,,,,,,,,,,,,,,,,,
1867_roberts,,,4.0,5.0,,,8.0,4.0,3.0,,,2.0,5.0,1.0,,,,8.0,10.0,6.0,8.0,1.0,,,,4.0,9.0,15.0,12.0,9.0,2.0,,,,,6.0,12.0,13.0,13.0,4.0,7.0,1.0,,,,,3.0,7.0,5.0,6.0,9,9.0,9.0,,,,,,,3.0,10,5,4,10,4,3,,,,,,,,6.0,2.0,2,7,5,9,7,,,,,,,,8.0,8.0,4.0,13.0,6.0,9.0,,,,,,,,12.0,9.0,6.0,5.0,11.0,,,,,,,,15.0,14.0,8.0,8.0,,,,,,,,,,,,,,,,,,,,,,,,,,,,,,,,,,,,,,,,,,,,,,,,,,,,,,,,,,,,,,,,,,,,,,,,,,,,,,,,,,,,,,,,,,,,,,,,,,,,,,,,,,,,,,,,,,,,,,,,,,,,,,,,,,,,,,,,,,,,,,,,,,,,,,,,,,,,,,,,,,,,,,,,,,,,,,,,,,,,,,,,,,,,,,,,,,,,,,,,,,,,,,,,,,,,,,,,,,,,,,,,,,,,,,,,,,,,,,,,,,,,,,,,,,,,,,,,,,,,,,,,,,,,,,,,,,,,,,,,,,,,,,,,,,,,,,,,,,,,,,,,,,,,,,,,,,,,,,,,,,,,,,,,,,,,,,,,,,,,,,,,,,,,,,,,,,,,,,,,,,,,,,,,,,,,,,,,,,,,,,,,,,,,,,,,,,,,,,,,,,,,,,,,,,,,,,,,,,,,,,,,,,,,,,,,,,,,,,,,,,,,,,,,,,,,,,,,,,,,,,,,,,,,,,,,,,,,,,,,,,,,,,,,,,,,,,,,,,,,,,,,,,,,,,,,,,,,,,,,,,,,,,,,,,,,,,,,,,,,,,,,,,,,,,,,,,,,,,,,,,,,,,,,,,,,,,,,,,,,,,,,,,,,,,,,,,,,,,,,,,,,,,,,,,,,,,,
1868_unknown,,,,,,,,,,,,0.0,7.0,7.0,6.0,8.0,,8.0,0.0,0.0,0.0,1.0,2.0,6.0,,1.0,10.0,13.0,15.0,11.0,4.0,4.0,,,,9.0,10.0,13.0,6.0,3.0,13.0,7.0,,,,,8.0,4.0,6.0,4.0,7,9.0,8.0,6.0,,,,,2.0,2.0,6,1,9,14,3,9,5.0,,,,,,1.0,6.0,2.0,2,8,4,7,6,2.0,,,,,5.0,11.0,4.0,8.0,14.0,8.0,10.0,9.0,6.0,,,,3.0,3.0,5.0,12.0,12.0,13.0,1.0,5.0,8.0,,,,5.0,7.0,10.0,6.0,7.0,8.0,7.0,10.0,,,,,,,,,,,,,,,,,,,,,,,,,,,,11.0,9.0,,,,,,,,,,,,,,,,,,,,,,,,,,,,,,,,,,1.0,,,,,,,,,,,,,,,,,,,,,,,,,,,,,,,,,,,,,,,,,,,,,,,,,,,,,,,,,,,,,,,,,,,,,,,,,,,,,,,,,,,,,,,,,,,,,,,,,,,,,,,,,,,,,,,,,,,,,,,,,,,,,,,,,,,,,,,,,,,,,,,,,,,,,,,,,,,,,,,,,,,,,,,,,,,,,,,,,,,,,,,,,,,,,,,,,,,,,,,,,,,,,,,,,,,,,,,,,,,,,,,,,,,,,,,,,,,,,,,,,,,,,,,,,,,,,,,,,,,,,,,,,,,,,,,,,,,,,,,,,,,,,,,,,,,,,,,,,,,,,,,,,,,,,,,,,,,,,,,,,,,,,,,,,,,,,,,,,,,,,,,,,,,,,,,,,,,,,,,,,,,,,,,,,,,,,,,,,,,,,,,,,,,,,,,,,,,,,,,,,,,,,,,,,,,,,,,,,,,,,,,,,,,,,,,,,,,,,,,,,,,,,,,,,,,,,,,,,,,,,,,,,,,,,,,,,,,,,,,,,,,,,,,,,,,,,,,,,,,,,,,,,,,,,,,,,,,,,,,,,,,,,,,,,,,,,,,,,,,,,,,,,,,,,,,
1869_pierotti,2.0,4.0,6.0,5.0,3.0,4.0,5.0,5.0,5.0,4.0,4.0,1.0,7.0,7.0,6.0,8.0,1.0,5.0,10.0,5.0,5.0,1.0,2.0,6.0,3.0,3.0,10.0,15.0,15.0,11.0,4.0,1.0,2.0,2.0,4.0,9.0,10.0,13.0,5.0,3.0,13.0,10.0,5.0,3.0,7.0,6.0,4.0,7.0,6.0,4.0,9,9.0,8.0,6.0,4.0,5.0,4.0,9.0,2.0,4.0,11,6,9,12,3,9,9.0,1.0,7.0,1.0,4.0,7.0,1.0,6.0,11.0,7,8,4,7,6,2.0,5.0,6.0,2.0,6.0,5.0,11.0,4.0,3.0,14.0,8.0,10.0,9.0,6.0,6.0,4.0,2.0,3.0,3.0,5.0,12.0,12.0,13.0,1.0,5.0,8.0,6.0,6.0,,5.0,7.0,10.0,6.0,7.0,8.0,7.0,10.0,6.0,,,5.0,13.0,14.0,4.0,8.0,9.0,,,,6.0,11.0,3.0,2.0,,,,5.0,2.0,3.0,,,,,4.0,11.0,9.0,5.0,4.0,8.0,8.0,,,,,,,,,,,,8.0,,,,,,,,,,,,,,,,2.0,2.0,1.0,,,1.0,,2.0,,,,,,,,,,,,,,,,,,,,,,,,,,,,,,,,,,,,,,,,,,,,,,,,,,,,,,,,,,,,,,,,,,,,,,,,,,,,,,,,,,,,,,,,,,,,,,,,,,,,,,,,,,,,,,,,,,,,,,2.0,,,,,,,,,,,,,,,,,,,,,,,,,,,,,,,,,,,,,,,,,,,,,,,,,,,,,,,,,,,,,,,,,,,,,,,,,,,,,,,,,,,,,,,,,,,,,,,,,,,,,,,,,,,,,,,,,,,,,,,,,,,,,,,,,,,,,,,,,,,,,,,,,,,,,,,,,,,,,,,,,,,,,,,,,,,,,,,,,,,,,,,,,,,,,,,,,,,,,,,,,,,,,,,,,,,,,,,,,,,,,,,,,,,,,,,,,,,,,,,,,,,,,,,,,,,,,,,,,,,,,,,,,,,,,,,,,,,,,,,,,,,,,,,,,,,,,,,,,,,,,,,,,,,,,,,,,,,,,,,,,,,,,,,,,,,,,,,,,,,,,,,,,,,,,,,,,,,,,,,,,,,,,,,,,,,,,,,,,,,,,,,,,,,,,,,,,,,,,,,,,,,,,,,,,,,,,,,,,,,,,,,,,,,,
1869_pierotti_2,,,,,,,,,,,,3.0,7.0,7.0,6.0,6.0,,8.0,6.0,7.0,8.0,1.0,1.0,0.0,,4.0,10.0,13.0,14.0,11.0,4.0,0.0,5.0,,,3.0,9.0,15.0,5.0,4.0,7.0,8.0,7.0,3.0,,,4.0,3.0,6.0,3.0,9,8.0,6.0,3.0,4.0,5.0,,,,4.0,11,5,9,12,3,8,9.0,1.0,6.0,1.0,,,,5.0,11.0,6,8,4,7,6,8.0,5.0,7.0,2.0,,,8.0,11.0,3.0,13.0,8.0,10.0,9.0,10.0,5.0,4.0,5.0,12.0,3.0,1.0,13.0,18.0,13.0,6.0,5.0,6.0,6.0,6.0,2.0,7.0,5.0,7.0,8.0,8.0,8.0,7.0,10.0,6.0,,,,,,,,,,,,,,,,,,,,,,,,,,,,7.0,,,,,,,,,,,,,,,,,,,,,,,,,,,,,,,,,,,,,,,,,,,,,,,,,,,,,,,,,,,,,,,,,,,,,,,,,,,,,,,,,,,,,,,,,,,,,,,,,,,,,,,,,,,,,,,,,,,,,,,,,,,,,,,,,,,,,,,,,,,,,,,,,,,,,,,,,,,,,,,,,,,,,,,,,,,,,,,,,,,,,,,,,,,,,,,,,,,,,,,,,,,,,,,,,,,,,,,,,,,,,,,,,,,,,,,,,,,,,,,,,,,,,,,,,,,,,,,,,,,,,,,,,,,,,,,,,,,,,,,,,,,,,,,,,,,,,,,,,,,,,,,,,,,,,,,,,,,,,,,,,,,,,,,,,,,,,,,,,,,,,,,,,,,,,,,,,,,,,,,,,,,,,,,,,,,,,,,,,,,,,,,,,,,,,,,,,,,,,,,,,,,,,,,,,,,,,,,,,,,,,,,,,,,,,,,,,,,,,,,,,,,,,,,,,,,,,,,,,,,,,,,,,,,,,,,,,,,,,,,,,,,,,,,,,,,,,,,,,,,,,,,,,,,,,,,,,,,,,,,,,,,,,,,,,,,,,,,,,,,,,,,,,,,,,,,,,,,,,,,,,,,,,,,,,,,,,,,,,,,,,,,,,
187-_hughes,,,,,,,,,,,,,,,,,,,,,,,,,,,,,,,,,,,,,9.0,5.0,5.0,,,,,,,,,2.0,4.0,6.0,9,6.0,3.0,,,,,,,,8,1,9,11,4,10,,,,,,,,,,7,3,8,5,6,,,,,,,,,,,7.0,7.0,8.0,,,,,,,,,,,,,,,,,,,,,,,,,,,,,,,,,,,,,,,,,,,,,,,,,,,,,,,,,,,,,,,,,,,,,,,,,,,,,,,,,,,,,,,,,,,,,,,,,,,,,,,,,,,,,,,,,,,,,,,,,,,,,,,,,,,,,,,,,,,,,,,,,,,,,,,,,,,,,,,,,,,,,,,,,,,,,,,,,,,,,,,,,,,,,,,,,,,,,,,,,,,,,,,,,,,,,,,,,,,,,,,,,,,,,,,,,,,,,,,,,,,,,,,,,,,,,,,,,,,,,,,,,,,,,,,,,,,,,,,,,,,,,,,,,,,,,,,,,,,,,,,,,,,,,,,,,,,,,,,,,,,,,,,,,,,,,,,,,,,,,,,,,,,,,,,,,,,,,,,,,,,,,,,,,,,,,,,,,,,,,,,,,,,,,,,,,,,,,,,,,,,,,,,,,,,,,,,,,,,,,,,,,,,,,,,,,,,,,,,,,,,,,,,,,,,,,,,,,,,,,,,,,,,,,,,,,,,,,,,,,,,,,,,,,,,,,,,,,,,,,,,,,,,,,,,,,,,,,,,,,,,,,,,,,,,,,,,,,,,,,,,,,,,,,,,,,,,,,,,,,,,,,,,,,,,,,,,,,,,,,,,,,,,,,,,,,,,,,,,,,,,,,,,,,,,,,,,,,,,,,,,,,,,,,,,,,,,,,,
1870_warren,,,,,,,,,,,,,,,,,,0.0,0.0,0.0,0.0,0.0,1.0,8.0,,0.0,0.0,0.0,0.0,0.0,0.0,3.0,,,,0.0,0.0,0.0,0.0,0.0,13.0,8.0,,,,,0.0,0.0,0.0,0.0,0,0.0,8.0,6.0,,,,,,4.0,6,0,0,0,0,0,0.0,,,,,,,0.0,0.0,0,0,0,0,0,0.0,,,,,,0.0,0.0,0.0,0.0,0.0,0.0,0.0,0.0,,,,,0.0,0.0,0.0,0.0,0.0,0.0,0.0,0.0,,,,7.0,0.0,0.0,8.0,8.0,0.0,0.0,0.0,,,,7.0,13.0,14.0,5.0,0.0,0.0,,,,,,,,,,,,,,,,,,,,,4.0,,,,,,,,,,,,,,,,,,,,,,,,,,,,,,,,,,,,,,,,,,,,,,,,,,,,,,,,,,,,,,,,,,,,,,,,,,,,,,,,,,,,,,,,,,,,,,,,,,,,,,,,,,,,,,,,,,,,,,,,,,,,,,,,,,,,,,,,,,,,,,,,,,,,,,,,,,,,,,,,,,,,,,,,,,,,,,,,,,,,,,,,,,,,,,,,,,,,,,,,,,,,,,,,,,,,,,,,,,,,,,,,,,,,,,,,,,,,,,,,,,,,,,,,,,,,,,,,,,,,,,,,,,,,,,,,,,,,,,,,,,,,,,,,,,,,,,,,,,,,,,,,,,,,,,,,,,,,,,,,,,,,,,,,,,,,,,,,,,,,,,,,,,,,,,,,,,,,,,,,,,,,,,,,,,,,,,,,,,,,,,,,,,,,,,,,,,,,,,,,,,,,,,,,,,,,,,,,,,,,,,,,,,,,,,,,,,,,,,,,,,,,,,,,,,,,,,,,,,,,,,,,,,,,,,,,,,,,,,,,,,,,,,,,,,,,,,,,,,,,,,,,,,,,,,,,,,,,,,,,,,,,,,,,,,,,,,,,,,,,,,,,,,,,,,,,,,,,,,,,,,,,,,,,,,,,,,,,,,,,,,,,
1871_howe,3.0,1.0,5.0,4.0,3.0,4.0,2.0,5.0,2.0,4.0,3.0,3.0,7.0,7.0,6.0,6.0,3.0,8.0,6.0,7.0,8.0,1.0,4.0,8.0,5.0,5.0,10.0,14.0,15.0,11.0,5.0,3.0,3.0,2.0,3.0,8.0,11.0,12.0,6.0,3.0,13.0,8.0,7.0,3.0,0.0,0.0,3.0,7.0,6.0,4.0,8,0.0,0.0,6.0,4.0,4.0,0.0,6.0,0.0,0.0,0,6,9,12,3,9,0.0,5.0,1.0,2.0,0.0,6.0,0.0,10.0,11.0,6,0,4,7,6,0.0,5.0,4.0,2.0,0.0,0.0,0.0,0.0,0.0,0.0,0.0,0.0,0.0,0.0,6.0,4.0,2.0,11.0,8.0,5.0,0.0,12.0,13.0,1.0,0.0,0.0,10.0,6.0,2.0,7.0,5.0,7.0,8.0,8.0,5.0,8.0,0.0,0.0,3.0,1.0,5.0,13.0,16.0,7.0,6.0,8.0,0.0,0.0,0.0,11.0,8.0,3.0,2.0,4.0,0.0,0.0,4.0,2.0,3.0,3.0,3.0,0.0,2.0,0.0,7.0,5.0,5.0,4.0,6.0,7.0,,2.0,2.0,1.0,4.0,3.0,1.0,1.0,3.0,4.0,2.0,5.0,2.0,3.0,3.0,1.0,1.0,1.0,0.0,1.0,0.0,0.0,,,,,,2.0,4.0,7.0,,,1.0,,4.0,0.0,0.0,,1.0,2.0,1.0,,,,,,,,,,,,,,,,,,,,,,,,,,,,,,,,,,,,,,,,,,,,,,,,,,,,,,,,,,,,,,,,,,,,,,,,1.0,,,,,,,,,,,,,,,,,,,,,,,,,,,,,,,,,,,,,,,,3.0,,,,,,,,,,,,,,,,,,,,,0.0,0.0,0.0,,,,,,,,,,,0.0,0.0,,,,,,,,,,,,,,,,,,,,,,,,,,,,,,,,,,,,,,,,,,,,,,,,,,,,,,,,,,,,,,,,,,,,,,,,,,,,,,,,,,,,,,,,,,,,,,,,,,,,,,,,,,,,,,,,,,,,,,,,,,,,,,,,,,,,,,,,,,,,,,,,,,,,,,,,,,,,,,,,,,,,,,,,,,,,,,,,,,,,,,,,,,,,,,,,,,,,,,,,,,,,,,,,,,,,,,,,,,,,,,,,,,,,,,,,,,,,,,,,,,,,,,,,,,,,,,,,,,,,,,,,,,,,,,,,,,,,,,,,,,,,,,,,,,,,,,,,,,,,,,,,,,,,,,,,,,,,,,,,,,,,,,,,,,,,,,,,,,,,,,,,,,,,,,,,,,,,,,,,,,,,,,,,,,,,,,,,,,,,,,,,,,,,,,,,,
1871_whitney,,,,,,,,,,,,0.0,7.0,7.0,6.0,8.0,,0.0,0.0,11.0,0.0,1.0,2.0,6.0,,0.0,0.0,13.0,15.0,11.0,0.0,3.0,,,0.0,0.0,0.0,12.0,6.0,1.0,13.0,8.0,,,,5.0,0.0,0.0,6.0,4.0,9,7.0,0.0,0.0,,,,,3.0,0.0,0,0,0,12,3,0,0.0,,,,,,7.0,0.0,0.0,6,0,0,0,0,2.0,,,,3.0,10.0,6.0,0.0,3.0,0.0,0.0,0.0,0.0,6.0,,,,11.0,0.0,0.0,12.0,12.0,11.0,1.0,3.0,11.0,,,,9.0,6.0,0.0,0.0,7.0,5.0,6.0,12.0,,,,6.0,14.0,14.0,5.0,8.0,7.0,3.0,,,11.0,8.0,4.0,2.0,4.0,1.0,,4.0,2.0,0.0,3.0,3.0,5.0,,,7.0,7.0,5.0,4.0,6.0,8.0,,,,,,,,,,,,6.0,,,,,,,,,,,,,,,,2.0,,8.0,,,1.0,,4.0,,,,0.0,0.0,1.0,,,,,,,,,,,,,,,,,,,,,,,,,,,,,,,,,,,,,,,,,,,,,,,,,,,,,,,,,,,,,,,,,,,,,,,,,,,,,,,,,,,,,,,,,,,,,,,,,,,,,,,,,,,,,,,,,,,,,,,,,,,,,,,,,,,,,,,,,,,,,,,,,,,,,,,,,,,,,,,,,,,,,,,,,,,,,,,,,,,,,,,,,,,,,,,,,,,,,,,,,,,,,,,,,,,,,,,,,,,,,,,,,,,,,,,,,,,,,,,,,,,,,,,,,,,,,,,,,,,,,,,,,,,,,,,,,,,,,,,,,,,,,,,,,,,,,,,,,,,,,,,,,,,,,,,,,,,,,,,,,,,,,,,,,,,,,,,,,,,,,,,,,,,,,,,,,,,,,,,,,,,,,,,,,,,,,,,,,,,,,,,,,,,,,,,,,,,,,,,,,,,,,,,,,,,,,,,,,,,,,,,,,,,,,,,,,,,,,,,,,,,,,,,,,,,,,,,,,,,,,,,,,,,,,,,,,,,,,,,,,,,,,,,,,,,,,,,,,,,,,,,,,,,,,,,,,,,,,,,,,,,,,,,,,,,,,,,,,,,,
1872_wolff,2.0,4.0,6.0,5.0,3.0,4.0,5.0,5.0,5.0,4.0,4.0,1.0,7.0,7.0,6.0,8.0,1.0,3.0,10.0,7.0,5.0,1.0,2.0,6.0,3.0,3.0,10.0,13.0,15.0,11.0,4.0,1.0,5.0,2.0,4.0,9.0,11.0,13.0,6.0,3.0,13.0,8.0,5.0,3.0,7.0,6.0,4.0,7.0,6.0,3.0,7,9.0,8.0,8.0,4.0,5.0,4.0,9.0,3.0,4.0,10,5,9,14,3,9,5.0,1.0,7.0,1.0,6.0,8.0,6.0,6.0,2.0,2,8,4,7,6,2.0,5.0,6.0,2.0,4.0,5.0,11.0,4.0,8.0,14.0,8.0,9.0,9.0,6.0,6.0,4.0,2.0,1.0,3.0,5.0,12.0,12.0,13.0,1.0,5.0,8.0,6.0,6.0,,5.0,7.0,7.0,6.0,8.0,8.0,7.0,10.0,6.0,,,5.0,13.0,14.0,7.0,8.0,9.0,,,,6.0,11.0,3.0,2.0,,,,5.0,4.0,0.0,,,,,5.0,9.0,9.0,6.0,4.0,8.0,8.0,,,,,,,,,,,,6.0,,,,,,,,,,,,,,,,2.0,1.0,1.0,,,1.0,,,,,,,,,,,,,,,,,,,,,,,,,,,,,,,,,,,,,,,,,,,,,,,,,,,,,,,,,,,,,,,,,,,,,,,,,,,,,,,,,,,,,,,,,,,,,,,,,,,,,,,,,,,,,,,,,,,,,,,,,,,,,,,,,,,,,,,,,,,,,,,,,,,,,,,,,,,,,,,,,,,,,,,,,,,,,,,,,,,,,,,,,,,,,,,,,,,,,,,,,,,,,,,,,,,,,,,,,,,,,,,,,,,,,,,,,,,,,,,,,,,,,,,,,,,,,,,,,,,,,,,,,,,,,,,,,,,,,,,,,,,,,,,,,,,,,,,,,,,,,,,,,,,,,,,,,,,,,,,,,,,,,,,,,,,,,,,,,,,,,,,,,,,,,,,,,,,,,,,,,,,,,,,,,,,,,,,,,,,,,,,,,,,,,,,,,,,,,,,,,,,,,,,,,,,,,,,,,,,,,,,,,,,,,,,,,,,,,,,,,,,,,,,,,,,,,,,,,,,,,,,,,,,,,,,,,,,,,,,,,,,,,,,,,,,,,,,,,,,,,,,,,,,,,,,,,,,,,,,,,,,,,,,,,,,,,,,,,,,,,,,,,,,,
1873_conder,,,,,,,,,,,,,,,,,,,,,,,,,,5.0,10.0,13.0,,,,,,,,8.0,11.0,13.0,6.0,4.0,,,,,,,3.0,7.0,6.0,4.0,8,9.0,3.0,,,,,,,4.0,11,6,9,12,4,2,,,,,,,,10.0,11.0,6,8,1,7,9,,,,,,,,12.0,3.0,13.0,3.0,10.0,8.0,,,,,,,,12.0,12.0,13.0,1.0,3.0,,,,,,,,,7.0,5.0,8.0,,,,,,,,,,,,,,,,,,,,,,,,,,,,,,,,,,,,,,,,,,,,,,,,,,,,,,,,,,,,,,,,,,,,,,,,,,,,,,,,,,,,,,,,,,,,,,,,,,,,,,,,,,,,,,,,,,,,,,,,,,,,,,,,,,,,,,,,,,,,,,,,,,,,,,,,,,,,,,,,,,,,,,,,,,,,,,,,,,,,,,,,,,,,,,,,,,,,,,,,,,,,,,,,,,,,,,,,,,,,,,,,,,,,,,,,,,,,,,,,,,,,,,,,,,,,,,,,,,,,,,,,,,,,,,,,,,,,,,,,,,,,,,,,,,,,,,,,,,,,,,,,,,,,,,,,,,,,,,,,,,,,,,,,,,,,,,,,,,,,,,,,,,,,,,,,,,,,,,,,,,,,,,,,,,,,,,,,,,,,,,,,,,,,,,,,,,,,,,,,,,,,,,,,,,,,,,,,,,,,,,,,,,,,,,,,,,,,,,,,,,,,,,,,,,,,,,,,,,,,,,,,,,,,,,,,,,,,,,,,,,,,,,,,,,,,,,,,,,,,,,,,,,,,,,,,,,,,,,,,,,,,,,,,,,,,,,,,,,,,,,,,,,,,,,,,,,,,,,,,,,,,,,,,,,,,,,,,,,,,,,,,,,,,,,,,,,,,,,,,,,,,,,,,,,,,,,,
1873_illes,,,,,,,,,,,3.0,3.0,7.0,5.0,5.0,4.0,,8.0,6.0,9.0,7.0,6.0,3.0,7.0,5.0,5.0,10.0,14.0,11.0,12.0,5.0,1.0,2.0,,3.0,8.0,11.0,13.0,8.0,2.0,5.0,2.0,5.0,3.0,,5.0,8.0,7.0,5.0,3.0,8,10.0,4.0,5.0,4.0,5.0,,,3.0,4.0,6,5,4,14,11,4,5.0,1.0,6.0,1.0,,6.0,7.0,9.0,2.0,2,8,4,8,3,9.0,3.0,7.0,6.0,10.0,8.0,4.0,8.0,3.0,13.0,2.0,9.0,10.0,3.0,7.0,6.0,1.0,1.0,8.0,9.0,12.0,9.0,9.0,1.0,3.0,7.0,7.0,6.0,1.0,6.0,5.0,7.0,8.0,7.0,6.0,6.0,11.0,3.0,,,,,,,,,,,,,,,,,,,,,,,,,,,6.0,7.0,,,,,,,,,,,,,,,,,,,,,,,,,,,,,,,,,5.0,7.0,,,,,,,,,,,,,,,,,,,,,,,,,,,,,,,,,,,,,,,,,,,,,,,,,,,,,,,,,,,,,,,,,,,,,,,,,,,,,,,,,,,,,,,,,,,,,,,,,,,,,,,,,,,,,,,,,,,,,,,,,,,,,,,,,,,,,,,,,,,,,,,,,,,,,,,,,,,,,,,,,,,,,,,,,,,,,,,,,,,,,,,,,,,,,,,,,,,,,,,,,,,,,,,,,,,,,,,,,,,,,,,,,,,,,,,,,,,,,,,,,,,,,,,,,,,,,,,,,,,,,,,,,,,,,,,,,,,,,,,,,,,,,,,,,,,,,,,,,,,,,,,,,,,,,,,,,,,,,,,,,,,,,,,,,,,,,,,,,,,,,,,,,,,,,,,,,,,,,,,,,,,,,,,,,,,,,,,,,,,,,,,,,,,,,,,,,,,,,,,,,,,,,,,,,,,,,,,,,,,,,,,,,,,,,,,,,,,,,,,,,,,,,,,,,,,,,,,,,,,,,,,,,,,,,,,,,,,,,,,,,,,,,,,,,,,,,,,,,,,,,,,,,,,,,,,,,,,,,,,,,,,,,,,,,,,,,,,,,,,,,,,,,,,,,,,
1873_rawson,,1.0,1.0,1.0,1.0,,1.0,1.0,4.0,4.0,,4.0,7.0,5.0,6.0,4.0,,7.0,11.0,10.0,6.0,2.0,3.0,7.0,4.0,4.0,1.0,11.0,13.0,12.0,7.0,2.0,,,3.0,6.0,8.0,6.0,6.0,6.0,13.0,10.0,7.0,,7.0,5.0,2.0,7.0,6.0,8.0,8,9.0,6.0,3.0,4.0,,3.0,9.0,2.0,4.0,11,2,9,12,11,7,9.0,4.0,5.0,,8.0,6.0,1.0,10.0,11.0,9,2,2,8,9,2.0,5.0,3.0,7.0,9.0,9.0,12.0,12.0,13.0,6.0,6.0,11.0,9.0,4.0,1.0,1.0,7.0,5.0,3.0,1.0,11.0,16.0,10.0,4.0,7.0,10.0,8.0,3.0,1.0,13.0,11.0,6.0,7.0,11.0,5.0,11.0,8.0,3.0,,,6.0,5.0,6.0,3.0,8.0,7.0,4.0,,,10.0,1.0,4.0,1.0,,,,3.0,3.0,8.0,,,,,3.0,5.0,9.0,1.0,4.0,6.0,8.0,,,,,,,,,,,,1.0,,,,,,,,,,,,,,,,,,2.0,,,,,,,,,,,,,,,,,,,,,,,,,,,,,,,,,,,,,,,,,,,,,,,,,,,,,,,,,,,,,,,,,,,,,,,,,,,,,,,,,,,,,,,,,,,,,,,,,,,,,,,,,,,,,,,,,,,,,,,,,,,,,,,,,,,,,,,,,,,,,,,,,,,,,,,,,,,,,,,,,,,,,,,,,,,,,,,,,,,,,,,,,,,,,,,,,,,,,,,,,,,,,,,,,,,,,,,,,,,,,,,,,,,,,,,,,,,,,,,,,,,,,,,,,,,,,,,,,,,,,,,,,,,,,,,,,,,,,,,,,,,,,,,,,,,,,,,,,,,,,,,,,,,,,,,,,,,,,,,,,,,,,,,,,,,,,,,,,,,,,,,,,,,,,,,,,,,,,,,,,,,,,,,,,,,,,,,,,,,,,,,,,,,,,,,,,,,,,,,,,,,,,,,,,,,,,,,,,,,,,,,,,,,,,,,,,,,,,,,,,,,,,,,,,,,,,,,,,,,,,,,,,,,,,,,,,,,,,,,,,,,,,,,,,,,,,,,,,,,,,,,,,,,,,,,,,,,,,,,,,,,,,,,,,,,,,,,,,,,,,,,,,,,,,,,
1874_saunders,,,,,,0.0,,,,,0.0,0.0,0.0,0.0,0.0,6.0,0.0,0.0,0.0,0.0,0.0,0.0,1.0,6.0,0.0,0.0,0.0,0.0,0.0,0.0,7.0,3.0,0.0,0.0,0.0,0.0,0.0,0.0,0.0,0.0,0.0,0.0,0.0,0.0,0.0,0.0,0.0,0.0,0.0,0.0,0,0.0,0.0,0.0,0.0,0.0,3.0,0.0,0.0,0.0,0,0,0,0,0,0,0.0,0.0,1.0,2.0,8.0,0.0,0.0,0.0,0.0,0,0,0,0,0,0.0,0.0,4.0,2.0,3.0,10.0,0.0,0.0,0.0,0.0,0.0,0.0,0.0,6.0,6.0,0.0,2.0,11.0,0.0,0.0,0.0,0.0,0.0,0.0,0.0,11.0,10.0,6.0,2.0,7.0,0.0,0.0,0.0,0.0,0.0,0.0,12.0,6.0,2.0,,0.0,0.0,0.0,0.0,0.0,8.0,3.0,3.0,,,,,,,,,,,,,,,,8.0,7.0,5.0,5.0,,,,,,,,4.0,0.0,0.0,0.0,0.0,0.0,0.0,5.0,0.0,3.0,3.0,1.0,,,,,,,,,0.0,0.0,0.0,,4.0,7.0,0.0,0.0,,0.0,4.0,,,0.0,,,,,,,,,,,,,,,,,,,0.0,0.0,,,,,,,,,,0.0,0.0,0.0,,,,,,,,0.0,0.0,0.0,,,,,,,,,,0.0,0.0,,,,,,,,,,0.0,0.0,,,,,,,,,,3.0,1.0,,,,,,,,,,,,,,,,,,,,,,,,,,,,,,,,,,,,,,,,3.0,,,,,,,,,,,,,,,,,,,,,,,,,,,,,,,,,,,,,,,,,,,,,,,,,,,,,,,,,,,,,,,,,,,,,,,,,,,,,,,,,,,,,,,,,,,,,,,,,,,,,,,,,,,,,,,,,,,,,,,,,,,,,,,,,,,,,,,,,,,,,,,,,,,,,,,,,,,,,,,,,,,,,,,,,,,,,,,,,,,,,,,,,,,,,,,,,,,,,,,,,,,,,,,,,,,,,,,,,,,,,,,,,,,,,,,,,,,,,,,,,,,,,,,,,,,,,,,,,,,,,,,,,,,,,,,,,,,,,,,,,,,,,,,,,,,,,,,,,,,,,,,,,,,,,,,,,,,,,,,,,,,,,,,,,,,,,,,,,,,,,,,,,,,,,,,,,,,,,,,,,,,,,,,,,,,,,,,,,,,,,,,,,,,,,,,,,,,,,,,,,,,,,,,,,,,,,,,,,,,,,,,,,,,,
1874_unknown,,,,,,4.0,2.0,5.0,5.0,6.0,5.0,3.0,7.0,7.0,6.0,6.0,4.0,8.0,5.0,12.0,8.0,1.0,4.0,8.0,4.0,4.0,8.0,9.0,14.0,11.0,5.0,5.0,5.0,2.0,3.0,6.0,10.0,15.0,5.0,4.0,8.0,2.0,5.0,4.0,7.0,5.0,4.0,3.0,3.0,5.0,7,9.0,7.0,5.0,1.0,1.0,3.0,9.0,2.0,5.0,4,7,7,11,10,9,6.0,8.0,4.0,3.0,2.0,6.0,7.0,8.0,7.0,13,3,4,7,9,10.0,8.0,5.0,5.0,2.0,4.0,9.0,8.0,6.0,2.0,8.0,7.0,9.0,6.0,4.0,5.0,6.0,10.0,7.0,5.0,13.0,10.0,10.0,3.0,7.0,11.0,9.0,2.0,,7.0,9.0,11.0,5.0,12.0,6.0,6.0,12.0,5.0,,,,,,,,,,,,,,,,,,,,,,,,,,6.0,7.0,6.0,,,,,,,,,,,,,3.0,1.0,1.0,,,,,,,,,,,,,,,,,,5.0,4.0,1.0,1.0,,,,,,2.0,,,,,,,,,,,,,,,,,,,,,,,,,,,,,,2.0,,,,,,,,,,,,,,,,,,,,,,,,,,,,,,,,,,,,,,,,,,,,,,,,,,,,,,,,,,,,,,,,,,,,,,,,,,,,,,,,,,,,,,,,,,,,,,,,,,,,,,,,,,,,,,,,,,,,,,,,,,,,,,,,,,,,,,,,,,,,,,,,,,,,,,,,,,,,,,,,,,,,,,,,,,,,,,,,,,,,,,,,,,,,,,,,,,,,,,,,,,,,,,,,,,,,,,,,,,,,,,,,,,,,,,,,,,,,,,,,,,,,,,,,,,,,,,,,,,,,,,,,,,,,,,,,,,,,,,,,,,,,,,,,,,,,,,,,,,,,,,,,,,,,,,,,,,,,,,,,,,,,,,,,,,,,,,,,,,,,,,,,,,,,,,,,,,,,,,,,,,,,,,,,,,,,,,,,,,,,,,,,,,,,,,,,,,,,,,,,,,,,,,,,,,,,,,,,,,,,,,,,,,,,,,,,,,,,,,,,,,,,,,,,,,,,,,,,,,,,,,,,,,,,,,,,,,,,,,,,,,,,,,,,,,,,,,,,,,,,,,,,,,,,,,,,,
1875_unknown,,,,,,,,,,,,,,,,,,,,,,,,,,,,,,,,,,,,,11.0,13.0,8.0,7.0,,,,,,,,7.0,6.0,4.0,9,9.0,8.0,,,,,,,,10,5,9,12,3,9,9.0,,,,,,,6.0,11.0,7,8,1,7,6,2.0,,,,,,,4.0,3.0,14.0,8.0,10.0,9.0,6.0,,,,,,,12.0,10.0,13.0,6.0,5.0,10.0,,,,,,,5.0,7.0,8.0,7.0,4.0,,,,,,,,,,,,,,,,,,,,,,,,,,,,,,,,,,,,,,,,,,,,,,,,,,,,,,,,,,,,,,,,,,,,,,,,,,,,,,,,,,,,,,,,,,,,,,,,,,,,,,,,,,,,,,,,,,,,,,,,,,,,,,,,,,,,,,,,,,,,,,,,,,,,,,,,,,,,,,,,,,,,,,,,,,,,,,,,,,,,,,,,,,,,,,,,,,,,,,,,,,,,,,,,,,,,,,,,,,,,,,,,,,,,,,,,,,,,,,,,,,,,,,,,,,,,,,,,,,,,,,,,,,,,,,,,,,,,,,,,,,,,,,,,,,,,,,,,,,,,,,,,,,,,,,,,,,,,,,,,,,,,,,,,,,,,,,,,,,,,,,,,,,,,,,,,,,,,,,,,,,,,,,,,,,,,,,,,,,,,,,,,,,,,,,,,,,,,,,,,,,,,,,,,,,,,,,,,,,,,,,,,,,,,,,,,,,,,,,,,,,,,,,,,,,,,,,,,,,,,,,,,,,,,,,,,,,,,,,,,,,,,,,,,,,,,,,,,,,,,,,,,,,,,,,,,,,,,,,,,,,,,,,,,,,,,,,,,,,,,,,,,,,,,,,,,,,,,,,,,,,,,,,,,,,,,,,,,,,,,,,,,,,,,,,,,,,,,,,,,,,,,,,,,,,,,,,
1875_unknown_2,,,,,,,,,,,,,,,,,,,,,,,,,,5.0,7.0,13.0,,,,,,,3.0,8.0,10.0,13.0,6.0,4.0,,,,,7.0,5.0,8.0,7.0,6.0,4.0,8,9.0,0.0,,,,,9.0,2.0,4.0,11,2,9,0,0,0,9.0,,,,2.0,6.0,1.0,10.0,11.0,6,0,0,7,6,2.0,,,,,,,11.0,3.0,13.0,8.0,11.0,9.0,8.0,,,,,,,14.0,12.0,0.0,3.0,5.0,8.0,,,,,,,,7.0,13.0,6.0,10.0,,,,,,,,,,,,,,,,,,,,,,,,,,,,,,,,,,,,,,,,,,,,,,,,,,,,,,,,,,,,,,,,,,,,,,,,,,,,,,,,,,,,,,,,,,,,,,,,,,,,,,,,,,,,,,,,,,,,,,,,,,,,,,,,,,,,,,,,,,,,,,,,,,,,,,,,,,,,,,,,,,,,,,,,,,,,,,,,,,,,,,,,,,,,,,,,,,,,,,,,,,,,,,,,,,,,,,,,,,,,,,,,,,,,,,,,,,,,,,,,,,,,,,,,,,,,,,,,,,,,,,,,,,,,,,,,,,,,,,,,,,,,,,,,,,,,,,,,,,,,,,,,,,,,,,,,,,,,,,,,,,,,,,,,,,,,,,,,,,,,,,,,,,,,,,,,,,,,,,,,,,,,,,,,,,,,,,,,,,,,,,,,,,,,,,,,,,,,,,,,,,,,,,,,,,,,,,,,,,,,,,,,,,,,,,,,,,,,,,,,,,,,,,,,,,,,,,,,,,,,,,,,,,,,,,,,,,,,,,,,,,,,,,,,,,,,,,,,,,,,,,,,,,,,,,,,,,,,,,,,,,,,,,,,,,,,,,,,,,,,,,,,,,,,,,,,,,,,,,,,,,,,,,,,,,,,,,,,,,,,,,,,,,,,,,,,,,,,,,,,,,,,,,,,,,,,,,
1875_weller,3.0,4.0,4.0,5.0,3.0,4.0,2.0,5.0,5.0,4.0,1.0,4.0,7.0,7.0,6.0,6.0,3.0,8.0,6.0,7.0,8.0,1.0,1.0,6.0,5.0,5.0,10.0,13.0,15.0,11.0,7.0,3.0,0.0,2.0,3.0,8.0,11.0,12.0,6.0,3.0,13.0,8.0,7.0,0.0,7.0,5.0,3.0,7.0,6.0,4.0,8,7.0,8.0,0.0,0.0,0.0,3.0,8.0,2.0,2.0,0,0,0,0,3,9,9.0,0.0,1.0,0.0,8.0,6.0,7.0,10.0,11.0,6,0,0,7,6,2.0,5.0,4.0,0.0,3.0,10.0,8.0,0.0,0.0,0.0,8.0,11.0,0.0,6.0,6.0,0.0,0.0,11.0,8.0,0.0,0.0,12.0,11.0,1.0,0.0,11.0,10.0,0.0,0.0,7.0,0.0,0.0,8.0,8.0,5.0,8.0,0.0,0.0,0.0,0.0,7.0,14.0,16.0,5.0,6.0,8.0,0.0,0.0,0.0,11.0,8.0,3.0,2.0,4.0,1.0,0.0,4.0,2.0,3.0,3.0,3.0,5.0,2.0,3.0,7.0,5.0,4.0,4.0,6.0,8.0,,2.0,2.0,0.0,4.0,0.0,0.0,0.0,0.0,0.0,0.0,6.0,,3.0,3.0,1.0,1.0,0.0,0.0,0.0,0.0,0.0,,,,,,2.0,4.0,7.0,,,1.0,,4.0,1.0,0.0,,1.0,2.0,1.0,,,,,,,,,,,,,,,,,,,,,,,,,,,,,,,,,,,,,,,,,,,,,,,,,,,,,,,,,,,,,,,,,,,,,,,,,,,,,,,,,,,,,,,,,,,,,,,,,,,,,,,,,,,,,,,,3.0,,,,,,,,,,,,,,,,,,,,,0.0,0.0,0.0,,,,,,,,,,,2.0,0.0,,,,,,,,,,,,,,,,,,,,,,,,,,,,,,,,,,,,,,,,,,,,,,,,,,,,,,,,,,,,,,,,,,,,,,,,,,,,,,,,,,,,,,,,,,,,,,,,,,,,,,,,,,,,,,,,,,,,,,,,,,,,,,,,,,,,,,,,,,,,,,,,,,,,,,,,,,,,,,,,,,,,,,,,,,,,,,,,,,,,,,,,,,,,,,,,,,,,,,,,,,,,,,,,,,,,,,,,,,,,,,,,,,,,,,,,,,,,,,,,,,,,,,,,,,,,,,,,,,,,,,,,,,,,,,,,,,,,,,,,,,,,,,,,,,,,,,,,,,,,,,,,,,,,,,,,,,,,,,,,,,,,,,,,,,,,,,,,,,,,,,,,,,,,,,,,,,,,,,,,,,,,,,,,,,,,,,,,,,,,,,,,,,,,,,,,,
1876_ancessi,,,2.0,3.0,,,7.0,6.0,2.0,,,3.0,1.0,7.0,4.0,,,8.0,2.0,9.0,7.0,2.0,5.0,,,1.0,3.0,12.0,5.0,9.0,2.0,,,,5.0,2.0,5.0,9.0,4.0,6.0,3.0,4.0,,,6.0,2.0,4.0,2.0,5.0,15.0,12,10.0,5.0,,,,4.0,7.0,4.0,6.0,9,3,12,8,4,9,9.0,6.0,,,4.0,10.0,3.0,11.0,13.0,4,4,11,1,5,9.0,7.0,3.0,8.0,4.0,7.0,10.0,2.0,10.0,9.0,5.0,5.0,8.0,6.0,6.0,2.0,1.0,5.0,2.0,7.0,1.0,3.0,2.0,8.0,13.0,8.0,10.0,3.0,,4.0,2.0,3.0,10.0,15.0,1.0,3.0,11.0,7.0,,,,,,,,,,,,,,,,,,,,,,,,,,5.0,9.0,10.0,,,,,,,,,,,,,,,,,,,,,,,,,,,,,,,,,1.0,1.0,,,,,,,,,,,,,,,,,,,,,,,,,,,,,,,,,,,,,,,,,,,,,,,,,,,,,,,,,,,,,,,,,,,,,,,,,,,,,,,,,,,,,,,,,,,,,,,,,,,,,,,,,,,,,,,,,,,,,,,,,,,,,,,,,,,,,,,,,,,,,,,,,,,,,,,,,,,,,,,,,,,,,,,,,,,,,,,,,,,,,,,,,,,,,,,,,,,,,,,,,,,,,,,,,,,,,,,,,,,,,,,,,,,,,,,,,,,,,,,,,,,,,,,,,,,,,,,,,,,,,,,,,,,,,,,,,,,,,,,,,,,,,,,,,,,,,,,,,,,,,,,,,,,,,,,,,,,,,,,,,,,,,,,,,,,,,,,,,,,,,,,,,,,,,,,,,,,,,,,,,,,,,,,,,,,,,,,,,,,,,,,,,,,,,,,,,,,,,,,,,,,,,,,,,,,,,,,,,,,,,,,,,,,,,,,,,,,,,,,,,,,,,,,,,,,,,,,,,,,,,,,,,,,,,,,,,,,,,,,,,,,,,,,,,,,,,,,,,,,,,,,,,,,,,,,,,,,,,,,,,,,,,,,,,,,,,,,,,,,,,,,,,,,,,,,
1876_kiepert,4.0,,-1.0,5.0,4.0,3.0,4.0,2.0,5.0,4.0,1.0,7.0,7.0,7.0,6.0,6.0,4.0,8.0,6.0,7.0,7.0,1.0,4.0,6.0,5.0,5.0,10.0,13.0,15.0,11.0,4.0,3.0,2.0,1.0,0.0,9.0,10.0,15.0,6.0,1.0,13.0,10.0,7.0,3.0,7.0,4.0,4.0,3.0,8.0,4.0,9,7.0,8.0,6.0,0.0,0.0,3.0,6.0,2.0,4.0,11,2,9,6,4,8,8.0,0.0,0.0,0.0,8.0,6.0,1.0,10.0,11.0,6,8,4,5,6,2.0,3.0,0.0,0.0,3.0,10.0,6.0,11.0,3.0,13.0,8.0,7.0,8.0,6.0,5.0,0.0,0.0,11.0,8.0,3.0,14.0,12.0,10.0,3.0,11.0,11.0,10.0,6.0,0.0,6.0,8.0,7.0,4.0,7.0,5.0,6.0,12.0,7.0,3.0,0.0,9.0,14.0,14.0,5.0,0.0,7.0,3.0,3.0,3.0,12.0,10.0,3.0,2.0,4.0,3.0,3.0,4.0,2.0,3.0,3.0,3.0,5.0,,3.0,6.0,6.0,4.0,8.0,4.0,7.0,,,,,,,,,0.0,0.0,0.0,5.0,,3.0,0.0,0.0,1.0,0.0,1.0,1.0,0.0,0.0,,,,,0.0,3.0,5.0,8.0,2.0,1.0,1.0,1.0,4.0,1.0,2.0,1.0,1.0,2.0,2.0,-1.0,1.0,,,2.0,2.0,2.0,2.0,0.0,0.0,1.0,1.0,1.0,1.0,1.0,1.0,,2.0,2.0,1.0,0.0,0.0,1.0,1.0,0.0,0.0,2.0,,,1.0,1.0,0.0,0.0,0.0,1.0,1.0,1.0,,,,,2.0,0.0,0.0,1.0,1.0,2.0,1.0,1.0,0.0,0.0,0.0,,2.0,1.0,1.0,1.0,1.0,1.0,1.0,0.0,0.0,0.0,,,1.0,2.0,1.0,1.0,3.0,3.0,1.0,2.0,1.0,,,0.0,1.0,3.0,2.0,2.0,1.0,2.0,1.0,,,,0.0,2.0,3.0,2.0,1.0,1.0,1.0,,,,0.0,0.0,2.0,3.0,2.0,,,,,3.0,1.0,2.0,0.0,2.0,3.0,1.0,,,,,2.0,3.0,3.0,1.0,1.0,0.0,,,,,1.0,1.0,1.0,0.0,2.0,2.0,0.0,0.0,0.0,,,,,2.0,1.0,0.0,1.0,4.0,2.0,0.0,0.0,0.0,0.0,,,,0.0,1.0,1.0,1.0,3.0,3.0,3.0,2.0,3.0,2.0,2.0,1.0,1.0,1.0,2.0,2.0,2.0,0.0,0.0,0.0,0.0,0.0,,0.0,0.0,0.0,0.0,2.0,2.0,2.0,2.0,1.0,1.0,1.0,2.0,2.0,2.0,,,,,,,,,,,,,,,,,,,,,,,,,,,,,,,,,,,,,,,,,,,,,,,,,,,,,,,,,,,,,,,,,,,,1.0,,,,,,,,,,,,,,,,,,,,,,,,,,,,,,,,,,,,,,,,,,,,,,,,,,,,,,,,,,,,,,,,,,,,,,,,,,,,,,,,,,,,,,,,,,,,,,,,,,,,,,,,,,,,,,,,,,,,,,,,,,,,,,,,,,,,,,,,,,,,,,,,,,,,,,,,,,,,,,,,,,,,,,,,,,,,,,,,,,,,,,,,,,,,,,,,,,,,,,,,,,,,,,,,,,,,,,,,,,,,,,,,,,,,,,,,,,,,,,,,,,,,,,,,,,,,,,,,,,,,,,,,,,,,,,,,,,,,,,,,,,
1876_unknown,,,,,,,,5.0,5.0,4.0,5.0,1.0,7.0,7.0,6.0,6.0,4.0,8.0,5.0,12.0,4.0,1.0,2.0,6.0,5.0,4.0,7.0,13.0,14.0,8.0,4.0,3.0,5.0,2.0,3.0,6.0,10.0,13.0,6.0,4.0,8.0,2.0,5.0,4.0,6.0,4.0,8.0,7.0,5.0,3.0,7,9.0,7.0,3.0,1.0,1.0,2.0,6.0,3.0,5.0,1,3,9,11,10,3,6.0,8.0,4.0,3.0,6.0,8.0,7.0,8.0,7.0,4,3,4,7,9,10.0,8.0,5.0,5.0,2.0,4.0,9.0,9.0,6.0,2.0,8.0,9.0,9.0,6.0,4.0,5.0,6.0,10.0,7.0,8.0,4.0,8.0,13.0,3.0,7.0,11.0,9.0,2.0,2.0,7.0,9.0,11.0,5.0,8.0,1.0,11.0,7.0,5.0,,,,,,,,,,,,,,,,,,,,,,,,,2.0,6.0,7.0,6.0,,,,,,,,1.0,4.0,3.0,1.0,,3.0,1.0,1.0,,,,,,,,,,,,,,,,,,5.0,8.0,1.0,1.0,,,,,,,,,,,,,,,,,,,,,,,,,,,,,,,,,,,,,,,,,,,,,,,,,,,,,,,,,,,,,,,,,,,,,,,,,,,,,,,,,,,,,,,,,,,,,,,,,,,,,,,,,,,,,,,,,,,,,,,,,,,,,,,,,,,,,,,,,,,,,,,,,,,,,,,,,,,,,,,,,,,,,,,,,,,,,,,,,,,,,,,,,,,,,,,,,,,,,,,,,,,,,,,,,,,,,,,,,,,,,,,,,,,,,,,,,,,,,,,,,,,,,,,,,,,,,,,,,,,,,,,,,,,,,,,,,,,,,,,,,,,,,,,,,,,,,,,,,,,,,,,,,,,,,,,,,,,,,,,,,,,,,,,,,,,,,,,,,,,,,,,,,,,,,,,,,,,,,,,,,,,,,,,,,,,,,,,,,,,,,,,,,,,,,,,,,,,,,,,,,,,,,,,,,,,,,,,,,,,,,,,,,,,,,,,,,,,,,,,,,,,,,,,,,,,,,,,,,,,,,,,,,,,,,,,,,,,,,,,,,,,,,,,,,,,,,,,,,,,,,,,,,,,,,,,,,,,,,,,,,,,,,,,,,,,,,,,,,,,,,,,,,,,,,
1876_zimmermann,,,,,,,,,,,,,,,,,,0.0,6.0,7.0,8.0,1.0,0.0,0.0,5.0,5.0,10.0,0.0,15.0,0.0,0.0,0.0,,,3.0,6.0,10.0,15.0,6.0,0.0,0.0,0.0,,,7.0,5.0,4.0,7.0,6.0,0.0,0,0.0,0.0,,,,3.0,7.0,3.0,4.0,10,6,0,0,0,0,,,,,8.0,8.0,7.0,10.0,11.0,0,0,0,7,6,,,,,3.0,0.0,0.0,0.0,0.0,0.0,0.0,10.0,9.0,,,,,12.0,0.0,0.0,0.0,12.0,0.0,1.0,3.0,,,,,7.0,5.0,0.0,6.0,0.0,5.0,6.0,,,,,,,,,,,,,,,,,,,,,,,,,,,,8.0,7.0,0.0,,,,,,,,,,,,,,,,,,,,,,,,,,,,,,,,,4.0,7.0,,,,,,,,,,,,,,,,,,,,,,,,,,,,,,,,,,,,,,,,,,,,,,,,,,,,,,,,,,,,,,,,,,,,,,,,,,,,,,,,,,,,,,,,,,,,,,,,,,,,,,,,,,,,,,,,,,,,,,,,,,,,,,,,,,,,,,,,,,,,,,,,,,,,,,,,,,,,,,,,,,,,,,,,,,,,,,,,,,,,,,,,,,,,,,,,,,,,,,,,,,,,,,,,,,,,,,,,,,,,,,,,,,,,,,,,,,,,,,,,,,,,,,,,,,,,,,,,,,,,,,,,,,,,,,,,,,,,,,,,,,,,,,,,,,,,,,,,,,,,,,,,,,,,,,,,,,,,,,,,,,,,,,,,,,,,,,,,,,,,,,,,,,,,,,,,,,,,,,,,,,,,,,,,,,,,,,,,,,,,,,,,,,,,,,,,,,,,,,,,,,,,,,,,,,,,,,,,,,,,,,,,,,,,,,,,,,,,,,,,,,,,,,,,,,,,,,,,,,,,,,,,,,,,,,,,,,,,,,,,,,,,,,,,,,,,,,,,,,,,,,,,,,,,,,,,,,,,,,,,,,,,,,,,,,,,,,,,,,,,,,,,,,,,,,,
1877_gatt,5.0,,1.0,1.0,1.0,,1.0,1.0,3.0,2.0,,2.0,7.0,1.0,2.0,2.0,,2.0,2.0,4.0,1.0,11.0,8.0,,,9.0,2.0,7.0,7.0,2.0,3.0,,,,2.0,2.0,5.0,7.0,1.0,10.0,6.0,7.0,,,5.0,-1.0,1.0,2.0,1.0,13.0,-1,6.0,11.0,,,,5.0,2.0,5.0,-1.0,9,5,11,6,9,5,-1.0,-1.0,,,-1.0,-1.0,2.0,2.0,10.0,7,3,10,1,5,1.0,-1.0,7.0,1.0,-1.0,1.0,1.0,13.0,13.0,10.0,4.0,5.0,5.0,1.0,2.0,6.0,4.0,10.0,7.0,2.0,13.0,18.0,10.0,7.0,13.0,9.0,5.0,2.0,2.0,6.0,4.0,12.0,12.0,-1.0,11.0,14.0,8.0,2.0,3.0,1.0,2.0,3.0,9.0,6.0,9.0,4.0,1.0,1.0,1.0,7.0,9.0,5.0,7.0,,,,6.0,7.0,1.0,,,,,-1.0,4.0,4.0,4.0,7.0,8.0,2.0,,,,,,,,,,,,7.0,,,2.0,1.0,2.0,1.0,1.0,1.0,1.0,1.0,,,,,,3.0,-1.0,4.0,,,-1.0,,1.0,,,,-1.0,-1.0,2.0,,,,,,,,,,,,,,,,,,,,,,,,,,,,,,,,,,,,,,,,,,,,,,,,,,,,,,,,,,,,,,,,,,,,,,,,,,,,,,,,,,1.0,,,,,,,,,,-1.0,,,,,,,,,-1.0,-1.0,,,,,,,,-1.0,-1.0,1.0,,,,,,,1.0,-1.0,-1.0,-1.0,,,,,,-1.0,-1.0,-1.0,-1.0,-1.0,,,,,,,,,,,,-1.0,-1.0,,,,,,,,,,,,,,,,,,,,,,,,,,,,,,,,,,,,,,,,,,,,,,,,,,,,,,,,,,,,,,,,,,,,,,,,,,,,,,,,,,,,,,,,,,,,,,,,,,,,,,,,,,,,,,,,,,,,,,,,,,,,,,,,,,,,,,,,,,,,,,,,,,,,,,,,,,,,,,,,,,,,,,,,,,,,,,,,,,,,,,,,,,,,,,,,,,,,,,,,,,,,,,,,,,,,,,,,,,,,,,,,,,,,,,,,,,,,,,,,,,,,,,,,,,,,,,,,,,,,,,,,,,,,,,,,,,,,,,,,,,,,,,,,,,,,,,,,,,,,,,,,,,,,,,,,,,,,,,,,,,,,,,,,,,,,,,,,,,,,,,,,,,,,,,,,,,,,,,,,,,,,,,,,,,,,,,,,,,,,,,,,,,,,,,,,,,,
1877_unknown,,4.0,6.0,3.0,4.0,,5.0,5.0,2.0,5.0,,6.0,7.0,7.0,5.0,7.0,,1.0,5.0,12.0,6.0,9.0,4.0,8.0,,8.0,8.0,4.0,4.0,13.0,7.0,3.0,3.0,,6.0,4.0,12.0,11.0,14.0,7.0,13.0,9.0,6.0,3.0,4.0,3.0,8.0,4.0,3.0,5.0,9,8.0,8.0,8.0,4.0,4.0,3.0,7.0,4.0,6.0,4,8,7,11,3,9,9.0,5.0,7.0,4.0,4.0,7.0,4.0,10.0,10.0,8,2,2,5,6,2.0,5.0,3.0,8.0,6.0,5.0,12.0,13.0,13.0,6.0,10.0,9.0,5.0,10.0,6.0,6.0,1.0,2.0,3.0,5.0,4.0,13.0,8.0,6.0,6.0,11.0,7.0,6.0,2.0,10.0,1.0,14.0,3.0,6.0,13.0,5.0,4.0,4.0,3.0,1.0,5.0,9.0,10.0,10.0,3.0,11.0,3.0,3.0,2.0,8.0,3.0,8.0,2.0,4.0,3.0,2.0,3.0,4.0,4.0,3.0,2.0,4.0,4.0,5.0,12.0,2.0,3.0,3.0,4.0,6.0,,1.0,,2.0,4.0,,1.0,,2.0,4.0,,1.0,,,,,,,,,,,,,,,,,1.0,2.0,,,,,,,,,,,,,,,,,,,,,,,,,,,,,,,,,,,,,,,,,,,,,,,,,,,,,,,,,,,,,,,,,,,,,,,,,,,,,,,,,,,,,,,,,,,,,,,,,,,,,,,,,,,,,,,,,,,,,,,,,,,,,,,,,,,,,,,,,,,,,,,,,,,,,,,,,,,,,,,,,,,,,,,,,,,,,,,,,,,,,,,,,,,,,,,,,,,,,,,,,,,,,,,,,,,,,,,,,,,,,,,,,,,,,,,,,,,,,,,,,,,,,,,,,,,,,,,,,,,,,,,,,,,,,,,,,,,,,,,,,,,,,,,,,,,,,,,,,,,,,,,,,,,,,,,,,,,,,,,,,,,,,,,,,,,,,,,,,,,,,,,,,,,,,,,,,,,,,,,,,,,,,,,,,,,,,,,,,,,,,,,,,,,,,,,,,,,,,,,,,,,,,,,,,,,,,,,,,,,,,,,,,,,,,,,,,,,,,,,,,,,,,,,,,,,,,,,,,,,,,,,,,,,,,,,,,,,,,,,,,,,,,,,,,,,,,,,,,,,,,,,,,,,,,,,,,,,,,,,,,,,,,,,,,,,,,,,,,,,,,,,,,,,,,,,
1878_unknown,,,,,,,,,,,1.0,3.0,1.0,4.0,5.0,7.0,4.0,9.0,5.0,2.0,9.0,1.0,4.0,1.0,5.0,4.0,8.0,8.0,10.0,6.0,5.0,5.0,5.0,2.0,3.0,6.0,10.0,4.0,2.0,6.0,8.0,9.0,5.0,3.0,6.0,4.0,8.0,7.0,8.0,2.0,3,10.0,1.0,6.0,4.0,4.0,3.0,7.0,2.0,6.0,1,7,7,14,2,10,9.0,5.0,1.0,2.0,7.0,5.0,2.0,7.0,9.0,12,3,8,4,2,2.0,5.0,7.0,2.0,2.0,4.0,1.0,13.0,14.0,10.0,10.0,2.0,5.0,4.0,5.0,6.0,2.0,9.0,1.0,2.0,14.0,18.0,9.0,4.0,11.0,8.0,6.0,6.0,0.0,2.0,11.0,8.0,2.0,6.0,9.0,6.0,9.0,6.0,,,4.0,6.0,17.0,-1.0,12.0,6.0,,,,4.0,7.0,-1.0,-1.0,,,,1.0,5.0,6.0,,,,,5.0,4.0,3.0,6.0,9.0,4.0,7.0,,,,,,,,,,,,3.0,,,,,,,,,,,,,,,,,5.0,6.0,,,,,,,,,,,,,,,,,,,,,,,,,,,,,,,,,,,,,,,,,,,,,,,,,,,,,,,,,,,,,,,,,,,,,,,,,,,,,,,,,,,,,,,,,,,,,,,,,,,,,,,,,,,,,,,,,,,,,,,,,,,,,,,,,,,,,,,,,,,,,,,,,,,,,,,,,,,,,,,,,,,,,,,,,,,,,,,,,,,,,,,,,,,,,,,,,,,,,,,,,,,,,,,,,,,,,,,,,,,,,,,,,,,,,,,,,,,,,,,,,,,,,,,,,,,,,,,,,,,,,,,,,,,,,,,,,,,,,,,,,,,,,,,,,,,,,,,,,,,,,,,,,,,,,,,,,,,,,,,,,,,,,,,,,,,,,,,,,,,,,,,,,,,,,,,,,,,,,,,,,,,,,,,,,,,,,,,,,,,,,,,,,,,,,,,,,,,,,,,,,,,,,,,,,,,,,,,,,,,,,,,,,,,,,,,,,,,,,,,,,,,,,,,,,,,,,,,,,,,,,,,,,,,,,,,,,,,,,,,,,,,,,,,,,,,,,,,,,,,,,,,,,,,,,,,,,,,,,,,,,,,,,,,,,,,,,,,,,,,,,,,,,,,,,,,
1879_conder,,,,,,,,,,,,,,,,,,,,,,,6.0,,,,,13.0,14.0,8.0,2.0,,,,,,11.0,13.0,6.0,4.0,2.0,6.0,,,,,,7.0,6.0,4.0,8,5.0,1.0,,,,,,,,11,2,9,12,2,2,,,,,,,,10.0,8.0,13,8,1,9,6,,,,,,,,11.0,3.0,11.0,8.0,10.0,8.0,,,,,,,,14.0,10.0,5.0,4.0,11.0,,,,,,,,,8.0,1.0,6.0,,,,,,,,,,,,,,,,,,,,,,,,,,,,,,,,,,,,,,,,,,,,,,,,,,,,,,,,,,,,,,,,,,,,,,,,,,,,,,,,,,,,,,,,,,,,,,,,,,,,,,,,,,,,,,,,,,,,,,,,,,,,,,,,,,,,,,,,,,,,,,,,,,,,,,,,,,,,,,,,,,,,,,,,,,,,,,,,,,,,,,,,,,,,,,,,,,,,,,,,,,,,,,,,,,,,,,,,,,,,,,,,,,,,,,,,,,,,,,,,,,,,,,,,,,,,,,,,,,,,,,,,,,,,,,,,,,,,,,,,,,,,,,,,,,,,,,,,,,,,,,,,,,,,,,,,,,,,,,,,,,,,,,,,,,,,,,,,,,,,,,,,,,,,,,,,,,,,,,,,,,,,,,,,,,,,,,,,,,,,,,,,,,,,,,,,,,,,,,,,,,,,,,,,,,,,,,,,,,,,,,,,,,,,,,,,,,,,,,,,,,,,,,,,,,,,,,,,,,,,,,,,,,,,,,,,,,,,,,,,,,,,,,,,,,,,,,,,,,,,,,,,,,,,,,,,,,,,,,,,,,,,,,,,,,,,,,,,,,,,,,,,,,,,,,,,,,,,,,,,,,,,,,,,,,,,,,,,,,,,,,,,,,,,,,,,,,,,,,,,,,,,,,,,,,,,,,,
1879_unknown,,,,,,4.0,5.0,5.0,5.0,4.0,5.0,1.0,7.0,5.0,6.0,6.0,4.0,8.0,9.0,7.0,8.0,1.0,2.0,6.0,5.0,5.0,8.0,8.0,13.0,12.0,5.0,3.0,5.0,2.0,3.0,8.0,11.0,13.0,5.0,3.0,13.0,10.0,5.0,4.0,6.0,5.0,3.0,7.0,6.0,5.0,9,9.0,8.0,4.0,1.0,5.0,3.0,9.0,2.0,4.0,11,2,9,6,4,7,7.0,3.0,6.0,2.0,2.0,6.0,7.0,10.0,8.0,13,3,4,7,6,8.0,7.0,7.0,1.0,10.0,10.0,8.0,11.0,12.0,2.0,8.0,7.0,9.0,6.0,6.0,2.0,1.0,11.0,8.0,2.0,13.0,10.0,10.0,3.0,7.0,11.0,10.0,5.0,1.0,7.0,5.0,6.0,7.0,7.0,5.0,6.0,11.0,4.0,,,,,,,,,,,,,,,,,,,,,,,,,0.0,6.0,7.0,6.0,,,,,,,,1.0,4.0,3.0,1.0,1.0,3.0,4.0,2.0,,,,,,,,,,,,,,,,,,4.0,8.0,1.0,1.0,,1.0,,,,2.0,,,,,,,,,,,,,,,,,,,,,,,,,,,,,,,,,,,,,,,,,,,,,,,,,,,,,,,,,,,,,,,,,,,,,,,,,,,,,,,,,,,,,,,,,,,,,,,,,,,,,,,,,,,,,,,,,,,,,,,,,,,,,,,,,,,,,,,,,,,,,,,,,,,,,,,,,,,,,,,,,,,,,,,,,,,,,,,,,,,,,,,,,,,,,,,,,,,,,,,,,,,,,,,,,,,,,,,,,,,,,,,,,,,,,,,,,,,,,,,,,,,,,,,,,,,,,,,,,,,,,,,,,,,,,,,,,,,,,,,,,,,,,,,,,,,,,,,,,,,,,,,,,,,,,,,,,,,,,,,,,,,,,,,,,,,,,,,,,,,,,,,,,,,,,,,,,,,,,,,,,,,,,,,,,,,,,,,,,,,,,,,,,,,,,,,,,,,,,,,,,,,,,,,,,,,,,,,,,,,,,,,,,,,,,,,,,,,,,,,,,,,,,,,,,,,,,,,,,,,,,,,,,,,,,,,,,,,,,,,,,,,,,,,,,,,,,,,,,,,,,,,,,,,,,,,,,,,,,,,,,,,,,,,,,,,,,,,,,,,,,,,
188-_unknown,,,,,,0.0,,,,,1.0,0.0,0.0,0.0,6.0,6.0,4.0,8.0,6.0,11.0,8.0,1.0,1.0,6.0,4.0,4.0,9.0,13.0,15.0,0.0,7.0,3.0,0.0,0.0,3.0,8.0,11.0,12.0,0.0,0.0,0.0,0.0,0.0,0.0,0.0,5.0,3.0,7.0,6.0,0.0,0,0.0,8.0,6.0,4.0,0.0,0.0,0.0,0.0,0.0,0,2,9,12,3,9,9.0,4.0,0.0,0.0,0.0,6.0,0.0,10.0,11.0,6,8,4,7,6,2.0,3.0,0.0,0.0,10.0,0.0,8.0,11.0,3.0,13.0,8.0,10.0,9.0,6.0,6.0,0.0,0.0,0.0,8.0,5.0,0.0,0.0,0.0,1.0,3.0,11.0,7.0,0.0,0.0,7.0,5.0,7.0,6.0,8.0,5.0,8.0,12.0,4.0,0.0,0.0,7.0,14.0,14.0,5.0,6.0,8.0,3.0,3.0,0.0,11.0,8.0,3.0,2.0,4.0,1.0,0.0,4.0,2.0,3.0,3.0,3.0,0.0,,0.0,6.0,5.0,4.0,7.0,6.0,5.0,,,,,,,1.0,0.0,0.0,0.0,0.0,6.0,0.0,0.0,3.0,1.0,1.0,1.0,1.0,0.0,0.0,1.0,,,,,0.0,2.0,0.0,7.0,3.0,1.0,1.0,0.0,4.0,0.0,0.0,2.0,1.0,0.0,1.0,,,2.0,2.0,2.0,1.0,0.0,0.0,0.0,1.0,1.0,1.0,0.0,1.0,1.0,1.0,,0.0,0.0,0.0,1.0,2.0,1.0,0.0,1.0,0.0,2.0,,,0.0,0.0,1.0,1.0,1.0,0.0,0.0,0.0,0.0,0.0,,,0.0,0.0,2.0,1.0,1.0,2.0,0.0,0.0,0.0,0.0,0.0,,,0.0,0.0,1.0,0.0,0.0,0.0,0.0,0.0,0.0,,,0.0,0.0,0.0,0.0,0.0,0.0,0.0,2.0,0.0,,,,0.0,0.0,0.0,0.0,0.0,2.0,1.0,,,,,0.0,0.0,0.0,0.0,1.0,1.0,,,,,0.0,0.0,0.0,0.0,1.0,,,,,0.0,0.0,0.0,0.0,0.0,1.0,,,,,0.0,0.0,0.0,0.0,0.0,1.0,,,,,0.0,0.0,0.0,0.0,0.0,0.0,0.0,0.0,0.0,,,,,0.0,0.0,0.0,0.0,0.0,0.0,0.0,0.0,0.0,0.0,,,,,0.0,0.0,0.0,0.0,0.0,0.0,2.0,3.0,2.0,2.0,1.0,0.0,1.0,0.0,0.0,0.0,0.0,0.0,0.0,0.0,0.0,,0.0,0.0,0.0,0.0,2.0,0.0,0.0,2.0,1.0,1.0,1.0,2.0,0.0,0.0,0.0,0.0,0.0,0.0,0.0,0.0,0.0,0.0,0.0,0.0,0.0,0.0,0.0,0.0,2.0,2.0,2.0,1.0,1.0,2.0,0.0,0.0,0.0,0.0,0.0,0.0,0.0,0.0,0.0,0.0,0.0,0.0,0.0,3.0,2.0,2.0,2.0,0.0,0.0,0.0,0.0,0.0,0.0,0.0,0.0,3.0,1.0,2.0,0.0,0.0,0.0,0.0,0.0,0.0,0.0,0.0,0.0,0.0,0.0,0.0,0.0,0.0,0.0,0.0,0.0,0.0,0.0,0.0,2.0,1.0,0.0,0.0,0.0,0.0,0.0,0.0,0.0,0.0,0.0,0.0,3.0,0.0,0.0,2.0,2.0,2.0,3.0,0.0,0.0,0.0,0.0,0.0,0.0,0.0,0.0,0.0,0.0,0.0,0.0,0.0,0.0,0.0,-1.0,0.0,0.0,0.0,0.0,0.0,0.0,0.0,0.0,0.0,0.0,0.0,0.0,0.0,0.0,0.0,0.0,0.0,0.0,0.0,0.0,0.0,0.0,0.0,0.0,0.0,0.0,0.0,,,,,,,,,,,,,,,,,,,,,,,,,,,,,,,,,,,,,,,,,,,,,,,,,,,,,,,,,,,,,,,,,,,,,,,,,,,,,,,,,,,,,,,,,,,,,,,,,,,,,,,,,,,,,,,,,,,,,,,,,,,,,,,,,,,,,,,,,,,,,,,,,,,,,,,,,,,,,,,,,,,,,,,,,,,,,,,,,,,,,,,,,,,,,,,,,,,,,,,,,,,,,,,,,,,,,,,,,,,,
1880_kiepert,,,,,,,,,,,,,,,,,,,,,,,,,,,,,,,,,,,,,11.0,12.0,6.0,3.0,,,,,,,3.0,7.0,6.0,4.0,8,9.0,8.0,,,,,,2.0,2.0,6,1,9,12,3,9,9.0,,,,,6.0,7.0,10.0,11.0,6,8,4,7,6,2.0,,,,10.0,10.0,6.0,11.0,3.0,13.0,8.0,9.0,9.0,6.0,,,,11.0,8.0,5.0,12.0,12.0,13.0,0.0,3.0,11.0,,,,7.0,7.0,12.0,6.0,7.0,5.0,8.0,12.0,,,,,,,,,,,,,,,,,,,,,,,,,,,,7.0,5.0,,,,,,,,,,,,,,,,,,,,,,,,,,,,,,,,,,7.0,,,,,,,,,,,,,,,,,,,,,,,,,,,,,,,,,,,,,,,,,,,,,,,,,,,,,,,,,,,,,,,,,,,,,,,,,,,,,,,,,,,,,,,,,,,,,,,,,,,,,,,,,,,,,,,,,,,,,,,,,,,,,,,,,,,,,,,,,,,,,,,,,,,,,,,,,,,,,,,,,,,,,,,,,,,,,,,,,,,,,,,,,,,,,,,,,,,,,,,,,,,,,,,,,,,,,,,,,,,,,,,,,,,,,,,,,,,,,,,,,,,,,,,,,,,,,,,,,,,,,,,,,,,,,,,,,,,,,,,,,,,,,,,,,,,,,,,,,,,,,,,,,,,,,,,,,,,,,,,,,,,,,,,,,,,,,,,,,,,,,,,,,,,,,,,,,,,,,,,,,,,,,,,,,,,,,,,,,,,,,,,,,,,,,,,,,,,,,,,,,,,,,,,,,,,,,,,,,,,,,,,,,,,,,,,,,,,,,,,,,,,,,,,,,,,,,,,,,,,,,,,,,,,,,,,,,,,,,,,,,,,,,,,,,,,,,,,,,,,,,,,,,,,,,,,,,,,,,,,,,,,,,,,,,,,,,,,,,,,,,,,,,,,,,,,
1880_kiepert_2,1.0,,6.0,2.0,0.0,4.0,5.0,5.0,5.0,0.0,3.0,4.0,7.0,7.0,6.0,6.0,4.0,7.0,10.0,5.0,5.0,1.0,4.0,6.0,0.0,5.0,9.0,13.0,15.0,11.0,4.0,3.0,2.0,1.0,0.0,8.0,11.0,12.0,6.0,1.0,13.0,10.0,7.0,3.0,7.0,5.0,3.0,7.0,6.0,4.0,9,7.0,8.0,6.0,4.0,0.0,3.0,6.0,2.0,4.0,11,2,9,6,4,8,8.0,4.0,0.0,0.0,8.0,6.0,1.0,10.0,11.0,6,8,4,5,6,2.0,0.0,0.0,0.0,3.0,10.0,6.0,11.0,3.0,13.0,8.0,7.0,8.0,6.0,0.0,0.0,0.0,11.0,8.0,3.0,14.0,12.0,10.0,3.0,11.0,11.0,0.0,0.0,0.0,6.0,7.0,12.0,6.0,7.0,5.0,6.0,12.0,0.0,0.0,0.0,9.0,14.0,14.0,5.0,8.0,8.0,3.0,3.0,3.0,12.0,10.0,3.0,2.0,0.0,1.0,3.0,4.0,2.0,3.0,3.0,0.0,0.0,,3.0,6.0,6.0,4.0,8.0,6.0,7.0,,,,,,,,,2.0,0.0,0.0,5.0,,0.0,0.0,0.0,1.0,0.0,0.0,0.0,0.0,0.0,,,,,0.0,3.0,5.0,8.0,3.0,1.0,1.0,1.0,4.0,0.0,2.0,2.0,1.0,2.0,2.0,2.0,4.0,,,0.0,1.0,2.0,2.0,0.0,1.0,1.0,1.0,1.0,1.0,1.0,1.0,,2.0,2.0,1.0,0.0,1.0,1.0,1.0,1.0,1.0,2.0,,,1.0,1.0,1.0,1.0,1.0,1.0,1.0,1.0,,,,,2.0,2.0,2.0,1.0,1.0,2.0,1.0,1.0,0.0,0.0,0.0,,2.0,1.0,1.0,1.0,1.0,1.0,1.0,0.0,0.0,0.0,,,1.0,2.0,1.0,1.0,3.0,3.0,0.0,2.0,1.0,,,1.0,1.0,3.0,2.0,2.0,1.0,2.0,1.0,,,,1.0,2.0,3.0,2.0,1.0,1.0,1.0,,,,2.0,1.0,2.0,3.0,2.0,,,,,0.0,1.0,2.0,1.0,2.0,3.0,0.0,,,,,2.0,3.0,2.0,1.0,1.0,0.0,,,,,1.0,1.0,1.0,2.0,2.0,0.0,0.0,0.0,0.0,,,,,0.0,1.0,1.0,1.0,4.0,0.0,0.0,0.0,0.0,0.0,,,,0.0,0.0,0.0,1.0,3.0,3.0,3.0,2.0,3.0,2.0,2.0,1.0,1.0,1.0,0.0,0.0,0.0,0.0,0.0,0.0,0.0,0.0,,0.0,0.0,0.0,0.0,2.0,2.0,2.0,2.0,1.0,1.0,,,,,,,,0.0,0.0,0.0,,,0.0,0.0,0.0,0.0,0.0,2.0,2.0,0.0,0.0,,,,,,,,,,,,,,,,,,,,,,,,,,,,,,,,,,,,,,,,,,,,,,,,,,,1.0,,,,,,,,,,,,,,,,,,,,,,,,,,,,,,,,,,,,,,,,,,,,,,,,,,,,,,,,,,,,,,,0.0,,,,,,,,,,,,,,,,,,,,,,,,,,,,,,,,,,,,,,,,,,,,,,,,,,,,,,,,,,,,,,,,,,,,,,,,,,,,,,,,,,,,,,,,,,,,,,,,,,,,,,,,,,,,,,,,,,,,,,,,,,,,,,,,,,,,,,,,,,,,,,,,,,,,,,,,,,,,,,,,,,,,,,,,,,,,,,,,,,,,,,,,,,,,,,,,,,,,,,,,,,,,,,,,,,,,,,,,,,,
1881_guerin,,,,,,,,,,,1.0,3.0,0.0,0.0,0.0,0.0,3.0,8.0,9.0,7.0,8.0,0.0,1.0,6.0,0.0,0.0,0.0,13.0,15.0,11.0,0.0,3.0,3.0,0.0,0.0,0.0,0.0,12.0,6.0,3.0,0.0,0.0,0.0,,0.0,0.0,0.0,0.0,0.0,0.0,0,0.0,0.0,0.0,,,,0.0,0.0,0.0,0,0,0,0,3,9,9.0,,,,,6.0,0.0,0.0,0.0,0,0,0,7,6,2.0,,,,10.0,0.0,0.0,0.0,0.0,0.0,0.0,11.0,9.0,6.0,,,,0.0,0.0,5.0,14.0,12.0,0.0,0.0,0.0,11.0,,,,0.0,5.0,7.0,6.0,8.0,5.0,8.0,0.0,,,,,,,,,,,,,,,,,,,,,,,,,,,,0.0,5.0,,,,,,,,,,,,,,,,,,,,,,,,,,,,,,,,,,7.0,3.0,0.0,,,,,,,,,,,,,,,,,,,,,,,,,,,,,,,,,,,,,,,,,,,,,,,,,,,,,,,,,,,,,,,,,,,,,,,,,,,,,,,,,,,,,,,,,,,,,,,,,,,,,,,,,,,,,,,,,,,,,,,,,,,,,,,,,,,,,,,,,,,,,,,,,,,,,,,,,,,,,,,,,,,,,,,,,,,,,,,,,,,,,,,,,,,,,,,,,,,,,,,,,,,,,,,,,,,,,,,,,,,,,,,,,,,,,,,,,,,,,,,,,,,,,,,,,,,,,,,,,,,,,,,,,,,,,,,,,,,,,,,,,,,,,,,,,,,,,,,,,,,,,,,,,,,,,,,,,,,,,,,,,,,,,,,,,,,,,,,,,,,,,,,,,,,,,,,,,,,,,,,,,,,,,,,,,,,,,,,,,,,,,,,,,,,,,,,,,,,,,,,,,,,,,,,,,,,,,,,,,,,,,,,,,,,,,,,,,,,,,,,,,,,,,,,,,,,,,,,,,,,,,,,,,,,,,,,,,,,,,,,,,,,,,,,,,,,,,,,,,,,,,,,,,,,,,,,,,,,,,,,,,,,,,,,,,,,,,,,,,,,,,,,,,,,,,
1881_magnenat-gloor,,,,,,,,,,,,7.0,1.0,4.0,4.0,4.0,,8.0,5.0,9.0,7.0,9.0,3.0,7.0,,5.0,8.0,8.0,13.0,12.0,6.0,3.0,3.0,,,8.0,11.0,12.0,6.0,3.0,13.0,10.0,6.0,3.0,,,,7.0,4.0,6.0,8,9.0,8.0,9.0,4.0,4.0,,,,,11,1,5,11,10,10,9.0,6.0,5.0,5.0,,,,,2.0,10,2,9,3,4,3.0,6.0,3.0,1.0,,,,,9.0,10.0,10.0,3.0,3.0,8.0,1.0,4.0,2.0,,,,,17.0,9.0,4.0,1.0,8.0,6.0,6.0,,,,,,10.0,9.0,10.0,8.0,7.0,,,,,,,,,,,,,,,,,,,,,,,,,,,,,,,,,,,,,,,,,,,,,,,,,,,,,,,,,,,,,,,,,,,,,,,,,,,,,,,,,,,,,,,,,,,,,,,,,,,,,,,,,,,,,,,,,,,,,,,,,,,,,,,,,,,,,,,,,,,,,,,,,,,,,,,,,,,,,,,,,,,,,,,,,,,,,,,,,,,,,,,,,,,,,,,,,,,,,,,,,,,,,,,,,,,,,,,,,,,,,,,,,,,,,,,,,,,,,,,,,,,,,,,,,,,,,,,,,,,,,,,,,,,,,,,,,,,,,,,,,,,,,,,,,,,,,,,,,,,,,,,,,,,,,,,,,,,,,,,,,,,,,,,,,,,,,,,,,,,,,,,,,,,,,,,,,,,,,,,,,,,,,,,,,,,,,,,,,,,,,,,,,,,,,,,,,,,,,,,,,,,,,,,,,,,,,,,,,,,,,,,,,,,,,,,,,,,,,,,,,,,,,,,,,,,,,,,,,,,,,,,,,,,,,,,,,,,,,,,,,,,,,,,,,,,,,,,,,,,,,,,,,,,,,,,,,,,,,,,,,,,,,,,,,,,,,,,,,,,,,,,,,,,,,,,,,,,,,,,,,,,,,,,,,,,,,,,,,,,,,,,,,,,,,,,,,,,,,,,,,,,,,,,,,,,,,
1881_pierotti,,,,,,,,5.0,5.0,4.0,,3.0,7.0,7.0,6.0,6.0,,8.0,6.0,7.0,8.0,2.0,1.0,6.0,1.0,4.0,10.0,15.0,12.0,9.0,2.0,1.0,2.0,,6.0,6.0,11.0,13.0,13.0,4.0,7.0,8.0,7.0,3.0,4.0,1.0,8.0,8.0,5.0,3.0,7,8.0,6.0,4.0,4.0,4.0,6.0,4.0,4.0,1.0,11,5,9,12,3,8,8.0,1.0,6.0,1.0,3.0,4.0,7.0,5.0,11.0,6,8,4,7,6,8.0,5.0,7.0,2.0,6.0,9.0,7.0,11.0,3.0,14.0,8.0,10.0,9.0,10.0,5.0,4.0,5.0,3.0,3.0,1.0,13.0,18.0,13.0,6.0,5.0,6.0,6.0,5.0,2.0,5.0,5.0,7.0,8.0,8.0,8.0,7.0,10.0,6.0,3.0,,,,,,,,,,,,,,,,,,,,,,,,,4.0,12.0,9.0,,,,,,,,,,,,,,,,,,,,,,,,,,,,,,,,,,5.0,,,,,,,,,,,,,,,,,,,,,,,,,,,,,,,,,,,,,,,,,,,,,,,,,,,,,,,,,,,,,,,,,,,,,,,,,,,,,,,,,,,,,,,,,,,,,,,,,,,,,,,,,,,,,,,,,,,,,,,,,,,,,,,,,,,,,,,,,,,,,,,,,,,,,,,,,,,,,,,,,,,,,,,,,,,,,,,,,,,,,,,,,,,,,,,,,,,,,,,,,,,,,,,,,,,,,,,,,,,,,,,,,,,,,,,,,,,,,,,,,,,,,,,,,,,,,,,,,,,,,,,,,,,,,,,,,,,,,,,,,,,,,,,,,,,,,,,,,,,,,,,,,,,,,,,,,,,,,,,,,,,,,,,,,,,,,,,,,,,,,,,,,,,,,,,,,,,,,,,,,,,,,,,,,,,,,,,,,,,,,,,,,,,,,,,,,,,,,,,,,,,,,,,,,,,,,,,,,,,,,,,,,,,,,,,,,,,,,,,,,,,,,,,,,,,,,,,,,,,,,,,,,,,,,,,,,,,,,,,,,,,,,,,,,,,,,,,,,,,,,,,,,,,,,,,,,,,,,,,,,,,,,,,,,,,,,,,,,,,,,,,,,,,,,,,
1881_unknown,,,,,,4.0,,,,,1.0,3.0,7.0,7.0,6.0,6.0,3.0,8.0,9.0,7.0,8.0,1.0,1.0,8.0,5.0,4.0,9.0,9.0,14.0,12.0,5.0,3.0,,1.0,3.0,6.0,12.0,4.0,5.0,4.0,13.0,10.0,,,7.0,4.0,3.0,8.0,8.0,6.0,7,9.0,8.0,6.0,,,,9.0,3.0,4.0,10,2,9,12,3,8,8.0,,,,,9.0,6.0,3.0,11.0,6,8,4,7,6,2.0,,,,2.0,10.0,6.0,11.0,3.0,13.0,8.0,10.0,9.0,6.0,,,,12.0,8.0,5.0,12.0,18.0,13.0,1.0,3.0,11.0,,,,7.0,5.0,7.0,8.0,8.0,5.0,6.0,12.0,,,,7.0,13.0,14.0,5.0,8.0,7.0,2.0,,,11.0,8.0,4.0,2.0,4.0,3.0,,,,,,,,,,6.0,7.0,5.0,4.0,4.0,,,,,,,,,,,,,8.0,,,,,,,,,,,,,,,,,,8.0,3.0,1.0,1.0,,4.0,,,2.0,,,,,,,,,,,,,,,,,,,1.0,,,,,,,,,,,0.0,,,,,,,,,,,,,,,,,,,,,,,,,,,,,,,,,,,,,,,,,,,,,,,,,,,,,,,,,,,,,,,,,,,,,,,,,,,,,,,,,,,,,,,,,,,,,,,,,,,,,,,,,,,,,,,,,,,,,,,,,,,,,,,,,,,,,,,,,,,,,,,,,,,,,,,,,,,,,,,,,,,,,,,,,,,,,,,,,,,,,,,,,,,,,,,,,,,,,,,,,,,,,,,,,,,,,,,,,,,,,,,,,,,,,,,,,,,,,,,,,,,,,,,,,,,,,,,,,,,,,,,,,,,,,,,,,,,,,,,,,,,,,,,,,,,,,,,,,,,,,,,,,,,,,,,,,,,,,,,,,,,,,,,,,,,,,,,,,,,,,,,,,,,,,,,,,,,,,,,,,,,,,,,,,,,,,,,,,,,,,,,,,,,,,,,,,,,,,,,,,,,,,,,,,,,,,,,,,,,,,,,,,,,,,,,,,,,,,,,,,,,,,,,,,,,,,,,,,,,,,,,,,,,,,,,,,,,,,,,,,,,,,,,,,,,,,,,,,,,,,,,,,,,,,,,,,
1882_guthe,,,,,,4.0,0.0,0.0,0.0,0.0,1.0,3.0,7.0,5.0,6.0,0.0,0.0,0.0,9.0,7.0,8.0,1.0,1.0,6.0,5.0,5.0,10.0,13.0,15.0,0.0,7.0,3.0,,1.0,3.0,8.0,11.0,12.0,0.0,3.0,13.0,10.0,7.0,,7.0,5.0,8.0,0.0,6.0,0.0,9,9.0,8.0,0.0,,,3.0,9.0,2.0,4.0,11,6,0,0,3,0,9.0,,,,8.0,6.0,7.0,10.0,11.0,6,0,0,7,0,2.0,,,,10.0,0.0,0.0,0.0,0.0,0.0,0.0,0.0,0.0,10.0,,,,11.0,0.0,5.0,14.0,12.0,0.0,0.0,0.0,11.0,,,,0.0,5.0,7.0,6.0,8.0,5.0,8.0,0.0,,,,7.0,14.0,14.0,5.0,6.0,8.0,0.0,,,11.0,8.0,3.0,2.0,4.0,0.0,,4.0,2.0,3.0,3.0,3.0,5.0,,6.0,6.0,5.0,0.0,9.0,6.0,7.0,,,,,,,,,,,,5.0,,,,,,,,,,,,,,,,2.0,0.0,7.0,3.0,1.0,0.0,,4.0,,,2.0,0.0,2.0,1.0,2.0,,,,,0.0,,,,,,,,,,1.0,,,,,,,,,,,2.0,,,,,,,,,,,,,,,,,,,,,,,,,,,,,,,,,,,,,,,,,,,,,,,,,,,,,,,,,,,,,,,,,,,,,,,,,,,,,,,,,,,,,0.0,,,,,,,,,,,,,,,,,,,,,,,,,,,,,,,,,,,,,,,,,,,,,,,,,,,,,,,,,,,,,,,,,,,,,,,,,,,,,,,,,,,,,,,,,,,,,,,,,,,,,,,,,,,,,,,,,,,,,,,,,,,,,,,,,,,,,,,,,,,,,,,,,,,2.0,,,,,,,,,,,,,,,,,,,,,,,,,,,,,,,,,,,,,,,,,,,,,,,,,,,,,,,,,,,,,,,,,,,,,,,,,,,,,,,,,,,,,,,,,,,,,,,,,,,,,,,,,,,,,,,,,,,,,,,,,,,,,,,,,,,,,,,,,,,,,,,,,,,,,,,,,,,,,,,,,,,,,,,,,,,,,,,,,,,,,,,,,,,,,,,,,,,,,,,,,,,,,,,,,,,,,,,,,,,,,,,,,,,,,,,,,,,,,,,,,,,,,,,,,,,,,,,,,,,,,,,,,,,,,,,,,,,,,,,,,
1882_house,,,,,,,,,,,,,,,,,,,,,,,,,,6.0,6.0,,,,,,,,6.0,5.0,3.0,5.0,5.0,9.0,,,,,6.0,3.0,6.0,5.0,11.0,10.0,6,12.0,11.0,,,,3.0,7.0,4.0,6.0,4,9,3,14,11,4,8.0,4.0,,,2.0,3.0,1.0,7.0,9.0,5,15,8,4,2,2.0,3.0,4.0,2.0,10.0,10.0,9.0,4.0,12.0,6.0,10.0,1.0,11.0,2.0,6.0,6.0,2.0,9.0,10.0,9.0,9.0,13.0,8.0,4.0,12.0,11.0,9.0,6.0,,2.0,9.0,4.0,11.0,12.0,3.0,5.0,12.0,6.0,,,5.0,14.0,16.0,8.0,5.0,7.0,,,,11.0,8.0,2.0,1.0,,,,5.0,4.0,8.0,,,,,6.0,4.0,3.0,10.0,3.0,6.0,5.0,,,,,,,,,,,,,,,,,,,,,,,,,,,,,,,,,,,,,,,,,,,,,,,,,,,,,,,,,,,,,,,,,,,,,,,,,,,,,,,,,,,,,,,,,,,,,,,,,,,,,,,,,,,,,,,,,,,,,,,,,,,,,,,,,,,,,,,,,,,,,,,,,,,,,,,,,,,,,,,,,,,,,,,,,,,,,,,,,,,,,,,,,,,,,,,,,,,,,,,,,,,,,,,,,,,,,,,,,,,,,,,,,,,,,,,,,,,,,,,,,,,,,,,,,,,,,,,,,,,,,,,,,,,,,,,,,,,,,,,,,,,,,,,,,,,,,,,,,,,,,,,,,,,,,,,,,,,,,,,,,,,,,,,,,,,,,,,,,,,,,,,,,,,,,,,,,,,,,,,,,,,,,,,,,,,,,,,,,,,,,,,,,,,,,,,,,,,,,,,,,,,,,,,,,,,,,,,,,,,,,,,,,,,,,,,,,,,,,,,,,,,,,,,,,,,,,,,,,,,,,,,,,,,,,,,,,,,,,,,,,,,,,,,,,,,,,,,,,,,,,,,,,,,,,,,,,,,,,,,,,,,,,,,,,,,,,,,,,,,,,,,,,,,,,,,,,,,,,,,,,,,,,,,,,,,,,,,,,,,,,
1882_thuillier,0.0,,0.0,0.0,0.0,4.0,5.0,5.0,0.0,4.0,3.0,3.0,7.0,7.0,6.0,6.0,4.0,7.0,9.0,7.0,8.0,1.0,1.0,6.0,0.0,0.0,0.0,13.0,15.0,11.0,4.0,3.0,3.0,0.0,0.0,0.0,0.0,0.0,6.0,3.0,13.0,10.0,0.0,3.0,7.0,0.0,3.0,0.0,0.0,4.0,9,9.0,8.0,0.0,0.0,0.0,3.0,9.0,2.0,4.0,11,2,9,0,0,0,0.0,0.0,0.0,2.0,8.0,6.0,0.0,10.0,11.0,6,8,4,7,0,0.0,0.0,0.0,0.0,3.0,0.0,0.0,0.0,0.0,13.0,8.0,11.0,0.0,0.0,0.0,0.0,0.0,11.0,0.0,0.0,0.0,12.0,11.0,0.0,0.0,0.0,0.0,0.0,0.0,0.0,0.0,0.0,6.0,8.0,5.0,8.0,12.0,0.0,0.0,1.0,0.0,0.0,15.0,0.0,0.0,0.0,0.0,0.0,3.0,12.0,8.0,0.0,0.0,4.0,1.0,0.0,5.0,2.0,3.0,3.0,3.0,5.0,,8.0,7.0,5.0,0.0,4.0,6.0,8.0,,,,,,,,,,,,5.0,,,,,,,,,,,,,,,,2.0,4.0,7.0,3.0,0.0,0.0,1.0,4.0,0.0,,2.0,0.0,0.0,0.0,2.0,0.0,,,,,,,,,,,,,,1.0,,,,,,,,,,,2.0,,,,,,,,,,,,,,,,,,,,,,0.0,,,,,,,,,,,,,,,,,,,,,,,,,,,,,,,,,,,,,,,,,,,,,,,,,,,,,,,,,,,,,,,,,,,,,,,,,,,,,,,,,,,,,,,,,,,,,,,,,,,,,,,,,,,,,,,,,,,,,,,,,,,,,,,,,,,,,,,,,,,,,,,,,,,,,,,,,,,,,,,,,,,,,,,,,,,,,,,,,,,,,,,,,,,,,,,,,,,,,,,,,,,,,,,,,,,,,,,,,,,,,,,,,,,,,,,,,,,,,,,,,,,,,,,,,,,,,,,,,,,,,,,,,,,,,,,,,,,,,,,,,,,,,,,,,,,,,,,,,,,,,,,,,,,,,,,,,,,,,,,,,,,,,,,,,,,,,,,,,,,,,,,,,,,,,,,,,,,,,,,,,,,,,,,,,,,,,,,,,,,,,,,,,,,,,,,,,,,,,,,,,,,,,,,,,,,,,,,,,,,,,,,,,,,,,,,,,,,,,,,,,,,,,,,,,,,,,,,,,,,,,,,,,,,,,,,,,,,,,,,,,,,,,,,,,,,
1882_unknown,,,,,,0.0,,,,,0.0,3.0,7.0,7.0,6.0,6.0,,0.0,9.0,7.0,8.0,1.0,1.0,8.0,,5.0,10.0,13.0,15.0,11.0,7.0,3.0,3.0,,,8.0,11.0,12.0,0.0,3.0,13.0,8.0,7.0,,,,3.0,8.0,6.0,6.0,9,9.0,8.0,6.0,,,,,,4.0,10,6,0,12,3,9,9.0,,,,,,,10.0,11.0,6,8,4,7,6,5.0,,,,,,8.0,0.0,3.0,13.0,3.0,11.0,8.0,4.0,,,,12.0,0.0,5.0,12.0,12.0,11.0,1.0,3.0,0.0,,,,7.0,6.0,7.0,6.0,8.0,5.0,6.0,12.0,,,,,,,,,,,,,,,,,,,,,,,,,,,,,5.0,,,,,,,,,,,,,,,,,,,,,,,,,,,,,,,,,,,0.0,,,,,,,0.0,,,,,,,,,,,,,,,,,,,,,,,,,,,,,,,,,,,,,,,,,,,,,,,,,,,,,,,,,,,,,,,,,,,,,,,,,,,,,,,,,,,,,,,,,,,,,,,,,,,,,,,,,,,,,,,,,,,,,,,,,,,,,,,,,,,,,,,,,,,,,,,,,,,,,,,,,,,,,,,,,,,,,,,,,,,,,,,,,,,,,,,,,,,,,,,,,,,,,,,,,,,,,,,,,,,,,,,,,,,,,,,,,,,,,,,,,,,,,,,,,,,,,,,,,,,,,,,,,,,,,,,,,,,,,,,,,,,,,,,,,,,,,,,,,,,,,,,,,,,,,,,,,,,,,,,,,,,,,,,,,,,,,,,,,,,,,,,,,,,,,,,,,,,,,,,,,,,,,,,,,,,,,,,,,,,,,,,,,,,,,,,,,,,,,,,,,,,,,,,,,,,,,,,,,,,,,,,,,,,,,,,,,,,,,,,,,,,,,,,,,,,,,,,,,,,,,,,,,,,,,,,,,,,,,,,,,,,,,,,,,,,,,,,,,,,,,,,,,,,,,,,,,,,,,,,,,,,,,,,,,,,,,,,,,,,,,,,,,,,,,,,
1882_unknown_2,,,,,,,,,,,,,,,,,,6.0,11.0,12.0,6.0,-1.0,4.0,,,1.0,1.0,11.0,2.0,5.0,5.0,5.0,,,,2.0,6.0,6.0,2.0,1.0,13.0,9.0,,,,,2.0,4.0,2.0,2.0,3,10.0,5.0,,,,,,,4.0,6,6,5,9,10,3,12.0,,,,,,,3.0,4.0,6,7,6,2,8,7.0,,,,,11.0,11.0,12.0,8.0,14.0,13.0,10.0,10.0,3.0,,,,7.0,6.0,4.0,11.0,10.0,5.0,4.0,8.0,7.0,,,,5.0,10.0,13.0,4.0,14.0,3.0,4.0,3.0,,,,4.0,11.0,8.0,8.0,5.0,9.0,,,,6.0,2.0,2.0,1.0,,,,3.0,3.0,,,,,,,,9.0,6.0,4.0,8.0,4.0,,,,,,,,,,,,3.0,,,,,,,,,,,,,,,,,,,,,,,,,,,,,,,,,,,,,,,,,,,,,,,,,,,,,,,,,,,,,,,,,,,,,,,,,,,,,,,,,,,,,,,,,,,,,,,,,,,,,,,,,,,,,,,,,,,,,,,,,,,,,,,,,,,,,,,,,,,,,,,,,,,,,,,,,,,,,,,,,,,,,,,,,,,,,,,,,,,,,,,,,,,,,,,,,,,,,,,,,,,,,,,,,,,,,,,,,,,,,,,,,,,,,,,,,,,,,,,,,,,,,,,,,,,,,,,,,,,,,,,,,,,,,,,,,,,,,,,,,,,,,,,,,,,,,,,,,,,,,,,,,,,,,,,,,,,,,,,,,,,,,,,,,,,,,,,,,,,,,,,,,,,,,,,,,,,,,,,,,,,,,,,,,,,,,,,,,,,,,,,,,,,,,,,,,,,,,,,,,,,,,,,,,,,,,,,,,,,,,,,,,,,,,,,,,,,,,,,,,,,,,,,,,,,,,,,,,,,,,,,,,,,,,,,,,,,,,,,,,,,,,,,,,,,,,,,,,,,,,,,,,,,,,,,,,,,,,,,,,,,,,,,,,,,,,,,,,,,,,,,,,,,,,,,,,,,,,,,,,,,,,,,,,
1883_house,,,,,,,,,,,,,,,,,,,,,,,,,,6.0,6.0,12.0,,,,,,,6.0,5.0,3.0,5.0,5.0,9.0,,,,,6.0,3.0,6.0,5.0,11.0,10.0,6,12.0,11.0,,,,3.0,7.0,4.0,6.0,4,9,3,14,11,4,8.0,0.0,,,2.0,3.0,1.0,7.0,9.0,5,15,8,8,2,2.0,3.0,4.0,2.0,10.0,10.0,9.0,4.0,12.0,6.0,10.0,1.0,11.0,2.0,6.0,6.0,0.0,9.0,10.0,9.0,9.0,17.0,8.0,4.0,12.0,11.0,9.0,6.0,,2.0,7.0,7.0,1.0,8.0,9.0,11.0,12.0,4.0,,,7.0,13.0,14.0,4.0,5.0,7.0,,,,8.0,8.0,3.0,1.0,,,,3.0,3.0,8.0,,,,,6.0,4.0,3.0,10.0,5.0,4.0,6.0,,,,,,,,,,,,,,,,,,,,,,,,,,,,,,,,,,,,,,,,,,,,,,,,,,,,,,,,,,,,,,,,,,,,,,,,,,,,,,,,,,,,,,,,,,,,,,,,,,,,,,,,,,,,,,,,,,,,,,,,,,,,,,,,,,,,,,,,,,,,,,,,,,,,,,,,,,,,,,,,,,,,,,,,,,,,,,,,,,,,,,,,,,,,,,,,,,,,,,,,,,,,,,,,,,,,,,,,,,,,,,,,,,,,,,,,,,,,,,,,,,,,,,,,,,,,,,,,,,,,,,,,,,,,,,,,,,,,,,,,,,,,,,,,,,,,,,,,,,,,,,,,,,,,,,,,,,,,,,,,,,,,,,,,,,,,,,,,,,,,,,,,,,,,,,,,,,,,,,,,,,,,,,,,,,,,,,,,,,,,,,,,,,,,,,,,,,,,,,,,,,,,,,,,,,,,,,,,,,,,,,,,,,,,,,,,,,,,,,,,,,,,,,,,,,,,,,,,,,,,,,,,,,,,,,,,,,,,,,,,,,,,,,,,,,,,,,,,,,,,,,,,,,,,,,,,,,,,,,,,,,,,,,,,,,,,,,,,,,,,,,,,,,,,,,,,,,,,,,,,,,,,,,,,,,,,,,,,,,,,,
1883_sandreczki,,,,,,,,,,,,,,,,,,,,,,,,,,,,,,,,,,,,,0.0,0.0,0.0,0.0,,,,,,,,0.0,0.0,0.0,0,0.0,0.0,,,,,,,,0,0,0,0,0,0,,,,,,,,0.0,0.0,0,0,0,0,0,,,,,,,,0.0,0.0,0.0,0.0,0.0,0.0,,,,,,,,0.0,0.0,0.0,0.0,0.0,,,,,,,,6.0,7.0,5.0,0.0,,,,,,,,,,,,,,,,,,,,,,,,,,,,,,,,,,,,,,,,,,,,,,,,,,,,,,,,,,,,,,,,,,,,,,,,,,,,,,,,,,,,,,,,,,,,,,,,,,,,,,,,,,,,,,,,,,,,,,,,,,,,,,,,,,,,,,,,,,,,,,,,,,,,,,,,,,,,,,,,,,,,,,,,,,,,,,,,,,,,,,,,,,,,,,,,,,,,,,,,,,,,,,,,,,,,,,,,,,,,,,,,,,,,,,,,,,,,,,,,,,,,,,,,,,,,,,,,,,,,,,,,,,,,,,,,,,,,,,,,,,,,,,,,,,,,,,,,,,,,,,,,,,,,,,,,,,,,,,,,,,,,,,,,,,,,,,,,,,,,,,,,,,,,,,,,,,,,,,,,,,,,,,,,,,,,,,,,,,,,,,,,,,,,,,,,,,,,,,,,,,,,,,,,,,,,,,,,,,,,,,,,,,,,,,,,,,,,,,,,,,,,,,,,,,,,,,,,,,,,,,,,,,,,,,,,,,,,,,,,,,,,,,,,,,,,,,,,,,,,,,,,,,,,,,,,,,,,,,,,,,,,,,,,,,,,,,,,,,,,,,,,,,,,,,,,,,,,,,,,,,,,,,,,,,,,,,,,,,,,,,,,,,,,,,,,,,,,,,,,,,,,,,,,,,,,,,,
1884_perron,,,,,,4.0,7.0,5.0,2.0,4.0,3.0,3.0,7.0,7.0,6.0,6.0,4.0,8.0,6.0,7.0,8.0,1.0,4.0,8.0,4.0,4.0,7.0,13.0,15.0,11.0,5.0,3.0,3.0,1.0,3.0,7.0,11.0,12.0,6.0,3.0,13.0,10.0,6.0,3.0,7.0,5.0,3.0,8.0,6.0,4.0,8,0.0,0.0,6.0,6.0,2.0,3.0,9.0,2.0,4.0,10,2,9,14,3,9,0.0,4.0,1.0,5.0,2.0,6.0,7.0,10.0,11.0,6,8,4,7,0,2.0,3.0,2.0,1.0,10.0,10.0,8.0,13.0,3.0,14.0,3.0,10.0,8.0,10.0,6.0,6.0,4.0,11.0,8.0,5.0,13.0,9.0,11.0,3.0,3.0,6.0,7.0,6.0,2.0,8.0,6.0,12.0,8.0,7.0,13.0,8.0,12.0,7.0,3.0,1.0,5.0,8.0,15.0,7.0,8.0,7.0,2.0,3.0,2.0,11.0,8.0,4.0,2.0,4.0,3.0,3.0,5.0,2.0,3.0,3.0,0.0,0.0,2.0,6.0,6.0,6.0,2.0,9.0,6.0,8.0,,,,,,,,,3.0,3.0,3.0,5.0,,,,,,,,,,,,,,,,2.0,4.0,7.0,3.0,1.0,1.0,1.0,4.0,1.0,,2.0,1.0,2.0,1.0,,,,,,,,,,,,,,,,1.0,,,,,,,,,,,2.0,,,,,,,,,,,,,,,,,,,,,,1.0,,,,,,,,,,,,,,,,,,,,,,,,,,,,,,,,,,,,,,,,,,,,,,,,,,,,,,,,,,,,,,,,,,,,,,,,,,,,,,,,,,,,,,,,,,,,,,,,,,,,,,,,,,,,,,,,,,,,,,,,,,,,,,,,,,,,,,,,,,,,,,,,,,,,,,,,,,,,,,,,,,,,,,,,,,,,,,,,,,,,,,,,,,,,,,,,,,,,,,,,,,,,,,,,,,,,,,,,,,,,,,,,,,,,,,,,,,,,,,,,,,,,,,,,,,,,,,,,,,,,,,,,,,,,,,,,,,,,,,,,,,,,,,,,,,,,,,,,,,,,,,,,,,,,,,,,,,,,,,,,,,,,,,,,,,,,,,,,,,,,,,,,,,,,,,,,,,,,,,,,,,,,,,,,,,,,,,,,,,,,,,,,,,,,,,,,,,,,,,,,,,,,,,,,,,,,,,,,,,,,,,,,,,,,,,,,,,,,,,,,,,,,,,,,,,,,,,,,,,,,,,,,,,,,,,,,,,,,,,,,,,,,,,,,,,,
1885_barkdull,,,2.0,4.0,,,3.0,2.0,,,,7.0,2.0,,,,,4.0,8.0,9.0,7.0,,,,,6.0,6.0,12.0,13.0,,,,,,6.0,5.0,3.0,8.0,6.0,9.0,,,,,6.0,3.0,6.0,5.0,11.0,10.0,6,12.0,11.0,,,,3.0,7.0,4.0,6.0,4,9,3,14,11,4,8.0,4.0,,,2.0,3.0,1.0,7.0,9.0,5,15,8,8,2,2.0,3.0,4.0,2.0,10.0,10.0,9.0,4.0,12.0,6.0,10.0,1.0,11.0,2.0,6.0,6.0,2.0,9.0,10.0,9.0,9.0,17.0,8.0,4.0,12.0,11.0,9.0,2.0,,2.0,7.0,7.0,4.0,12.0,13.0,5.0,12.0,6.0,,,7.0,13.0,13.0,11.0,8.0,7.0,,,,8.0,8.0,3.0,1.0,,,,3.0,3.0,8.0,,,,,,,,,,,,,,,,,,,,,,,,,,,,,,,,,,,,,,,,,,,,,,,,,,,,,,,,,,,,,,,,,,,,,,,,,,,,,,,,,,,,,,,,,,,,,,,,,,,,,,,,,,,,,,,,,,,,,,,,,,,,,,,,,,,,,,,,,,,,,,,,,,,,,,,,,,,,,,,,,,,,,,,,,,,,,,,,,,,,,,,,,,,,,,,,,,,,,,,,,,,,,,,,,,,,,,,,,,,,,,,,,,,,,,,,,,,,,,,,,,,,,,,,,,,,,,,,,,,,,,,,,,,,,,,,,,,,,,,,,,,,,,,,,,,,,,,,,,,,,,,,,,,,,,,,,,,,,,,,,,,,,,,,,,,,,,,,,,,,,,,,,,,,,,,,,,,,,,,,,,,,,,,,,,,,,,,,,,,,,,,,,,,,,,,,,,,,,,,,,,,,,,,,,,,,,,,,,,,,,,,,,,,,,,,,,,,,,,,,,,,,,,,,,,,,,,,,,,,,,,,,,,,,,,,,,,,,,,,,,,,,,,,,,,,,,,,,,,,,,,,,,,,,,,,,,,,,,,,,,,,,,,,,,,,,,,,,,,,,,,,,,,,,,,,,,,,,,,,,,,,,,,,,,,,,,,,,,,,,,,,,,,,,,,,,
1885_muret,,,,,,,,,,,1.0,4.0,7.0,7.0,6.0,6.0,,8.0,6.0,9.0,7.0,1.0,2.0,6.0,,1.0,3.0,12.0,5.0,11.0,7.0,3.0,3.0,,,7.0,6.0,8.0,12.0,3.0,13.0,10.0,7.0,3.0,,,3.0,8.0,7.0,4.0,8,9.0,8.0,6.0,6.0,4.0,,,,4.0,10,2,9,14,3,8,5.0,1.0,7.0,2.0,,,,10.0,11.0,6,8,4,7,6,2.0,3.0,7.0,2.0,,,7.0,11.0,3.0,13.0,8.0,7.0,9.0,6.0,7.0,6.0,2.0,12.0,8.0,5.0,14.0,12.0,13.0,3.0,3.0,11.0,7.0,6.0,,9.0,7.0,10.0,6.0,8.0,5.0,8.0,12.0,6.0,,,,,,,,,,,,,,,,,,,,,,,,,,,,5.0,,,,,,,,,4.0,,1.0,1.0,2.0,3.0,3.0,,2.0,,,,,,,,,,,,,,,,,,,,,,,,,,,,,,,,,,,,,,,,,,,,,,,,,,,,,,,,,,,,,,,,,,,,,,,,,,,,,,,,,,,,,,,,,,,,,,,,,,,,,,,,,,,,,,,,,,,,,,,,,,,,,,,,,,,,,,,,,,,,,,,,,,,,,,,,,,,,,,,,,,,,,,,,,,,,,,,,,,,,,,,,,,,,,,,,,,,,,,,,,,,,,,,,,,,,,,,,,,,,,,,,,,,,,,,,,,,,,,,,,,,,,,,,,,,,,,,,,,,,,,,,,,,,,,,,,,,,,,,,,,,,,,,,,,,,,,,,,,,,,,,,,,,,,,,,,,,,,,,,,,,,,,,,,,,,,,,,,,,,,,,,,,,,,,,,,,,,,,,,,,,,,,,,,,,,,,,,,,,,,,,,,,,,,,,,,,,,,,,,,,,,,,,,,,,,,,,,,,,,,,,,,,,,,,,,,,,,,,,,,,,,,,,,,,,,,,,,,,,,,,,,,,,,,,,,,,,,,,,,,,,,,,,,,,,,,,,,,,,,,,,,,,,,,,,,,,,,,,,,,,,,,,,,,,,,,,,,,,,,,,,,,,,,,,,,,,,,,,,,,,,,,,,,
1885_unknown,,,,,,,,,,,,,,,,,,,,,,,,,,5.0,10.0,13.0,,,,,,,,6.0,10.0,13.0,6.0,0.0,,,,,,,3.0,7.0,6.0,4.0,0,9.0,0.0,,,,,,,6.0,11,2,9,14,0,0,0.0,,,,,,,10.0,11.0,6,8,1,0,0,0.0,,,,,,,11.0,3.0,13.0,0.0,0.0,0.0,10.0,,,,,,,12.0,12.0,0.0,0.0,0.0,6.0,,,,,,,,0.0,0.0,6.0,11.0,,,,,,,,,,,,,,,,,,,,,,,,,,,,,,,,,,,,,,,,,,,,,,,,,,,,,,,,,,,,,,,,,,,,,,,,,,,,,,,,,,,,,,,,,,,,,,,,,,,,,,,,,,,,,,,,,,,,,,,,,,,,,,,,,,,,,,,,,,,,,,,,,,,,,,,,,,,,,,,,,,,,,,,,,,,,,,,,,,,,,,,,,,,,,,,,,,,,,,,,,,,,,,,,,,,,,,,,,,,,,,,,,,,,,,,,,,,,,,,,,,,,,,,,,,,,,,,,,,,,,,,,,,,,,,,,,,,,,,,,,,,,,,,,,,,,,,,,,,,,,,,,,,,,,,,,,,,,,,,,,,,,,,,,,,,,,,,,,,,,,,,,,,,,,,,,,,,,,,,,,,,,,,,,,,,,,,,,,,,,,,,,,,,,,,,,,,,,,,,,,,,,,,,,,,,,,,,,,,,,,,,,,,,,,,,,,,,,,,,,,,,,,,,,,,,,,,,,,,,,,,,,,,,,,,,,,,,,,,,,,,,,,,,,,,,,,,,,,,,,,,,,,,,,,,,,,,,,,,,,,,,,,,,,,,,,,,,,,,,,,,,,,,,,,,,,,,,,,,,,,,,,,,,,,,,,,,,,,,,,,,,,,,,,,,,,,,,,,,,,,,,,,,,,,,,,,,
1886_PEF,,,,,,,,,,,,,,,,,,,,,,,0.0,,,,,13.0,15.0,11.0,0.0,,,,,,10.0,13.0,6.0,3.0,0.0,8.0,,,,,,8.0,6.0,4.0,9,0.0,8.0,,,,,,,,8,1,8,14,3,9,,,,,,,,10.0,11.0,6,6,1,7,6,,,,,,,,11.0,14.0,12.0,8.0,11.0,9.0,,,,,,,,14.0,18.0,11.0,3.0,11.0,,,,,,,,8.0,7.0,6.0,8.0,,,,,,,,,,,,,,,,,,,,,,,,,,,,,,,,,,,,,,,,,,,,,,,,,,,,,,,,,,,,,,,,,,,,,,,,,,,,,,,,,,,,,,,,,,,,,,,,,,,,,,,,,,,,,,,,,,,,,,,,,,,,,,,,,,,,,,,,,,,,,,,,,,,,,,,,,,,,,,,,,,,,,,,,,,,,,,,,,,,,,,,,,,,,,,,,,,,,,,,,,,,,,,,,,,,,,,,,,,,,,,,,,,,,,,,,,,,,,,,,,,,,,,,,,,,,,,,,,,,,,,,,,,,,,,,,,,,,,,,,,,,,,,,,,,,,,,,,,,,,,,,,,,,,,,,,,,,,,,,,,,,,,,,,,,,,,,,,,,,,,,,,,,,,,,,,,,,,,,,,,,,,,,,,,,,,,,,,,,,,,,,,,,,,,,,,,,,,,,,,,,,,,,,,,,,,,,,,,,,,,,,,,,,,,,,,,,,,,,,,,,,,,,,,,,,,,,,,,,,,,,,,,,,,,,,,,,,,,,,,,,,,,,,,,,,,,,,,,,,,,,,,,,,,,,,,,,,,,,,,,,,,,,,,,,,,,,,,,,,,,,,,,,,,,,,,,,,,,,,,,,,,,,,,,,,,,,,,,,,,,,,,,,,,,,,,,,,,,,,,,,,,,,,,,,,,,,,
1886_nicole,,,0.0,0.0,0.0,4.0,7.0,5.0,2.0,0.0,3.0,3.0,7.0,7.0,0.0,0.0,3.0,8.0,6.0,11.0,7.0,1.0,1.0,6.0,5.0,5.0,10.0,13.0,5.0,11.0,7.0,3.0,0.0,0.0,3.0,8.0,11.0,8.0,6.0,3.0,13.0,10.0,0.0,0.0,7.0,4.0,3.0,7.0,7.0,4.0,9,9.0,8.0,6.0,4.0,0.0,3.0,9.0,3.0,4.0,6,2,9,12,3,0,9.0,4.0,1.0,2.0,2.0,6.0,0.0,10.0,11.0,6,8,4,7,0,5.0,7.0,4.0,2.0,10.0,0.0,6.0,11.0,3.0,13.0,8.0,11.0,0.0,10.0,6.0,4.0,2.0,0.0,8.0,5.0,12.0,12.0,0.0,0.0,3.0,11.0,10.0,6.0,2.0,8.0,5.0,12.0,6.0,7.0,5.0,8.0,12.0,6.0,2.0,0.0,7.0,13.0,15.0,5.0,8.0,8.0,3.0,3.0,3.0,12.0,8.0,4.0,2.0,4.0,2.0,0.0,5.0,4.0,3.0,3.0,3.0,5.0,0.0,6.0,6.0,5.0,5.0,4.0,6.0,0.0,,0.0,0.0,0.0,0.0,0.0,0.0,0.0,0.0,0.0,0.0,5.0,0.0,3.0,3.0,0.0,1.0,0.0,0.0,0.0,0.0,0.0,,0.0,0.0,0.0,0.0,2.0,4.0,7.0,0.0,0.0,1.0,0.0,4.0,0.0,2.0,0.0,1.0,2.0,0.0,2.0,0.0,0.0,0.0,0.0,0.0,0.0,0.0,0.0,0.0,1.0,1.0,0.0,0.0,0.0,0.0,0.0,0.0,0.0,0.0,0.0,0.0,1.0,0.0,0.0,0.0,0.0,0.0,0.0,0.0,0.0,0.0,0.0,0.0,0.0,0.0,0.0,0.0,0.0,0.0,0.0,0.0,0.0,0.0,0.0,0.0,0.0,0.0,0.0,0.0,0.0,0.0,0.0,,0.0,0.0,0.0,0.0,0.0,0.0,0.0,0.0,0.0,0.0,,,0.0,0.0,0.0,2.0,3.0,1.0,2.0,0.0,0.0,,,0.0,0.0,0.0,2.0,2.0,2.0,1.0,1.0,,,,0.0,0.0,2.0,2.0,1.0,1.0,1.0,,,,0.0,0.0,3.0,3.0,2.0,0.0,,,,0.0,0.0,0.0,0.0,4.0,0.0,0.0,,,,0.0,0.0,0.0,0.0,1.0,0.0,0.0,,,,0.0,0.0,0.0,0.0,0.0,0.0,0.0,0.0,0.0,0.0,,,,0.0,0.0,0.0,0.0,4.0,0.0,0.0,1.0,0.0,0.0,0.0,,,0.0,0.0,0.0,0.0,0.0,3.0,3.0,2.0,3.0,2.0,2.0,1.0,1.0,1.0,0.0,0.0,0.0,0.0,0.0,2.0,0.0,0.0,,0.0,0.0,0.0,0.0,0.0,0.0,0.0,0.0,0.0,0.0,0.0,2.0,2.0,2.0,1.0,3.0,0.0,0.0,0.0,2.0,0.0,0.0,0.0,0.0,0.0,0.0,0.0,0.0,0.0,0.0,0.0,0.0,0.0,2.0,1.0,2.0,2.0,1.0,0.0,0.0,2.0,0.0,0.0,0.0,0.0,0.0,0.0,0.0,0.0,0.0,0.0,2.0,4.0,2.0,2.0,0.0,0.0,0.0,0.0,0.0,0.0,0.0,0.0,0.0,0.0,0.0,0.0,0.0,0.0,0.0,0.0,0.0,0.0,2.0,2.0,1.0,3.0,1.0,2.0,1.0,3.0,0.0,2.0,1.0,1.0,0.0,0.0,0.0,0.0,0.0,0.0,0.0,0.0,0.0,0.0,0.0,0.0,0.0,0.0,0.0,0.0,0.0,0.0,,,,,,,,,,,1.0,,,,,,,,,,,,,,,,,,,,,,,,,,,,,,,,0.0,2.0,2.0,1.0,0.0,0.0,0.0,0.0,2.0,2.0,0.0,0.0,,,,,,,,,,,,,,,,,,,,,,,,,,,,,,,,,,,,,,,,,,,,,,,,,,,,,,,,,,,,,,,,,,,,,,,,,,,,,,,,,,,,,,,,,,,,,,,,,,,,,,,,,,,,,,,,,,,,,,,,,,,,,,,,,,,,,,,,,,,,,,,,,,,,,,,,,,,,,,,,,,,,,,,,,,,,,,,,,,,,,,,,,,,,,,,,,,,,,,,,,,,,,,,
1887_hurlbut,,,,,,4.0,,,,,1.0,3.0,7.0,7.0,0.0,0.0,0.0,8.0,6.0,7.0,8.0,1.0,1.0,6.0,5.0,0.0,10.0,13.0,15.0,11.0,4.0,3.0,0.0,1.0,3.0,0.0,0.0,0.0,0.0,3.0,13.0,10.0,0.0,,7.0,5.0,3.0,0.0,0.0,4.0,8,9.0,8.0,0.0,,,,6.0,2.0,2.0,6,0,0,12,3,0,0.0,,,,0.0,0.0,7.0,10.0,0.0,0,0,0,0,0,2.0,,,,10.0,10.0,8.0,0.0,3.0,13.0,8.0,11.0,9.0,10.0,,,,11.0,8.0,5.0,12.0,12.0,11.0,3.0,0.0,11.0,,,,7.0,6.0,7.0,6.0,7.0,5.0,6.0,12.0,,,,7.0,14.0,14.0,5.0,8.0,0.0,3.0,,,11.0,8.0,3.0,2.0,0.0,,,4.0,2.0,3.0,3.0,3.0,,,6.0,7.0,5.0,0.0,9.0,6.0,8.0,,,,,,,,,,,,5.0,,,,,,,,,,,,,,,,2.0,,7.0,3.0,1.0,1.0,,4.0,,,2.0,1.0,2.0,1.0,,,,,,,,,,,,,,,,,,,,,,,,,,,,,,,,,,,,,,,,,,,,,,,,,,,,,,,,,,,,,,,,,,,,,,,,,,,,,,,,,,,,,,,,,,,,,,,,,,,,,,,,,,,,,,,,,,,,,,,,,,,,,,,,,,,,,,,,,,,,,,,,,,,,,,,,,,,,,,,,,,,,,,,,,,,,,,,,,,,,,,,,,,,,,,,,,,,,,,,,,,,,,,,,,,,,,,,,,,,,,,,,,,,,,,,,,,,,,,,,,,,,,,,,,,,,,,,,,,,,,,,,,,,,,,,,,,,,,,,,,,,,,,,,,,,,,,,,,,,,,,,,,,,,,,,,,,,,,,,,,,,,,,,,,,,,,,,,,,,,,,,,,,,,,,,,,,,,,,,,,,,,,,,,,,,,,,,,,,,,,,,,,,,,,,,,,,,,,,,,,,,,,,,,,,,,,,,,,,,,,,,,,,,,,,,,,,,,,,,,,,,,,,,,,,,,,,,,,,,,,,,,,,,,,,,,,,,,,,,,,,,,,,,,,,,,,,,,,,,,,,,,,,,,,,,,,,,,,,,,,,,,,,,,,,,,,,,,,,,,
1887_riess,,,,,,,,,,,,,,0.0,6.0,6.0,,0.0,6.0,7.0,8.0,1.0,1.0,6.0,5.0,0.0,9.0,15.0,13.0,14.0,7.0,0.0,,0.0,0.0,9.0,12.0,13.0,8.0,3.0,13.0,0.0,,,0.0,5.0,4.0,3.0,6.0,4.0,9,7.0,0.0,,,,,6.0,2.0,4.0,11,2,9,6,4,8,0.0,,,,,6.0,1.0,10.0,11.0,6,8,4,5,6,2.0,,,,10.0,10.0,6.0,11.0,3.0,13.0,8.0,7.0,8.0,10.0,,,,11.0,8.0,3.0,14.0,12.0,13.0,3.0,11.0,11.0,,,,7.0,5.0,7.0,6.0,7.0,0.0,0.0,12.0,,,,,,,,,,,,,,,,,,,,,,,,,,,,6.0,6.0,,,,,,,,,,,,,,,,,,,,,,,,,,,,,,,,,,7.0,,,,,,,,,,,,,,,,,,,,,,,,,,,,,,,,,,,,,,,,,,,,,,,,,,,,,,,,,,,,,,,,,,,,,,,,,,,,,,,,,,,,,,,,,,,,,,,,,,,,,,,,,,,,,,,,,,,,,,,,,,,,,,,,,,,,,,,,,,,,,,,,,,,,,,,,,,,,,,,,,,,,,,,,,,,,,,,,,,,,,,,,,,,,,,,,,,,,,,,,,,,,,,,,,,,,,,,,,,,,,,,,,,,,,,,,,,,,,,,,,,,,,,,,,,,,,,,,,,,,,,,,,,,,,,,,,,,,,,,,,,,,,,,,,,,,,,,,,,,,,,,,,,,,,,,,,,,,,,,,,,,,,,,,,,,,,,,,,,,,,,,,,,,,,,,,,,,,,,,,,,,,,,,,,,,,,,,,,,,,,,,,,,,,,,,,,,,,,,,,,,,,,,,,,,,,,,,,,,,,,,,,,,,,,,,,,,,,,,,,,,,,,,,,,,,,,,,,,,,,,,,,,,,,,,,,,,,,,,,,,,,,,,,,,,,,,,,,,,,,,,,,,,,,,,,,,,,,,,,,,,,,,,,,,,,,,,,,,,,,,,,,,,,,,,,
1887_unknown,,,,,,,,,,,3.0,3.0,7.0,5.0,6.0,6.0,,8.0,6.0,7.0,8.0,1.0,1.0,8.0,,4.0,10.0,13.0,15.0,11.0,4.0,3.0,,,,8.0,11.0,12.0,6.0,3.0,13.0,10.0,7.0,,,4.0,3.0,8.0,6.0,4.0,9,9.0,8.0,6.0,,,,,2.0,4.0,11,6,9,12,3,9,9.0,,,,,,6.0,3.0,11.0,6,8,1,7,6,2.0,,,,,10.0,6.0,11.0,3.0,12.0,2.0,11.0,9.0,6.0,,,,1.0,10.0,4.0,14.0,12.0,11.0,1.0,3.0,11.0,,,,7.0,5.0,7.0,6.0,8.0,5.0,8.0,12.0,,,,7.0,14.0,14.0,5.0,6.0,8.0,3.0,,,,,,,,,,,,,,,,,,,7.0,4.0,,,,,,,,,,,,,,,,,,,,,,,,,,,,,,,,,,0.0,,,,,,,,,,,,,,,,,,,,,,,,,,,,,,,,,,,,,,,,,,,,,,,,,,,,,,,,,,,,,,,,,,,,,,,,,,,,,,,,,,,,,,,,,,,,,,,,,,,,,,,,,,,,,,,,,,,,,,,,,,,,,,,,,,,,,,,,,,,,,,,,,,,,,,,,,,,,,,,,,,,,,,,,,,,,,,,,,,,,,,,,,,,,,,,,,,,,,,,,,,,,,,,,,,,,,,,,,,,,,,,,,,,,,,,,,,,,,,,,,,,,,,,,,,,,,,,,,,,,,,,,,,,,,,,,,,,,,,,,,,,,,,,,,,,,,,,,,,,,,,,,,,,,,,,,,,,,,,,,,,,,,,,,,,,,,,,,,,,,,,,,,,,,,,,,,,,,,,,,,,,,,,,,,,,,,,,,,,,,,,,,,,,,,,,,,,,,,,,,,,,,,,,,,,,,,,,,,,,,,,,,,,,,,,,,,,,,,,,,,,,,,,,,,,,,,,,,,,,,,,,,,,,,,,,,,,,,,,,,,,,,,,,,,,,,,,,,,,,,,,,,,,,,,,,,,,,,,,,,,,,,,,,,,,,,,,,,,,,,,,,,,,,,,,
1887_unknown_2,,,,,,,,,,,,,,,,,,10.0,8.0,7.0,,,,,,4.0,7.0,15.0,15.0,,,,,,,6.0,12.0,13.0,6.0,3.0,,,,,,,3.0,7.0,4.0,6.0,7,9.0,7.0,,,,,,,2.0,10,1,4,0,0,9,,,,,,,,6.0,2.0,6,8,4,7,6,,,,,,,9.0,8.0,8.0,13.0,8.0,11.0,9.0,,,,,,,,12.0,12.0,11.0,1.0,3.0,,,,,,,,6.0,8.0,8.0,8.0,,,,,,,,,,,,,,,,,,,,,,,,,,,,,,,,,,,,,,,,,,,,,,,,,,,,,,,,,,,,,,,,,,,,,,,,,,,,,,,,,,,,,,,,,,,,,,,,,,,,,,,,,,,,,,,,,,,,,,,,,,,,,,,,,,,,,,,,,,,,,,,,,,,,,,,,,,,,,,,,,,,,,,,,,,,,,,,,,,,,,,,,,,,,,,,,,,,,,,,,,,,,,,,,,,,,,,,,,,,,,,,,,,,,,,,,,,,,,,,,,,,,,,,,,,,,,,,,,,,,,,,,,,,,,,,,,,,,,,,,,,,,,,,,,,,,,,,,,,,,,,,,,,,,,,,,,,,,,,,,,,,,,,,,,,,,,,,,,,,,,,,,,,,,,,,,,,,,,,,,,,,,,,,,,,,,,,,,,,,,,,,,,,,,,,,,,,,,,,,,,,,,,,,,,,,,,,,,,,,,,,,,,,,,,,,,,,,,,,,,,,,,,,,,,,,,,,,,,,,,,,,,,,,,,,,,,,,,,,,,,,,,,,,,,,,,,,,,,,,,,,,,,,,,,,,,,,,,,,,,,,,,,,,,,,,,,,,,,,,,,,,,,,,,,,,,,,,,,,,,,,,,,,,,,,,,,,,,,,,,,,,,,,,,,,,,,,,,,,,,,,,,,,,,,,,,,,,
1888_nicole,,,,,,,,,,,,,,,,,,,,0.0,0.0,1.0,1.0,6.0,,,10.0,13.0,15.0,11.0,7.0,3.0,,,,,11.0,12.0,6.0,0.0,0.0,0.0,,,,,,0.0,0.0,0.0,0,0.0,0.0,,,,,,,0.0,0,0,0,0,0,0,,,,,,,,0.0,0.0,0,0,0,0,0,,,,,,,8.0,13.0,0.0,0.0,0.0,0.0,9.0,,,,,,8.0,5.0,0.0,0.0,0.0,0.0,3.0,,,,,,7.0,7.0,6.0,0.0,0.0,6.0,,,,,,,,,,,,,,,,,,,,,,,,,,,,,,,,,,,,,,,,,,,,,,,,,,,,,,,,,,,,,,,,,,,,,,,,,,,,,,,,,,,,,,,,,,,,,,,,,,,,,,,,,,,,,,,,,,,,,,,,,,,,,,,,,,,,,,,,,,,,,,,,,,,,,,,,,,,,,,,,,,,,,,,,,,,,,,,,,,,,,,,,,,,,,,,,,,,,,,,,,,,,,,,,,,,,,,,,,,,,,,,,,,,,,,,,,,,,,,,,,,,,,,,,,,,,,,,,,,,,,,,,,,,,,,,,,,,,,,,,,,,,,,,,,,,,,,,,,,,,,,,,,,,,,,,,,,,,,,,,,,,,,,,,,,,,,,,,,,,,,,,,,,,,,,,,,,,,,,,,,,,,,,,,,,,,,,,,,,,,,,,,,,,,,,,,,,,,,,,,,,,,,,,,,,,,,,,,,,,,,,,,,,,,,,,,,,,,,,,,,,,,,,,,,,,,,,,,,,,,,,,,,,,,,,,,,,,,,,,,,,,,,,,,,,,,,,,,,,,,,,,,,,,,,,,,,,,,,,,,,,,,,,,,,,,,,,,,,,,,,,,,,,,,,,,,,,,,,,,,,,,,,,,,,,,,,,,,,,,,,,,,,,,,,,,,,,,,,,,,,,,,,,,,,,,,,,,
1888_pierotti,1.0,4.0,6.0,2.0,2.0,1.0,5.0,4.0,3.0,4.0,4.0,4.0,5.0,3.0,6.0,8.0,1.0,7.0,10.0,6.0,8.0,1.0,2.0,5.0,5.0,5.0,10.0,15.0,15.0,12.0,6.0,2.0,5.0,2.0,5.0,6.0,10.0,13.0,5.0,1.0,13.0,10.0,7.0,3.0,5.0,5.0,8.0,7.0,6.0,4.0,9,7.0,6.0,4.0,4.0,4.0,4.0,9.0,2.0,4.0,11,2,9,6,1,8,8.0,3.0,5.0,2.0,4.0,7.0,6.0,10.0,11.0,6,8,4,5,6,2.0,7.0,3.0,1.0,5.0,9.0,6.0,11.0,3.0,2.0,3.0,7.0,5.0,6.0,6.0,4.0,2.0,9.0,9.0,5.0,12.0,9.0,3.0,1.0,3.0,11.0,10.0,6.0,2.0,6.0,7.0,12.0,6.0,8.0,9.0,6.0,11.0,7.0,3.0,1.0,7.0,14.0,13.0,5.0,7.0,7.0,3.0,2.0,3.0,4.0,7.0,4.0,2.0,4.0,1.0,3.0,5.0,2.0,3.0,3.0,3.0,5.0,,5.0,3.0,4.0,3.0,8.0,5.0,7.0,,,,,,,1.0,1.0,3.0,4.0,2.0,3.0,2.0,3.0,3.0,1.0,1.0,1.0,1.0,0.0,0.0,1.0,,,,1.0,1.0,2.0,1.0,5.0,1.0,1.0,4.0,-1.0,3.0,1.0,2.0,,2.0,2.0,4.0,,,,,,,,,,,,,,,1.0,1.0,,,,,,1.0,1.0,1.0,1.0,1.0,2.0,,,1.0,1.0,1.0,1.0,1.0,1.0,1.0,1.0,1.0,1.0,1.0,,2.0,2.0,0.0,1.0,1.0,1.0,1.0,1.0,1.0,0.0,1.0,1.0,2.0,1.0,1.0,1.0,1.0,2.0,2.0,1.0,1.0,1.0,0.0,,1.0,2.0,1.0,1.0,3.0,3.0,1.0,2.0,1.0,0.0,,1.0,1.0,2.0,2.0,2.0,1.0,2.0,1.0,1.0,,,1.0,1.0,3.0,2.0,2.0,1.0,1.0,1.0,,,2.0,1.0,3.0,3.0,1.0,2.0,1.0,,,3.0,1.0,2.0,1.0,1.0,1.0,1.0,1.0,,,,2.0,3.0,0.0,1.0,1.0,1.0,1.0,,,,1.0,1.0,1.0,2.0,1.0,0.0,0.0,0.0,1.0,1.0,,,,,,,1.0,4.0,2.0,2.0,0.0,0.0,1.0,1.0,,,,,,,,,,,,,,,,,,,,,,,,,,,,,,,,,,,,,,,,,,,,,,,,,,,,,,,,,,,,,,,,,,,,,,,,,,,,,,,,,,,,,,,,,,,,,,,,,,,,,,,,,,,,,,,,,,,,,,,,,,,,,,,,,,,,,,,,,,,,,,,,,,,,,,,,,,,,,,,,,,,,,,,,,,,,,,,,,,,,,,,,,,,,,,,,,,,,,,,,,,,,,,,,,,,,,,,,,,,,,,,,,,,,,,,,,,,,,,,,,,,,,,,,,,,,,,,,,,,,,,,,,,,,,,,,,,,,,,,,,,,,,,,,,,,,,,,,,,,,,,,,,,,,,,,,,,,,,,,,,,,,,,,,,,,,,,,,,,,,,,,,,,,,,,,,,,,,,,,,,,,,,,,,,,,,,,,,,,,,,,,,,,,,,
1888_pierotti_2,3.0,4.0,5.0,5.0,3.0,2.0,4.0,5.0,5.0,4.0,-1.0,5.0,7.0,7.0,6.0,8.0,2.0,5.0,10.0,5.0,5.0,1.0,2.0,6.0,3.0,3.0,10.0,15.0,15.0,11.0,4.0,3.0,3.0,2.0,4.0,9.0,10.0,13.0,5.0,3.0,13.0,10.0,4.0,3.0,7.0,6.0,4.0,7.0,6.0,4.0,8,9.0,8.0,7.0,6.0,5.0,3.0,6.0,3.0,4.0,11,6,9,14,3,9,2.0,1.0,6.0,1.0,6.0,8.0,7.0,4.0,11.0,6,8,4,7,6,6.0,2.0,6.0,2.0,4.0,5.0,12.0,12.0,3.0,14.0,8.0,10.0,9.0,9.0,5.0,4.0,5.0,3.0,3.0,3.0,13.0,12.0,13.0,1.0,3.0,11.0,10.0,6.0,2.0,5.0,8.0,12.0,6.0,8.0,5.0,6.0,12.0,7.0,3.0,1.0,9.0,14.0,15.0,5.0,8.0,9.0,3.0,2.0,2.0,11.0,11.0,3.0,2.0,4.0,1.0,3.0,5.0,2.0,3.0,3.0,3.0,1.0,,5.0,6.0,9.0,5.0,5.0,6.0,8.0,,,,,,,,,,,,7.0,,,,,,,,,,,,,,,,2.0,1.0,3.0,1.0,-1.0,2.0,,1.0,,,,,,,,2.0,,,,,,,,,,,,,,,,,,,,,,,,,,,,,,,,,,,,,,,,,,,,,,,,,,,,,,,,,,,,,,,,,,,,,,,,,,,,,,,,,,,,,,,,,,,,,,,,,,,,,,,,,,,,,,1.0,,,,,,,,,,,,,,,,,,,,,,,,,,,,,,,,,,,,,,,,,,,,,,,,,,,,,,,,,,,,,,,,,,,,,,,,,,,,,,,,,,,,,,,,,,,,,,,,,,,,,,,,,,,,,,,,,,,,,,,,,,,,,,,,,,,,,,,,,,,,,,,,,,,,,,,,,,,,,,,,,,,,,,,,,,,,,,,,,,,,,,,,,,,,,,,,,,,,,,,,,,,,,,,,,,,,,,,,,,,,,,,,,,,,,,,,,,,,,,,,,,,,,,,,,,,,,,,,,,,,,,,,,,,,,,,,,,,,,,,,,,,,,,,,,,,,,,,,,,,,,,,,,,,,,,,,,,,,,,,,,,,,,,,,,,,,,,,,,,,,,,,,,,,,,,,,,,,,,,,,,,,,,,,,,,,,,,,,,,,,,,,,,,,,,,,,,,,,,,,,,,,,,,,,,,,,,,,,,,,,,,,,,,,,
1888_temple,,4.0,6.0,3.0,3.0,,7.0,5.0,2.0,5.0,,7.0,1.0,7.0,5.0,7.0,,8.0,7.0,11.0,7.0,8.0,4.0,1.0,,4.0,7.0,13.0,15.0,12.0,7.0,7.0,,,,8.0,11.0,11.0,8.0,1.0,13.0,7.0,2.0,,,,3.0,7.0,4.0,8.0,8,9.0,3.0,1.0,,,,,,2.0,10,2,7,10,3,2,1.0,,,,,,,10.0,10.0,7,3,2,7,9,5.0,,,,,,6.0,13.0,13.0,10.0,6.0,11.0,8.0,10.0,,,,,,4.0,7.0,14.0,8.0,4.0,3.0,6.0,,,,,9.0,5.0,11.0,12.0,5.0,6.0,4.0,,,,,14.0,13.0,4.0,8.0,7.0,,,,11.0,10.0,2.0,2.0,,,,4.0,2.0,3.0,,,,,,,,,,,,,,,,,,,,,,,,,,,,,,,,,,,,,,,,,,,,,,,,,,,,,,,,,,,,,,,,,,,,,,,,,,,,,,,,,,,,,,,,,,,,,,,,,,,,,,,,,,,,,,,,,,,,,,,,,,,,,,,,,,,,,,,,,,,,,,,,,,,,,,,,,,,,,,,,,,,,,,,,,,,,,,,,,,,,,,,,,,,,,,,,,,,,,,,,,,,,,,,,,,,,,,,,,,,,,,,,,,,,,,,,,,,,,,,,,,,,,,,,,,,,,,,,,,,,,,,,,,,,,,,,,,,,,,,,,,,,,,,,,,,,,,,,,,,,,,,,,,,,,,,,,,,,,,,,,,,,,,,,,,,,,,,,,,,,,,,,,,,,,,,,,,,,,,,,,,,,,,,,,,,,,,,,,,,,,,,,,,,,,,,,,,,,,,,,,,,,,,,,,,,,,,,,,,,,,,,,,,,,,,,,,,,,,,,,,,,,,,,,,,,,,,,,,,,,,,,,,,,,,,,,,,,,,,,,,,,,,,,,,,,,,,,,,,,,,,,,,,,,,,,,,,,,,,,,,,,,,,,,,,,,,,,,,,,,,,,,,,,,,,,,,,,,,,,,,,,,,,,,,,,,,,,,,,,,,,,,,,,,,,,,
1888_unknown,,,,,,,,,,,,,,,,,,,,,,,,,,,,,,,,,,,,,11.0,13.0,6.0,4.0,,,,,,,,7.0,6.0,4.0,7,9.0,5.0,,,,,,,,10,1,9,14,2,9,,,,,,,,10.0,14.0,6,6,4,7,6,,,,,,,,10.0,3.0,13.0,8.0,9.0,9.0,,,,,,,,,0.0,0.0,1.0,3.0,,,,,,,,,,5.0,6.0,,,,,,,,,,,,,,,,,,,,,,,,,,,,,,,,,,,,,,,,,,,,,,,,,,,,,,,,,,,,,,,,,,,,,,,,,,,,,,,,,,,,,,,,,,,,,,,,,,,,,,,,,,,,,,,,,,,,,,,,,,,,,,,,,,,,,,,,,,,,,,,,,,,,,,,,,,,,,,,,,,,,,,,,,,,,,,,,,,,,,,,,,,,,,,,,,,,,,,,,,,,,,,,,,,,,,,,,,,,,,,,,,,,,,,,,,,,,,,,,,,,,,,,,,,,,,,,,,,,,,,,,,,,,,,,,,,,,,,,,,,,,,,,,,,,,,,,,,,,,,,,,,,,,,,,,,,,,,,,,,,,,,,,,,,,,,,,,,,,,,,,,,,,,,,,,,,,,,,,,,,,,,,,,,,,,,,,,,,,,,,,,,,,,,,,,,,,,,,,,,,,,,,,,,,,,,,,,,,,,,,,,,,,,,,,,,,,,,,,,,,,,,,,,,,,,,,,,,,,,,,,,,,,,,,,,,,,,,,,,,,,,,,,,,,,,,,,,,,,,,,,,,,,,,,,,,,,,,,,,,,,,,,,,,,,,,,,,,,,,,,,,,,,,,,,,,,,,,,,,,,,,,,,,,,,,,,,,,,,,,,,,,,,,,,,,,,,,,,,,,,,,,,,,,,,,,,,
1889_ruze,,,,,,,,,,,,,,,,,,,,9.0,7.0,8.0,1.0,6.0,,,9.0,14.0,5.0,14.0,5.0,0.0,,,,,11.0,12.0,6.0,3.0,0.0,8.0,,,,,,7.0,6.0,4.0,8,0.0,8.0,,,,,,,4.0,6,2,9,12,0,0,,,,,,,,9.0,11.0,6,0,0,0,6,,,,,,,8.0,13.0,3.0,0.0,8.0,0.0,9.0,,,,,,3.0,5.0,12.0,12.0,11.0,1.0,0.0,,,,,,7.0,7.0,6.0,7.0,9.0,8.0,,,,,,,,,,,,,,,,,,,,,,,,,,,,,,,,,,,,,,,,,,,,,,,,,,,,,,,,,,,,,,,,,,,,,,,,,,,,,,,,,,,,,,,,,,,,,,,,,,,,,,,,,,,,,,,,,,,,,,,,,,,,,,,,,,,,,,,,,,,,,,,,,,,,,,,,,,,,,,,,,,,,,,,,,,,,,,,,,,,,,,,,,,,,,,,,,,,,,,,,,,,,,,,,,,,,,,,,,,,,,,,,,,,,,,,,,,,,,,,,,,,,,,,,,,,,,,,,,,,,,,,,,,,,,,,,,,,,,,,,,,,,,,,,,,,,,,,,,,,,,,,,,,,,,,,,,,,,,,,,,,,,,,,,,,,,,,,,,,,,,,,,,,,,,,,,,,,,,,,,,,,,,,,,,,,,,,,,,,,,,,,,,,,,,,,,,,,,,,,,,,,,,,,,,,,,,,,,,,,,,,,,,,,,,,,,,,,,,,,,,,,,,,,,,,,,,,,,,,,,,,,,,,,,,,,,,,,,,,,,,,,,,,,,,,,,,,,,,,,,,,,,,,,,,,,,,,,,,,,,,,,,,,,,,,,,,,,,,,,,,,,,,,,,,,,,,,,,,,,,,,,,,,,,,,,,,,,,,,,,,,,,,,,,,,,,,,,,,,,,,,,,,,,,,,,,,,,
189-_unknown,,,,,,,,,,,,,,,,,,0.0,6.0,7.0,8.0,0.0,1.0,0.0,0.0,5.0,10.0,13.0,15.0,11.0,4.0,3.0,3.0,,3.0,8.0,11.0,12.0,6.0,3.0,13.0,8.0,7.0,,7.0,5.0,3.0,0.0,0.0,0.0,8,9.0,8.0,6.0,,,2.0,6.0,2.0,2.0,6,0,0,14,3,9,9.0,,,,6.0,6.0,1.0,10.0,11.0,6,8,4,5,6,5.0,,,,3.0,10.0,6.0,11.0,3.0,13.0,8.0,9.0,9.0,4.0,,,,11.0,8.0,5.0,12.0,0.0,0.0,0.0,0.0,11.0,,,,6.0,8.0,7.0,5.0,8.0,9.0,8.0,12.0,,,,9.0,13.0,14.0,7.0,7.0,8.0,3.0,,,,,,,,,,,,,,,,,6.0,7.0,7.0,4.0,,,,,,,,,,0.0,,,,,5.0,,,,,,,,,,,,,,,,,2.0,8.0,,,,,2.0,,,,,,,,,,,,,,,,,,,,,,,,,,,,,,,,,,,,,,,,,,,,,,,,,,,,,,,,,,,,,,,,,,,,,,,,,,,,,,,,,,,,,,,,,,,,,,,,,,,,,,,,,,,,3.0,,,,,,,,,3.0,4.0,,,,,,,,,,1.0,,,,,,,,,,,,,,,,,,,,,,,,,,,,,,,,,,,,,,,,,,,,,,,,,,,,,,,,,,,,,,,,,,,,,,,,,,,,,,,,,,,,,,,,,,,,,,,,,,,,,,,,,,,,,,,,,,,,,,,,,,,,,,,,,,,,,,,,,,,,,,,,,,,,,,,,,,,,,,,,,,,,,,,,,,,,,,,,,,,,,,,,,,,,,,,,,,,,,,,,,,,,,,,,,,,,,,,,,,,,,,,,,,,,,,,,,,,,,,,,,,,,,,,,,,,,,,,,,,,,,,,,,,,,,,,,,,,,,,,,,,,,,,,,,,,,,,,,,,,,,,,,,,,,,,,,,,,,,,,,,,,,,,,,,,,,,,,,,,,,,,,,,,,,,,,,,,,,,,,,,,,,,,,,,,,,,,,,,,,,,,,,,,,,,,,,,,,,,,,,,,,,,,,,,,,,,,,,,,
189-_unknown_2,,,6.0,,,4.0,2.0,5.0,0.0,6.0,3.0,3.0,7.0,5.0,6.0,6.0,3.0,8.0,9.0,7.0,8.0,1.0,2.0,6.0,4.0,5.0,9.0,13.0,15.0,11.0,4.0,3.0,3.0,1.0,3.0,7.0,11.0,13.0,6.0,3.0,13.0,8.0,7.0,3.0,7.0,5.0,3.0,7.0,6.0,4.0,9,9.0,8.0,6.0,4.0,4.0,,9.0,2.0,4.0,6,6,9,12,3,9,9.0,5.0,1.0,2.0,8.0,6.0,7.0,10.0,11.0,6,8,4,7,6,2.0,5.0,3.0,8.0,10.0,11.0,8.0,11.0,3.0,13.0,8.0,0.0,0.0,10.0,6.0,6.0,1.0,11.0,10.0,5.0,14.0,12.0,13.0,1.0,3.0,11.0,10.0,6.0,2.0,9.0,5.0,7.0,6.0,8.0,5.0,6.0,12.0,0.0,2.0,0.0,5.0,13.0,14.0,5.0,8.0,7.0,3.0,3.0,3.0,11.0,8.0,3.0,2.0,4.0,3.0,3.0,4.0,2.0,3.0,3.0,3.0,0.0,2.0,6.0,6.0,5.0,5.0,4.0,6.0,8.0,,,,,4.0,,,,,,,5.0,,,,,,,,,,,,,,,,2.0,0.0,7.0,3.0,1.0,1.0,,4.0,0.0,,2.0,1.0,1.0,1.0,2.0,4.0,,,,1.0,,,,,,,,,,1.0,,,,,,,,,,0.0,2.0,,,,,,,,,,0.0,,,,,,,,,,,,,,,,,,,,,,,,,,,,,,,,,,,,,,,,,,,,,,,,,,,,,,,,,,,,,,,,,,,,,,,,,,,3.0,,,,,,,,,,,,,,,,,,,,,,,,,,,,,,,,,,,,,,,,,,,,,,,,,,,,,,,,,,,,,,,,,,,,,,,,,,,,,,,,,,,,,,,,,,,,,,,,,,,,,,,,,,,,,,,,,,,,,,,,,,,,,,,,,,,,,,,,,,,,,,,,,,,,,,,,,,,,,,,,,,,,,,,,,,,,,,,,,,,,,,,,,,,,,,,,,,,,,,,,,,,,,,,,,,,,,,,,,,,,,,,,,,,,,,,,,,,,,,,,,,,,,,,,,,,,,,,,,,,,,,,,,,,,,,,,,,,,,,,,,,,,,,,,,,,,,,,,,,,,,,,,,,,,,,,,,,,,,,,,,,,,,,,,,,,,,,,,,,,,,,,,,,,,,,,,,,,,,,,,,,,,,,,,,,,,,,,,,,,,,,,,,,,,,,,,,,,,,,,,,,,,,,,,,,,,,,,,,,,,,,,,,,,,
1890_unknown,,,,,,,,,,,,,,,,,,10.0,9.0,7.0,8.0,1.0,2.0,5.0,5.0,5.0,10.0,13.0,15.0,11.0,6.0,3.0,5.0,,3.0,8.0,11.0,12.0,6.0,3.0,13.0,8.0,7.0,3.0,7.0,5.0,3.0,7.0,6.0,4.0,9,9.0,8.0,6.0,0.0,4.0,,8.0,2.0,4.0,6,2,0,0,3,9,9.0,5.0,5.0,5.0,,8.0,7.0,10.0,0.0,0,0,0,0,0,2.0,5.0,3.0,1.0,5.0,10.0,8.0,0.0,0.0,0.0,0.0,0.0,0.0,10.0,6.0,4.0,1.0,12.0,8.0,0.0,0.0,0.0,0.0,0.0,0.0,11.0,10.0,5.0,1.0,0.0,0.0,7.0,6.0,7.0,5.0,0.0,12.0,4.0,3.0,1.0,0.0,13.0,15.0,5.0,8.0,8.0,3.0,3.0,3.0,0.0,8.0,3.0,2.0,4.0,2.0,3.0,5.0,4.0,3.0,3.0,3.0,5.0,,,3.0,5.0,5.0,4.0,0.0,0.0,,,,,,,,,,3.0,3.0,6.0,,,,,,,,,,,,,,,,2.0,,8.0,,,1.0,,4.0,1.0,,,1.0,2.0,1.0,,,,,,,,,,,,,,,,,,,,,,,,,,,,,,,,,,,,,,,,,,,,,,,,,,,,,,,,,,,,,,,,,,,,,,,,,,,,,,,,,,,,,,,,,,,,,,,,,,,,,,,,,,,,,,,,,,,,,,,,,,,,,,,,,,,,,,,,,,,,,,,,,,,,,,,,,,,,,,,,,,,,,,,,,,,,,,,,,,,,,,,,,,,,,,,,,,,,,,,,,,,,,,,,,,,,,,,,,,,,,,,,,,,,,,,,,,,,,,,,,,,,,,,,,,,,,,,,,,,,,,,,,,,,,,,,,,,,,,,,,,,,,,,,,,,,,,,,,,,,,,,,,,,,,,,,,,,,,,,,,,,,,,,,,,,,,,,,,,,,,,,,,,,,,,,,,,,,,,,,,,,,,,,,,,,,,,,,,,,,,,,,,,,,,,,,,,,,,,,,,,,,,,,,,,,,,,,,,,,,,,,,,,,,,,,,,,,,,,,,,,,,,,,,,,,,,,,,,,,,,,,,,,,,,,,,,,,,,,,,,,,,,,,,,,,,,,,,,,,,,,,,,,,,,,,,,,,,,,,,,,,,,,,,,,,,,,,,,,,,
1891_unknown,,,,,,4.0,5.0,5.0,5.0,4.0,1.0,3.0,7.0,7.0,6.0,6.0,4.0,8.0,9.0,7.0,7.0,1.0,2.0,6.0,5.0,5.0,7.0,13.0,13.0,11.0,5.0,3.0,5.0,2.0,3.0,9.0,10.0,15.0,6.0,3.0,13.0,10.0,6.0,3.0,7.0,5.0,4.0,5.0,5.0,6.0,9,9.0,8.0,6.0,6.0,4.0,2.0,6.0,2.0,5.0,4,3,9,6,4,9,9.0,1.0,7.0,2.0,8.0,8.0,7.0,8.0,8.0,13,3,4,6,6,2.0,5.0,4.0,0.0,10.0,10.0,8.0,11.0,12.0,13.0,8.0,7.0,9.0,6.0,8.0,6.0,0.0,11.0,8.0,2.0,11.0,16.0,10.0,3.0,7.0,11.0,7.0,6.0,0.0,7.0,5.0,6.0,7.0,11.0,5.0,6.0,12.0,6.0,,,,,,,,,,,,,,,,,,,,,,,,,,6.0,7.0,6.0,,,,,,,,,,,,,,3.0,3.0,,,,,,,,,,,,,,,,,,4.0,8.0,3.0,1.0,,,,,,2.0,,,,,,,,,,,,,,,,,,,,,,,,,,,,,,2.0,,,,,,,,,,,,,,,,,,,,,,,,,,,,,,,,,,,,,,,,,,,,,,,,,,,,,,,,,,,,,,,,,,,,,,,,,,,,,,,,,,,,,,,,,,,,,,,,,,,,,,,,,,,,,,,,,,,,,,,,,,,,,,,,,,,,,,,,,,,,,,,,,,,,,,,,,,,,,,,,,,,,,,,,,,,,,,,,,,,,,,,,,,,,,,,,,,,,,,,,,,,,,,,,,,,,,,,,,,,,,,,,,,,,,,,,,,,,,,,,,,,,,,,,,,,,,,,,,,,,,,,,,,,,,,,,,,,,,,,,,,,,,,,,,,,,,,,,,,,,,,,,,,,,,,,,,,,,,,,,,,,,,,,,,,,,,,,,,,,,,,,,,,,,,,,,,,,,,,,,,,,,,,,,,,,,,,,,,,,,,,,,,,,,,,,,,,,,,,,,,,,,,,,,,,,,,,,,,,,,,,,,,,,,,,,,,,,,,,,,,,,,,,,,,,,,,,,,,,,,,,,,,,,,,,,,,,,,,,,,,,,,,,,,,,,,,,,,,,,,,,,,,,,,,,,,,
1893_nicole,,,,,,,,,,,0.0,0.0,0.0,0.0,0.0,0.0,,0.0,0.0,0.0,0.0,0.0,0.0,0.0,,5.0,0.0,0.0,0.0,11.0,4.0,3.0,,,,8.0,0.0,0.0,0.0,3.0,13.0,10.0,7.0,,,,0.0,0.0,0.0,0.0,9,7.0,8.0,6.0,,,,,0.0,2.0,6,0,0,0,0,9,9.0,,,,,,7.0,10.0,11.0,0,0,0,0,0,0.0,,,,,10.0,0.0,0.0,0.0,0.0,0.0,0.0,9.0,10.0,,,,0.0,0.0,0.0,0.0,12.0,11.0,0.0,3.0,11.0,,,,7.0,5.0,7.0,6.0,7.0,5.0,8.0,12.0,,,,9.0,14.0,0.0,0.0,0.0,0.0,,,,,,,,,,,,,,,,,,,0.0,0.0,4.0,,,,,,,,,,,,,,,0.0,,,,,,,,,,,,,,,,,,7.0,,,,,,,,,,,,,,,,,,,,,,,,,,,,,,,,,,,,,,,,,,,,,,,,,,,,,,,,,,,,,,,,,,,,,,,,,,,,,,,,,,,,,,,,,,,,,,,,,,,,,,,,,,,,,,,,,,,,,,,,,,,,,,,,,,,,,,,,,,,,,,,,,,,,,,,,,,,,,,,,,,,,,,,,,,,,,,,,,,,,,,,,,,,,,,,,,,,,,,,,,,,,,,,,,,,,,,,,,,,,,,,,,,,,,,,,,,,,,,,,,,,,,,,,,,,,,,,,,,,,,,,,,,,,,,,,,,,,,,,,,,,,,,,,,,,,,,,,,,,,,,,,,,,,,,,,,,,,,,,,,,,,,,,,,,,,,,,,,,,,,,,,,,,,,,,,,,,,,,,,,,,,,,,,,,,,,,,,,,,,,,,,,,,,,,,,,,,,,,,,,,,,,,,,,,,,,,,,,,,,,,,,,,,,,,,,,,,,,,,,,,,,,,,,,,,,,,,,,,,,,,,,,,,,,,,,,,,,,,,,,,,,,,,,,,,,,,,,,,,,,,,,,,,,,,,,,,,,,,,,,,,,,,,,,,,,,,,,,,,,,,,,,,,,,,,
1893_unknown,3.0,4.0,4.0,5.0,3.0,4.0,2.0,5.0,5.0,4.0,0.0,4.0,7.0,7.0,0.0,0.0,0.0,0.0,0.0,0.0,0.0,0.0,0.0,0.0,0.0,5.0,10.0,13.0,0.0,11.0,7.0,3.0,0.0,0.0,0.0,0.0,11.0,12.0,6.0,3.0,13.0,10.0,0.0,0.0,7.0,0.0,0.0,0.0,6.0,4.0,9,9.0,8.0,0.0,0.0,0.0,3.0,9.0,0.0,0.0,0,2,9,12,3,9,9.0,5.0,0.0,0.0,0.0,0.0,0.0,0.0,0.0,0,0,0,7,6,2.0,5.0,0.0,0.0,0.0,0.0,0.0,0.0,0.0,13.0,8.0,11.0,0.0,0.0,6.0,6.0,0.0,0.0,0.0,0.0,0.0,12.0,11.0,1.0,0.0,11.0,10.0,0.0,0.0,0.0,0.0,0.0,0.0,0.0,0.0,0.0,0.0,0.0,,,,,,,,,,,,,,,,,,,,,,,,,,0.0,0.0,0.0,,,,,,,,,0.0,0.0,0.0,0.0,0.0,0.0,0.0,,0.0,,,,,,,,,,,,,0.0,0.0,,0.0,0.0,,,,,,,,,,,,,,,,,,,,,,,,,,,,,,,,,,,,,,,,,,,,,,,,,,,,,,,,,,,,,,,,,,,,,,,,,,,,,,,,,,,,,,,,,,,,,,,,,,,,,,,,,,,,,,,,,,,,,,,,,,,0.0,,,,,,,,,,,,,,,,,,,,,,,,,,,,,,,,,,,,,,,,,,,,,,,,,,,,,,,,,,,,,,,,,,,,,,,,,,,,,,,,,,,,,,,,,,,,,,,,,,,,,,,,,,,,,,,,,,,,,,,,,,,,,,,,,,,,,,,,,,,,,,,,,,,,,,,,,,,,,,,,,,,,,,,,,,,,,,,,,,,,,,,,,,,,,,,,,,,,,,,,,,,,,,,,,,,,,,,,,,,,,,,,,,,,,,,,,,,,,,,,,,,,,,,,,,,,,,,,,,,,,,,,,,,,,,,,,,,,,,,,,,,,,,,,,,,,,,,,,,,,,,,,,,,,,,,,,,,,,,,,,,,,,,,,,,,,,,,,,,,,,,,,,,,,,,,,,,,,,,,,,,,,,,,,,,,,,,,,,,,,,,,,,,,,,,,,,,,,,,,,,,,,,,,,,,,,,,,,,,,,,,,,,,,,
1893_unknown_2,,4.0,6.0,5.0,4.0,,7.0,5.0,5.0,5.0,,3.0,7.0,7.0,5.0,4.0,,8.0,6.0,9.0,7.0,9.0,3.0,,,5.0,10.0,4.0,4.0,14.0,7.0,3.0,,,,8.0,10.0,11.0,8.0,7.0,11.0,10.0,,,,,3.0,8.0,4.0,5.0,8,8.0,5.0,,,,,,,2.0,10,8,3,13,11,7,9.0,,,,,,,10.0,10.0,8,15,7,8,3,4.0,,,,,,,13.0,13.0,10.0,7.0,9.0,-1.0,2.0,,,,,,,10.0,15.0,8.0,6.0,8.0,5.0,,,,,,,-1.0,6.0,9.0,10.0,11.0,,,,,,,,,,,,,,,,,,,,,,,,,,,,,,,,,,,,,,,,,,,,,,,,,,,,,,,,,,,,,,,,,,,,,,,,,,,,,,,,,,,,,,,,,,,,,,,,,,,,,,,,,,,,,,,,,,,,,,,,,,,,,,,,,,,,,,,,,,,,,,,,,,,,,,,,,,,,,,,,,,,,,,,,,,,,,,,,,,,,,,,,,,,,,,,,,,,,,,,,,,,,,,,,,,,,,,,,,,,,,,,,,,,,,,,,,,,,,,,,,,,,,,,,,,,,,,,,,,,,,,,,,,,,,,,,,,,,,,,,,,,,,,,,,,,,,,,,,,,,,,,,,,,,,,,,,,,,,,,,,,,,,,,,,,,,,,,,,,,,,,,,,,,,,,,,,,,,,,,,,,,,,,,,,,,,,,,,,,,,,,,,,,,,,,,,,,,,,,,,,,,,,,,,,,,,,,,,,,,,,,,,,,,,,,,,,,,,,,,,,,,,,,,,,,,,,,,,,,,,,,,,,,,,,,,,,,,,,,,,,,,,,,,,,,,,,,,,,,,,,,,,,,,,,,,,,,,,,,,,,,,,,,,,,,,,,,,,,,,,,,,,,,,,,,,,,,,,,,,,,,,,,,,,,,,,,,,,,,,,,,,,,,,,,,,,,,,,,,,,,,,,,,,,,,,,,,
1894_schick,3.0,4.0,6.0,3.0,4.0,4.0,7.0,5.0,5.0,6.0,3.0,3.0,7.0,5.0,5.0,7.0,3.0,8.0,9.0,7.0,8.0,8.0,2.0,5.0,4.0,5.0,9.0,14.0,5.0,14.0,7.0,3.0,3.0,1.0,3.0,8.0,11.0,12.0,6.0,3.0,13.0,8.0,7.0,3.0,7.0,5.0,3.0,7.0,6.0,4.0,9,7.0,6.0,6.0,4.0,5.0,2.0,8.0,2.0,2.0,0,0,0,0,0,0,9.0,4.0,7.0,2.0,6.0,6.0,7.0,10.0,0.0,0,0,0,7,0,2.0,5.0,7.0,2.0,3.0,10.0,8.0,0.0,0.0,13.0,8.0,11.0,0.0,0.0,6.0,4.0,0.0,11.0,8.0,5.0,14.0,12.0,11.0,3.0,3.0,11.0,10.0,6.0,2.0,7.0,5.0,5.0,6.0,7.0,9.0,6.0,12.0,7.0,2.0,0.0,7.0,13.0,14.0,5.0,8.0,7.0,3.0,3.0,3.0,11.0,8.0,4.0,2.0,4.0,1.0,3.0,4.0,2.0,3.0,3.0,3.0,5.0,2.0,6.0,7.0,7.0,4.0,9.0,4.0,7.0,1.0,2.0,2.0,1.0,4.0,3.0,1.0,1.0,3.0,4.0,2.0,6.0,2.0,1.0,1.0,1.0,2.0,0.0,0.0,0.0,0.0,0.0,1.0,2.0,1.0,1.0,,2.0,3.0,7.0,3.0,1.0,1.0,1.0,4.0,1.0,0.0,2.0,1.0,2.0,1.0,2.0,4.0,2.0,2.0,2.0,1.0,0.0,2.0,2.0,1.0,1.0,1.0,1.0,1.0,1.0,1.0,1.0,2.0,2.0,1.0,1.0,2.0,1.0,1.0,1.0,1.0,2.0,,,1.0,1.0,1.0,1.0,1.0,1.0,1.0,1.0,,,,,0.0,2.0,2.0,1.0,1.0,2.0,1.0,1.0,,,,,2.0,1.0,1.0,1.0,1.0,1.0,1.0,,,,,2.0,1.0,2.0,1.0,1.0,1.0,1.0,,,,,1.0,1.0,1.0,3.0,2.0,1.0,4.0,,,,1.0,3.0,1.0,1.0,1.0,2.0,2.0,,,,1.0,2.0,2.0,1.0,3.0,3.0,3.0,,,1.0,2.0,3.0,1.0,2.0,1.0,3.0,4.0,,,1.0,3.0,1.0,2.0,2.0,3.0,1.0,1.0,1.0,,1.0,2.0,2.0,1.0,1.0,1.0,2.0,2.0,0.0,0.0,0.0,0.0,,1.0,2.0,1.0,2.0,1.0,1.0,1.0,4.0,0.0,0.0,0.0,1.0,1.0,,1.0,2.0,3.0,1.0,1.0,1.0,3.0,1.0,3.0,2.0,3.0,2.0,2.0,1.0,1.0,1.0,1.0,2.0,2.0,1.0,0.0,2.0,2.0,0.0,1.0,2.0,1.0,2.0,2.0,2.0,2.0,2.0,2.0,1.0,1.0,1.0,2.0,2.0,2.0,1.0,3.0,2.0,2.0,0.0,2.0,1.0,0.0,2.0,1.0,1.0,1.0,1.0,2.0,2.0,2.0,1.0,2.0,2.0,3.0,1.0,2.0,2.0,1.0,2.0,2.0,0.0,0.0,0.0,2.0,2.0,2.0,2.0,3.0,1.0,1.0,1.0,2.0,4.0,2.0,0.0,0.0,2.0,2.0,0.0,3.0,2.0,3.0,1.0,2.0,0.0,2.0,1.0,1.0,1.0,1.0,0.0,1.0,4.0,2.0,2.0,1.0,3.0,1.0,2.0,1.0,3.0,1.0,2.0,1.0,1.0,3.0,1.0,1.0,0.0,0.0,1.0,1.0,1.0,1.0,3.0,1.0,1.0,2.0,2.0,2.0,3.0,1.0,2.0,1.0,1.0,1.0,1.0,0.0,,,,,,1.0,,,,,,,,,,,,,,,,,,,,,,,,,,,,,,,,3.0,1.0,2.0,3.0,1.0,1.0,2.0,2.0,2.0,2.0,1.0,,2.0,1.0,1.0,1.0,1.0,2.0,2.0,3.0,1.0,2.0,2.0,1.0,2.0,2.0,1.0,1.0,1.0,1.0,0.0,0.0,1.0,2.0,2.0,2.0,2.0,2.0,2.0,3.0,2.0,1.0,1.0,1.0,1.0,1.0,2.0,0.0,0.0,0.0,1.0,2.0,1.0,1.0,1.0,1.0,2.0,0.0,0.0,1.0,1.0,0.0,0.0,0.0,1.0,1.0,,,,,,,,,,,,,,,,,,,,,,,,,,,,,,,,,,,,,,,,,,,,,,,,,,,,,,,,,,,,,,,,,,,,,,,,,,,,,,,,,,,,,,,,,,,,,,,,,,,,,,,,,,,,,,,,,,,,,,,,,,,,,,,,,,,,,,,,,,,,,,,,,,,,,,,,,
1895_riess,,,,,,,,,,,5.0,1.0,7.0,0.0,6.0,6.0,4.0,9.0,10.0,7.0,8.0,1.0,1.0,6.0,4.0,5.0,7.0,13.0,15.0,11.0,5.0,3.0,,1.0,3.0,7.0,11.0,12.0,6.0,3.0,13.0,10.0,0.0,,7.0,5.0,3.0,7.0,6.0,4.0,9,9.0,8.0,0.0,,,,9.0,2.0,4.0,6,2,9,12,3,9,9.0,,,,,6.0,7.0,10.0,11.0,6,8,4,5,6,2.0,,,,10.0,10.0,0.0,11.0,3.0,13.0,8.0,7.0,8.0,6.0,,,,11.0,8.0,5.0,12.0,12.0,13.0,3.0,11.0,11.0,,,,7.0,7.0,7.0,6.0,7.0,5.0,0.0,0.0,,,,,,,,,,,,,,,,,,,,,,,,,,,,7.0,5.0,,,,,,,,,,,,,,,,,,,,,,,,,,,,,,,,,,7.0,1.0,1.0,,,,,,,,,,,,,,,,,,,,,,,,,,,,,,,,,,,,1.0,,,,,,,,,,,,,,,,,,,,,,,,,,,,,,,,,,,,,,,,,,,,,,,,,,,,,,,,,,,,,,,,,,,,,,,,,,,,,,,,,,,,,,,,,,,,,,,,,,,,,,,,,,,,,,,,,,,,,,,,,,,,,,,,,,,,,,,,,,,,,,,,,,,,,,,,,,,,,,,,,,,,,,,,,,,,,,,,,,,,,,,,,,,,,,,,,,,,,,,,,,,,,,,,,,,,,,,,,,,,,,,,,,,,,,,,,,,,,,,,,,,,,,,,,,,,,,,,,,,,,,,,,,,,,,,,,,,,,,,,,,,,,,,,,,,,,,,,,,,,,,,,,,,,,,,,,,,,,,,,,,,,,,,,,,,,,,,,,,,,,,,,,,,,,,,,,,,,,,,,,,,,,,,,,,,,,,,,,,,,,,,,,,,,,,,,,,,,,,,,,,,,,,,,,,,,,,,,,,,,,,,,,,,,,,,,,,,,,,,,,,,,,,,,,,,,,,,,,,,,,,,,,,,,,,,,,,,,,,,,,,,,,,,,,,,,,,,,,,,,,,,,,,,,,,,,,
1895_unknown,,,,,,,,,,,,,,,,,,,,,,1.0,0.0,,,4.0,10.0,13.0,15.0,11.0,0.0,3.0,,,,8.0,11.0,12.0,6.0,3.0,13.0,8.0,7.0,,,,3.0,7.0,6.0,4.0,8,9.0,8.0,6.0,4.0,,,,3.0,3.0,10,1,9,14,4,10,9.0,4.0,5.0,2.0,,,6.0,4.0,11.0,6,8,4,5,6,2.0,3.0,3.0,8.0,,10.0,6.0,13.0,3.0,13.0,8.0,10.0,3.0,6.0,6.0,0.0,2.0,11.0,8.0,5.0,12.0,12.0,11.0,1.0,11.0,6.0,10.0,6.0,2.0,7.0,7.0,12.0,6.0,7.0,5.0,8.0,12.0,6.0,,,,,,,,,,,,,,,,,,,,,,,,,,,6.0,7.0,,,,,,,,,,,,,,,,,,,,,,,,,,,,,,,,,,8.0,,,,,,,,,,,,,,,,,,,,,,,,,,,,,,,,,,,,,,,,,,,,,,,,,,,,,,,,,,,,,,,,,,,,,,,,,,,,,,,,,,,,,,,,,,,,,,,,,,,,,,,,,,,,,,,,,,,,,,,,,,,,,,,,,,,,,,,,,,,,,,,,,,,,,,,,,,,,,,,,,,,,,,,,,,,,,,,,,,,,,,,,,,,,,,,,,,,,,,,,,,,,,,,,,,,,,,,,,,,,,,,,,,,,,,,,,,,,,,,,,,,,,,,,,,,,,,,,,,,,,,,,,,,,,,,,,,,,,,,,,,,,,,,,,,,,,,,,,,,,,,,,,,,,,,,,,,,,,,,,,,,,,,,,,,,,,,,,,,,,,,,,,,,,,,,,,,,,,,,,,,,,,,,,,,,,,,,,,,,,,,,,,,,,,,,,,,,,,,,,,,,,,,,,,,,,,,,,,,,,,,,,,,,,,,,,,,,,,,,,,,,,,,,,,,,,,,,,,,,,,,,,,,,,,,,,,,,,,,,,,,,,,,,,,,,,,,,,,,,,,,,,,,,,,,,,,,,,,,,,,,,,,,,,,,,,,,,,,,,,,,,,,,,,,,,
1895_unknown_2,0.0,,6.0,0.0,0.0,4.0,5.0,5.0,5.0,4.0,1.0,4.0,7.0,7.0,6.0,6.0,4.0,10.0,9.0,7.0,4.0,1.0,1.0,8.0,5.0,4.0,7.0,13.0,14.0,11.0,5.0,3.0,3.0,1.0,5.0,9.0,10.0,15.0,5.0,4.0,13.0,8.0,7.0,3.0,6.0,6.0,4.0,3.0,6.0,6.0,8,9.0,8.0,6.0,4.0,4.0,3.0,6.0,3.0,6.0,11,2,8,12,3,9,9.0,5.0,1.0,2.0,8.0,6.0,7.0,10.0,11.0,8,6,13,6,6,2.0,3.0,0.0,1.0,10.0,10.0,8.0,11.0,3.0,14.0,3.0,11.0,9.0,6.0,8.0,0.0,2.0,11.0,8.0,5.0,12.0,12.0,11.0,3.0,3.0,11.0,7.0,6.0,2.0,7.0,7.0,11.0,6.0,8.0,5.0,8.0,12.0,6.0,0.0,0.0,5.0,14.0,15.0,5.0,8.0,9.0,5.0,3.0,0.0,12.0,11.0,8.0,2.0,4.0,1.0,0.0,5.0,4.0,0.0,3.0,3.0,5.0,,6.0,6.0,6.0,4.0,7.0,6.0,5.0,,,,,,,1.0,1.0,3.0,4.0,2.0,3.0,2.0,3.0,3.0,1.0,1.0,0.0,0.0,0.0,0.0,0.0,,,,1.0,2.0,2.0,4.0,7.0,3.0,1.0,1.0,1.0,4.0,,0.0,2.0,1.0,0.0,1.0,2.0,4.0,,,,1.0,,2.0,,,,,,1.0,1.0,1.0,,2.0,2.0,1.0,1.0,1.0,1.0,1.0,1.0,1.0,2.0,1.0,1.0,1.0,1.0,1.0,1.0,1.0,1.0,1.0,1.0,1.0,1.0,1.0,0.0,2.0,2.0,2.0,1.0,1.0,2.0,1.0,1.0,1.0,0.0,0.0,0.0,2.0,1.0,0.0,0.0,1.0,1.0,1.0,1.0,1.0,0.0,0.0,2.0,1.0,2.0,1.0,1.0,3.0,3.0,1.0,2.0,1.0,0.0,1.0,1.0,1.0,3.0,2.0,2.0,2.0,2.0,1.0,,,2.0,1.0,2.0,3.0,2.0,2.0,1.0,1.0,,,2.0,2.0,1.0,0.0,3.0,0.0,0.0,,,1.0,1.0,1.0,2.0,1.0,3.0,4.0,0.0,,,2.0,1.0,2.0,3.0,3.0,1.0,1.0,0.0,,,3.0,2.0,1.0,2.0,1.0,2.0,0.0,0.0,0.0,0.0,0.0,,,1.0,1.0,2.0,1.0,1.0,1.0,4.0,,,,,,,,,2.0,1.0,1.0,1.0,3.0,3.0,,2.0,3.0,2.0,2.0,1.0,0.0,,,,,,,,,,,2.0,1.0,2.0,,,,,,,,,,,,,,,,,,,,,,,,,,,,,,,,,,,,,,,,,,,,,,,,,,,,,,,,,,,,,,,,,,,,,,,,,,,,,,,1.0,,,,,,,,,,,,,,,,,,,,,,,,,,,,,,,,,,,,,,,,,,,,,,,,,,,,,,,,,,,,,,,,,,,,,,,,,,,,,,,,,,,,,,,,,,,,,,,,,,,,,,,,,,,,,,,,,,,,,,,,,,,,,,,,,,1.0,0.0,0.0,0.0,0.0,,,,,,,,,,,,,,,,,,,,,,,,,,,,,,,,,,,,,,,,,,,,,,,,,,,,,,,,,,,,,,,,,,,,,,,,,,,,,,,,,,,,,,,,,,,,,,,,,,,,,,,,,,,,,,,,,,,,,,,,,,,,,,,,,,,,,,,,,,,,,,,,,,,,
1896_philip,,,,,,4.0,0.0,0.0,0.0,0.0,3.0,0.0,0.0,0.0,0.0,6.0,,8.0,0.0,7.0,8.0,0.0,1.0,6.0,,5.0,10.0,13.0,15.0,11.0,4.0,3.0,,,,8.0,11.0,12.0,6.0,3.0,13.0,10.0,,,,,3.0,8.0,6.0,4.0,9,7.0,6.0,,,,,,,2.0,10,2,9,12,3,9,,,,,,,,10.0,11.0,6,0,4,7,6,,,,,,,8.0,11.0,3.0,12.0,8.0,11.0,9.0,,,,,11.0,8.0,5.0,14.0,12.0,10.0,3.0,3.0,,,,,7.0,6.0,10.0,6.0,7.0,6.0,6.0,,,,,7.0,13.0,14.0,5.0,8.0,0.0,,,,,,,,,,,,,,,,,,,,5.0,0.0,,,,,,,,,,,,,,,,,,,,,,,,,,,,,,,,,,,,,,,,,,,,,,,,,,,,,,,,,,,,,,,,,,,,,,,,,,,,,,,,,,,,,,,,,,,,,,,,,,,,,,,,,,,,,,,,,,,,,,,,,,,,,,,,,,,,,,,,,,,,,,,,,,,,,,,,,,,,,,,,,,,,,,,,,,,,,,,,,,,,,,,,,,,,,,,,,,,,,,,,,,,,,,,,,,,,,,,,,,,,,,,,,,,,,,,,,,,,,,,,,,,,,,,,,,,,,,,,,,,,,,,,,,,,,,,,,,,,,,,,,,,,,,,,,,,,,,,,,,,,,,,,,,,,,,,,,,,,,,,,,,,,,,,,,,,,,,,,,,,,,,,,,,,,,,,,,,,,,,,,,,,,,,,,,,,,,,,,,,,,,,,,,,,,,,,,,,,,,,,,,,,,,,,,,,,,,,,,,,,,,,,,,,,,,,,,,,,,,,,,,,,,,,,,,,,,,,,,,,,,,,,,,,,,,,,,,,,,,,,,,,,,,,,,,,,,,,,,,,,,,,,,,,,,,,,,,,,,,,,,,,,,,,,,,,,,,,,,,,,,,,,,,,,,,,,,,,,,,,,,,,,,,,,,,,,,,,,,,,,,,,,,
1896_unknown,,,,,,4.0,5.0,5.0,5.0,4.0,3.0,4.0,7.0,7.0,6.0,6.0,,8.0,6.0,7.0,8.0,1.0,1.0,6.0,,5.0,9.0,13.0,15.0,11.0,5.0,3.0,,,3.0,8.0,11.0,0.0,0.0,3.0,13.0,8.0,7.0,,,5.0,3.0,7.0,0.0,4.0,9,8.0,8.0,6.0,,,,,2.0,4.0,6,2,9,0,0,0,9.0,,,,,,1.0,10.0,11.0,6,0,0,0,0,0.0,,,,,10.0,8.0,13.0,0.0,0.0,0.0,0.0,9.0,10.0,,,,11.0,8.0,5.0,12.0,12.0,10.0,1.0,3.0,11.0,,,,7.0,5.0,7.0,6.0,8.0,5.0,0.0,12.0,,,,5.0,13.0,15.0,5.0,8.0,8.0,3.0,,,,,,,,,,,,,,,,,,,6.0,5.0,,,,,,,,,,,,,,,6.0,,,,,,,,,,,,,,,,,,,3.0,,,,,,,2.0,,,,,,,,,,,,,,,,,,,,,,,,,,,,,,,,,,,,,,,,,,,,,,,,,,,,,,,,,,,,,,,,,,,,,,,,,,,,,,,,,,,,,,,,,,,,,,,,,,,,,,,,,,,,,,,,,,,,,,,,,,,,,,,,,,,,,,,,,,,,,,,,,,,,,,,,,,,,,,,,,,,,,,,,,,,,,,,,,,,,,,,,,,,,,,,,,,,,,,,,,,,,,,,,,,,,,,,,,,,,,,,,,,,,,,,,,,,,,,,,,,,,,,,,,,,,,,,,,,,,,,,,,,,,,,,,,,,,,,,,,,,,,,,,,,,,,,,,,,,,,,,,,,,,,,,,,,,,,,,,,,,,,,,,,,,,,,,,,,,,,,,,,,,,,,,,,,,,,,,,,,,,,,,,,,,,,,,,,,,,,,,,,,,,,,,,,,,,,,,,,,,,,,,,,,,,,,,,,,,,,,,,,,,,,,,,,,,,,,,,,,,,,,,,,,,,,,,,,,,,,,,,,,,,,,,,,,,,,,,,,,,,,,,,,,,,,,,,,,,,,,,,,,,,,,,,,,,,,,,,,,,,,,,,,,,,,,,,,,,,,,,
1897_harris,,,,,,,,,,,,,,,,,,,,,,,,,,9.0,2.0,6.0,,,,,,,,2.0,5.0,2.0,-1.0,-1.0,,,,,,,1.0,2.0,-1.0,1.0,-1,11.0,4.0,,,,,,,8.0,-1,-1,-1,8,10,7,,,,,,,,4.0,12.0,-1,1,10,3,4,,,,,,,,2.0,9.0,9.0,10.0,4.0,11.0,,,,,,,,8.0,6.0,6.0,9.0,2.0,,,,,,,,,4.0,2.0,4.0,,,,,,,,,,,,,,,,,,,,,,,,,,,,,,,,,,,,,,,,,,,,,,,,,,,,,,,,,,,,,,,,,,,,,,,,,,,,,,,,,,,,,,,,,,,,,,,,,,,,,,,,,,,,,,,,,,,,,,,,,,,,,,,,,,,,,,,,,,,,,,,,,,,,,,,,,,,,,,,,,,,,,,,,,,,,,,,,,,,,,,,,,,,,,,,,,,,,,,,,,,,,,,,,,,,,,,,,,,,,,,,,,,,,,,,,,,,,,,,,,,,,,,,,,,,,,,,,,,,,,,,,,,,,,,,,,,,,,,,,,,,,,,,,,,,,,,,,,,,,,,,,,,,,,,,,,,,,,,,,,,,,,,,,,,,,,,,,,,,,,,,,,,,,,,,,,,,,,,,,,,,,,,,,,,,,,,,,,,,,,,,,,,,,,,,,,,,,,,,,,,,,,,,,,,,,,,,,,,,,,,,,,,,,,,,,,,,,,,,,,,,,,,,,,,,,,,,,,,,,,,,,,,,,,,,,,,,,,,,,,,,,,,,,,,,,,,,,,,,,,,,,,,,,,,,,,,,,,,,,,,,,,,,,,,,,,,,,,,,,,,,,,,,,,,,,,,,,,,,,,,,,,,,,,,,,,,,,,,,,,,,,,,,,,,,,,,,,,,,,,,,,,,,,,,,,,,,
1897_unknown,,,,,,4.0,5.0,5.0,2.0,6.0,5.0,1.0,7.0,4.0,4.0,5.0,,2.0,2.0,12.0,1.0,9.0,4.0,,,9.0,3.0,6.0,6.0,4.0,1.0,,,,,2.0,6.0,9.0,8.0,8.0,11.0,9.0,,,,,2.0,4.0,1.0,3.0,5,3.0,8.0,,,,,,,5.0,4,4,4,12,11,7,9.0,,,,,,,2.0,4.0,2,13,14,8,3,8.0,,,,,,,8.0,4.0,2.0,1.0,9.0,7.0,8.0,,,,,,,6.0,9.0,14.0,6.0,4.0,9.0,,,,,,,,13.0,5.0,11.0,8.0,,,,,,,,,,,,,,,,,,,,,,,,,,,,,,,,,,,,,,,,,,,,,,,,,,,,,,,,,,,,,,,,,,,,,,,,,,,2.0,,,,,,,,,,,,,,,,,,,,,,,,,,,,,,,,,,,,,,,,,,,,,,,,,,,,,,,,,,,,,,,,,,,,,,,,,,,,,,,,,,,,,,,,,,,,,,,,,,,,,,,,,,,,,,,,,,,,,,,,,,,,,,,,,,,,,,,,,,,,,,,,,,,,,,,,,,,,,,,,,,,,,,,,,,,,,,,,,,,,,,,,,,,,,,,,,,,,,,,,,,,,,,,,,,,,,,,,,,,,,,,,,,,,,,,,,,,,,,,,,,,,,,,,,,,,,,,,,,,,,,,,,,,,,,,,,,,,,,,,,,,,,,,,,,,,,,,,,,,,,,,,,,,,,,,,,,,,,,,,,,,,,,,,,,,,,,,,,,,,,,,,,,,,,,,,,,,,,,,,,,,,,,,,,,,,,,,,,,,,,,,,,,,,,,,,,,,,,,,,,,,,,,,,,,,,,,,,,,,,,,,,,,,,,,,,,,,,,,,,,,,,,,,,,,,,,,,,,,,,,,,,,,,,,,,,,,,,,,,,,,,,,,,,,,,,,,,,,,,,,,,,,,,,,,,,,,,,,,,,,,,,,,,,,,,,,,,,,,,
1898_schneller,,,,,,,,,,,0.0,3.0,7.0,7.0,0.0,0.0,0.0,8.0,6.0,7.0,8.0,1.0,1.0,6.0,5.0,5.0,10.0,13.0,13.0,11.0,7.0,3.0,3.0,1.0,3.0,8.0,11.0,12.0,6.0,2.0,11.0,10.0,5.0,3.0,7.0,5.0,0.0,7.0,6.0,4.0,9,7.0,8.0,8.0,4.0,4.0,3.0,6.0,2.0,2.0,6,2,9,0,3,9,4.0,5.0,7.0,2.0,6.0,6.0,7.0,10.0,11.0,6,8,0,7,6,2.0,6.0,7.0,2.0,10.0,10.0,8.0,11.0,3.0,13.0,8.0,11.0,9.0,10.0,6.0,4.0,2.0,12.0,8.0,5.0,13.0,12.0,11.0,3.0,3.0,11.0,10.0,6.0,0.0,7.0,5.0,7.0,8.0,7.0,6.0,6.0,11.0,4.0,3.0,1.0,7.0,13.0,14.0,5.0,8.0,7.0,3.0,2.0,2.0,11.0,0.0,4.0,2.0,4.0,1.0,3.0,4.0,0.0,3.0,0.0,3.0,5.0,,0.0,6.0,7.0,2.0,6.0,6.0,5.0,,,,,,,,,2.0,3.0,3.0,7.0,,0.0,0.0,0.0,0.0,0.0,0.0,1.0,1.0,0.0,,,,,,1.0,4.0,7.0,,1.0,3.0,1.0,4.0,1.0,1.0,,3.0,3.0,3.0,,,,,,,2.0,2.0,,,,,,,,,,2.0,2.0,1.0,1.0,0.0,0.0,0.0,0.0,0.0,0.0,,,1.0,1.0,1.0,1.0,1.0,0.0,1.0,0.0,,,,,2.0,2.0,0.0,1.0,1.0,0.0,1.0,1.0,,,,,2.0,1.0,0.0,1.0,1.0,1.0,1.0,,,,,,1.0,2.0,0.0,0.0,2.0,3.0,,,,,,1.0,1.0,3.0,2.0,0.0,0.0,,,,,,1.0,2.0,3.0,2.0,2.0,,,,,,2.0,1.0,3.0,3.0,3.0,,,,,3.0,1.0,2.0,1.0,3.0,4.0,,,,,,2.0,3.0,2.0,1.0,1.0,,,,,,1.0,2.0,1.0,1.0,1.0,1.0,0.0,0.0,,,,,1.0,2.0,1.0,1.0,1.0,2.0,1.0,2.0,0.0,0.0,,,,,2.0,1.0,1.0,1.0,3.0,1.0,1.0,1.0,1.0,2.0,2.0,1.0,1.0,0.0,2.0,2.0,2.0,1.0,1.0,0.0,,,,2.0,1.0,2.0,2.0,2.0,2.0,2.0,2.0,2.0,1.0,1.0,0.0,0.0,0.0,1.0,3.0,2.0,2.0,3.0,,,,2.0,1.0,1.0,1.0,0.0,0.0,0.0,0.0,0.0,0.0,0.0,0.0,0.0,0.0,2.0,1.0,2.0,2.0,,,,2.0,2.0,2.0,0.0,0.0,0.0,0.0,0.0,0.0,0.0,0.0,2.0,1.0,,,,0.0,0.0,0.0,0.0,0.0,0.0,0.0,0.0,,,,,,,,,,,,,,,1.0,,,,2.0,1.0,1.0,,1.0,1.0,1.0,1.0,1.0,0.0,,,,,,,,,,,,,,,,,,,,,,,,,,,,,,,,,,,,,,,,,,,,,,,,,,,,,,,,,,,,,,,,,,,,,,,,,,,,,,,,,,,,,,,,,,,,,,,,,,,,,,,,,,,,,,,,,,,,,,,,,,3.0,1.0,,,,,,,,,,,,,,,,,,,,,,,,,,,,,,,,,,,,,,,,,,,,,,,,,,,,,,,,,,,,,,,,,,,,,,,,,,,,,,,,,,,,,,,,,,,,,,,,,,,,,,,,,,,,,,,,,,,,,,,,,,,,,,,,,,,,,,,,,,,,,,,,,,
1898_unknown,,,,,,4.0,5.0,5.0,2.0,6.0,5.0,1.0,7.0,4.0,5.0,5.0,,2.0,2.0,12.0,1.0,9.0,1.0,,,9.0,2.0,9.0,9.0,13.0,5.0,,,,,9.0,6.0,12.0,13.0,9.0,8.0,10.0,,,,,3.0,8.0,6.0,15.0,6,12.0,5.0,,,,,,,5.0,1,7,15,5,11,7,9.0,,,,,,,2.0,7.0,13,13,14,8,3,8.0,,,,,,,8.0,4.0,-1.0,1.0,9.0,7.0,8.0,,,,,,,6.0,11.0,14.0,6.0,4.0,9.0,,,,,,,,13.0,6.0,11.0,8.0,,,,,,,,,,,,,,,,,,,,,,,,,,,,,,,,,,,,,,,,,,,,,,,,,,,,,,,,,,,,,,,,,,,,,,,,,,,2.0,,,,,,,,,,,,,,,,,,,,,,,,,,,,,,,,,,,,,,,,,,,,,,,,,,,,,,,,,,,,,,,,,,,,,,,,,,,,,,,,,,,,,,,,,,,,,,,,,,,,,,,,,,,,,,,,,,,,,,,,,,,,,,,,,,,,,,,,,,,,,,,,,,,,,,,,,,,,,,,,,,,,,,,,,,,,,,,,,,,,,,,,,,,,,,,,,,,,,,,,,,,,,,,,,,,,,,,,,,,,,,,,,,,,,,,,,,,,,,,,,,,,,,,,,,,,,,,,,,,,,,,,,,,,,,,,,,,,,,,,,,,,,,,,,,,,,,,,,,,,,,,,,,,,,,,,,,,,,,,,,,,,,,,,,,,,,,,,,,,,,,,,,,,,,,,,,,,,,,,,,,,,,,,,,,,,,,,,,,,,,,,,,,,,,,,,,,,,,,,,,,,,,,,,,,,,,,,,,,,,,,,,,,,,,,,,,,,,,,,,,,,,,,,,,,,,,,,,,,,,,,,,,,,,,,,,,,,,,,,,,,,,,,,,,,,,,,,,,,,,,,,,,,,,,,,,,,,,,,,,,,,,,,,,,,,,,,,,,,,
1899_unknown,2.0,,6.0,2.0,4.0,,5.0,5.0,2.0,5.0,5.0,1.0,7.0,7.0,4.0,4.0,1.0,9.0,10.0,9.0,7.0,9.0,3.0,7.0,3.0,3.0,7.0,15.0,13.0,12.0,6.0,3.0,5.0,2.0,3.0,8.0,11.0,12.0,6.0,2.0,13.0,8.0,6.0,3.0,7.0,5.0,3.0,7.0,4.0,8.0,8,9.0,8.0,9.0,4.0,4.0,0.0,6.0,2.0,4.0,11,2,9,11,3,9,9.0,1.0,5.0,2.0,8.0,6.0,7.0,10.0,5.0,8,2,2,7,6,2.0,5.0,7.0,2.0,10.0,10.0,8.0,12.0,13.0,10.0,6.0,11.0,9.0,10.0,5.0,6.0,4.0,12.0,8.0,4.0,7.0,17.0,8.0,4.0,3.0,6.0,6.0,6.0,2.0,1.0,10.0,9.0,2.0,12.0,6.0,5.0,11.0,7.0,3.0,,4.0,7.0,11.0,5.0,5.0,7.0,3.0,3.0,,4.0,8.0,3.0,2.0,4.0,2.0,,3.0,2.0,5.0,3.0,,,,,,,,,,,,,,,,,,,,,,,,,,,,,,,,,,,,,,,,,,,,,,,,,,,,,,,,,,,,,,,,,,,,,,,,,,,,,,,,,,,,,,,,,,,,,,,,,,,,,,,,,,,,,,,,,,,,,,,,,,,,,,,,,,,,,,,,,,,,,,,,,,,,,,,,,,,,,,,,,,,,,,,,,,,,,,,,,,,,,,,,,,,,,,,,,,,,,,,,,,,,,,,,,,,,,,,,,,,,,,,,,,,,,,,,,,,,,,,,,,,,,,,,,,,,,,,,,,,,,,,,,,,,,,,,,,,,,,,,,,,,,,,,,,,,,,,,,,,,,,,,,,,,,,,,,,,,,,,,,,,,,,,,,,,,,,,,,,,,,,,,,,,,,,,,,,,,,,,,,,,,,,,,,,,,,,,,,,,,,,,,,,,,,,,,,,,,,,,,,,,,,,,,,,,,,,,,,,,,,,,,,,,,,,,,,,,,,,,,,,,,,,,,,,,,,,,,,,,,,,,,,,,,,,,,,,,,,,,,,,,,,,,,,,,,,,,,,,,,,,,,,,,,,,,,,,,,,,,,,,,,,,,,,,,,,,,,,,,,,,,,,,,,,,,,,,,,,,,,,,,,,,,,,,,,,,,,,,,,,,,,,,,,,,,
1899_unknown_2,,,,,,,,,,,,,,7.0,6.0,6.0,,8.0,6.0,7.0,7.0,1.0,1.0,,,4.0,7.0,0.0,15.0,11.0,4.0,,,,,8.0,11.0,15.0,6.0,4.0,13.0,10.0,,,,,3.0,7.0,4.0,4.0,8,9.0,6.0,,,,,,,4.0,10,1,9,14,3,7,,,,,,,,0.0,11.0,9,8,4,7,6,,,,,,,,11.0,3.0,13.0,8.0,9.0,9.0,,,,,,,,12.0,12.0,13.0,0.0,3.0,,,,,,,,,8.0,0.0,5.0,,,,,,,,,,,,,,,,,,,,,,,,,,,,,,,,,,,,,,,,,,,,,,,,,,,,,,,,,,,,,,,,,,,,,,,,,,,,,,,,,,,,,,,,,,,,,,,,,,,,,,,,,,,,,,,,,,,,,,,,,,,,,,,,,,,,,,,,,,,,,,,,,,,,,,,,,,,,,,,,,,,,,,,,,,,,,,,,,,,,,,,,,,,,,,,,,,,,,,,,,,,,,,,,,,,,,,,,,,,,,,,,,,,,,,,,,,,,,,,,,,,,,,,,,,,,,,,,,,,,,,,,,,,,,,,,,,,,,,,,,,,,,,,,,,,,,,,,,,,,,,,,,,,,,,,,,,,,,,,,,,,,,,,,,,,,,,,,,,,,,,,,,,,,,,,,,,,,,,,,,,,,,,,,,,,,,,,,,,,,,,,,,,,,,,,,,,,,,,,,,,,,,,,,,,,,,,,,,,,,,,,,,,,,,,,,,,,,,,,,,,,,,,,,,,,,,,,,,,,,,,,,,,,,,,,,,,,,,,,,,,,,,,,,,,,,,,,,,,,,,,,,,,,,,,,,,,,,,,,,,,,,,,,,,,,,,,,,,,,,,,,,,,,,,,,,,,,,,,,,,,,,,,,,,,,,,,,,,,,,,,,,,,,,,,,,,,,,,,,,,,,,,,,,,,,,,,,
1899_unknown_3,,,,,,,,,,,,,,,,,,,,,,,,,,,,,,,,,,,,,0.0,13.0,5.0,4.0,,,,,,,,7.0,8.0,4.0,7,9.0,8.0,,,,,,,,6,0,9,14,3,8,,,,,,,,10.0,11.0,6,8,1,7,6,,,,,,,8.0,11.0,3.0,13.0,3.0,11.0,9.0,,,,,,8.0,2.0,14.0,12.0,13.0,1.0,3.0,,,,,7.0,5.0,7.0,6.0,8.0,5.0,6.0,,,,,,,,,,,,,,,,,,,,,,,,,,,,,,6.0,,,,,,,,,,,,,,,,,,,,,,,,,,,,,,,,,,,,,,,,,,,,,,,,,,,,,,,,,,,,,,,,,,,,,,,,,,,,,,,,,,,,,,,,,,,,,,,,,,,,,,,,,,,,,,,,,,,,,,,,,,,,,,,,,,,,,,,,,,,,,,,,,,,,,,,,,,,,,,,,,,,,,,,,,,,,,,,,,,,,,,,,,,,,,,,,,,,,,,,,,,,,,,,,,,,,,,,,,,,,,,,,,,,,,,,,,,,,,,,,,,,,,,,,,,,,,,,,,,,,,,,,,,,,,,,,,,,,,,,,,,,,,,,,,,,,,,,,,,,,,,,,,,,,,,,,,,,,,,,,,,,,,,,,,,,,,,,,,,,,,,,,,,,,,,,,,,,,,,,,,,,,,,,,,,,,,,,,,,,,,,,,,,,,,,,,,,,,,,,,,,,,,,,,,,,,,,,,,,,,,,,,,,,,,,,,,,,,,,,,,,,,,,,,,,,,,,,,,,,,,,,,,,,,,,,,,,,,,,,,,,,,,,,,,,,,,,,,,,,,,,,,,,,,,,,,,,,,,,,,,,,,,,,,,,,,,,,,,,,,,,,,,,,,,,,,,,,,,,,,,,,,,,,,,,,,,,,,,,,,,,,,,
19--_frassi,,,,,,,,,,,,,,,,,,,,,,,,,,,10.0,4.0,15.0,,,,,,,,9.0,13.0,6.0,3.0,13.0,,,,,,,7.0,8.0,3.0,7,9.0,6.0,,,,,,,,10,6,4,12,3,8,8.0,,,,,,,6.0,2.0,2,8,4,7,6,2.0,,,,,,9.0,8.0,8.0,14.0,3.0,10.0,9.0,10.0,,,,,,,12.0,9.0,4.0,1.0,5.0,6.0,,,,,,,13.0,16.0,3.0,8.0,10.0,,,,,,,,,,,,,,,,,,,,,,,,,,,,,,,,,,,,,,,,,,,,,,,,,,,,,,,,,,,,,,,,,,,,,,,,,,,,,,,,,,,,,,,,,,,,,,,,,,,,,,,,,,,,,,,,,,,,,,,,,,,,,,,,,,,,,,,,,,,,,,,,,,,,,,,,,,,,,,,,,,,,,,,,,,,,,,,,,,,,,,,,,,,,,,,,,,,,,,,,,,,,,,,,,,,,,,,,,,,,,,,,,,,,,,,,,,,,,,,,,,,,,,,,,,,,,,,,,,,,,,,,,,,,,,,,,,,,,,,,,,,,,,,,,,,,,,,,,,,,,,,,,,,,,,,,,,,,,,,,,,,,,,,,,,,,,,,,,,,,,,,,,,,,,,,,,,,,,,,,,,,,,,,,,,,,,,,,,,,,,,,,,,,,,,,,,,,,,,,,,,,,,,,,,,,,,,,,,,,,,,,,,,,,,,,,,,,,,,,,,,,,,,,,,,,,,,,,,,,,,,,,,,,,,,,,,,,,,,,,,,,,,,,,,,,,,,,,,,,,,,,,,,,,,,,,,,,,,,,,,,,,,,,,,,,,,,,,,,,,,,,,,,,,,,,,,,,,,,,,,,,,,,,,,,,,,,,,,,,,,,,,,,,,,,,,,,,,,,,,,,,,,,,,,,,,,,
19--_unknown,,,,,,,,,,,,,,7.0,6.0,8.0,,8.0,8.0,7.0,8.0,1.0,2.0,6.0,,4.0,7.0,13.0,15.0,11.0,4.0,3.0,1.0,,,8.0,11.0,5.0,5.0,4.0,3.0,10.0,4.0,2.0,,,3.0,8.0,4.0,2.0,9,9.0,8.0,9.0,3.0,2.0,,,,2.0,8,1,8,14,4,9,9.0,6.0,2.0,4.0,,,,10.0,9.0,7,3,1,7,6,3.0,7.0,1.0,8.0,,,6.0,13.0,14.0,12.0,2.0,3.0,3.0,10.0,5.0,2.0,1.0,,8.0,1.0,13.0,18.0,9.0,4.0,1.0,11.0,6.0,5.0,1.0,9.0,11.0,7.0,6.0,8.0,5.0,8.0,12.0,7.0,3.0,,,,,,,,,,,,,,,,,,,,,,,,,,,7.0,,,,,,,,,,,,,,,,,,,,,,,,,,,,,,,,,,,,,,,,,,,,,,,,,,,,,,,,,,,,,,,,,,,,,,,,,,,,,,,,,,,,,,,,,,,,,,,,,,,,,,,,,,,,,,,,,,,,,,,,,,,,,,,,,,,,,,,,,,,,,,,,,,,,,,,,,,,,,,,,,,,,,,,,,,,,,,,,,,,,,,,,,,,,,,,,,,,,,,,,,,,,,,,,,,,,,,,,,,,,,,,,,,,,,,,,,,,,,,,,,,,,,,,,,,,,,,,,,,,,,,,,,,,,,,,,,,,,,,,,,,,,,,,,,,,,,,,,,,,,,,,,,,,,,,,,,,,,,,,,,,,,,,,,,,,,,,,,,,,,,,,,,,,,,,,,,,,,,,,,,,,,,,,,,,,,,,,,,,,,,,,,,,,,,,,,,,,,,,,,,,,,,,,,,,,,,,,,,,,,,,,,,,,,,,,,,,,,,,,,,,,,,,,,,,,,,,,,,,,,,,,,,,,,,,,,,,,,,,,,,,,,,,,,,,,,,,,,,,,,,,,,,,,,,,,,,,,,,,,,,,,,,,,,,,,,,,,,,,,,,,,,,,,,,,,,,,,,,,,,,,,,,,,,,,,,,,,,,,,,,,,,,
1900_wilson,,,,,,4.0,7.0,5.0,0.0,4.0,1.0,4.0,7.0,0.0,0.0,6.0,0.0,0.0,6.0,0.0,0.0,0.0,1.0,6.0,0.0,0.0,10.0,13.0,0.0,0.0,7.0,3.0,0.0,0.0,0.0,0.0,11.0,13.0,0.0,0.0,0.0,0.0,0.0,,0.0,0.0,3.0,7.0,6.0,0.0,0,0.0,0.0,0.0,,,,0.0,0.0,4.0,6,2,0,0,3,9,9.0,,,,,6.0,0.0,0.0,0.0,0,0,0,7,6,2.0,,,,10.0,0.0,0.0,0.0,0.0,0.0,0.0,0.0,0.0,10.0,,,,0.0,0.0,0.0,0.0,0.0,0.0,0.0,0.0,0.0,,,,7.0,5.0,7.0,6.0,0.0,0.0,8.0,12.0,,,,7.0,14.0,0.0,0.0,0.0,0.0,0.0,,,0.0,8.0,0.0,0.0,4.0,3.0,,5.0,0.0,0.0,0.0,0.0,5.0,2.0,,0.0,0.0,0.0,0.0,6.0,0.0,,,,1.0,4.0,0.0,0.0,,,,,5.0,,,,,,,,,,,,,,,,0.0,,0.0,0.0,0.0,1.0,,4.0,,,2.0,1.0,2.0,1.0,,,,,,,,,,,,,,,,,,,,,,,,,,,,,,,,,,,,,,,,,,,,,,,,,,,,,,,,,,,,,,,,,,,,,,,,,,,,,,,,,,,,,,,,,,,,,,,,,,,,,,,,,,,,,,,,,,,,,,,,,,,,,,,,,,,,,,,,,,,,,,,,,,,,,,,,,,,,,,,,,,,,,,,,,,,,,,,,,,,,,,,,,,,,,,,,,,,,,,,,,,,,,,,,,,,,,,,,,,,,,,,,,,,,,,,,,,,,,,,,,,,,,,,,,,,,,,,,,,,,,,,,,,,,,,,,,,,,,,,,,,,,,,,,,,,,,,,,,,,,,,,,,,,,,,,,,,,,,,,,,,,,,,,,,,,,,,,,,,,,,,,,,,,,,,,,,,,,,,,,,,,,,,,,,,,,,,,,,,,,,,,,,,,,,,,,,,,,,,,,,,,,,,,,,,,,,,,,,,,,,,,,,,,,,,,,,,,,,,,,,,,,,,,,,,,,,,,,,,,,,,,,,,,,,,,,,,,,,,,,,,,,,,,,,,,,,,,,,,,,,,,,,,,,,,,,,,,,,,,,,,,,,,,,,,,,,,,,,,,,
1900_wilson_2,,,,,,,,,,,,,,,,,,0.0,0.0,0.0,8.0,1.0,1.0,6.0,,0.0,0.0,0.0,0.0,0.0,4.0,3.0,,,,0.0,0.0,0.0,0.0,0.0,0.0,0.0,,,,,0.0,0.0,0.0,0.0,0,0.0,0.0,,,,,,,0.0,0,0,0,0,0,0,,,,,,,,0.0,0.0,0,0,4,7,6,,,,,,,0.0,0.0,0.0,0.0,8.0,11.0,9.0,,,,,,0.0,0.0,0.0,0.0,0.0,0.0,0.0,,,,,0.0,0.0,0.0,0.0,0.0,0.0,0.0,,,,,,,,,,,,,,,,,,,,,,,,,,,,,,,,,,,,,,,,,,,,,,,,,,,,,,,,,,,,,,,,,,,,,,,,,,,,,,,,,,,,,,,,,,,,,,,,,,,,,,,,,,,,,,,,,,,,,,,,,,,,,,,,,,,,,,,,,,,,,,,,,,,,,,,,,,,,,,,,,,,,,,,,,,,,,,,,,,,,,,,,,,,,,,,,,,,,,,,,,,,,,,,,,,,,,,,,,,,,,,,,,,,,,,,,,,,,,,,,,,,,,,,,,,,,,,,,,,,,,,,,,,,,,,,,,,,,,,,,,,,,,,,,,,,,,,,,,,,,,,,,,,,,,,,,,,,,,,,,,,,,,,,,,,,,,,,,,,,,,,,,,,,,,,,,,,,,,,,,,,,,,,,,,,,,,,,,,,,,,,,,,,,,,,,,,,,,,,,,,,,,,,,,,,,,,,,,,,,,,,,,,,,,,,,,,,,,,,,,,,,,,,,,,,,,,,,,,,,,,,,,,,,,,,,,,,,,,,,,,,,,,,,,,,,,,,,,,,,,,,,,,,,,,,,,,,,,,,,,,,,,,,,,,,,,,,,,,,,,,,,,,,,,,,,,,,,,,,,,,,,,,,,,,,,,,,,,,,,,,,,,,,,,,,,,,,,,,,,,,,,,,,,,,,,,,,,
1901_unknown,,,6.0,3.0,4.0,4.0,5.0,5.0,5.0,6.0,3.0,3.0,7.0,7.0,6.0,6.0,0.0,8.0,6.0,7.0,8.0,0.0,1.0,6.0,5.0,5.0,10.0,13.0,15.0,0.0,0.0,3.0,3.0,0.0,3.0,8.0,11.0,12.0,6.0,3.0,13.0,8.0,0.0,0.0,0.0,0.0,0.0,0.0,0.0,0.0,9,9.0,8.0,0.0,4.0,4.0,3.0,6.0,0.0,4.0,11,6,9,12,3,0,9.0,4.0,1.0,2.0,8.0,8.0,7.0,10.0,11.0,6,8,0,0,6,5.0,4.0,4.0,4.0,10.0,10.0,8.0,11.0,3.0,13.0,0.0,0.0,9.0,4.0,5.0,3.0,2.0,11.0,0.0,0.0,12.0,12.0,0.0,0.0,0.0,11.0,10.0,6.0,2.0,7.0,5.0,7.0,6.0,0.0,0.0,0.0,0.0,6.0,,,7.0,14.0,14.0,0.0,0.0,0.0,,,,11.0,8.0,4.0,0.0,,,,4.0,2.0,3.0,,,,2.0,6.0,7.0,5.0,5.0,9.0,6.0,7.0,,1.0,2.0,3.0,4.0,2.0,1.0,0.0,2.0,0.0,0.0,5.0,,0.0,3.0,,,,,,,,1.0,,,,,2.0,4.0,7.0,3.0,0.0,1.0,0.0,4.0,,,2.0,1.0,1.0,1.0,1.0,2.0,2.0,2.0,2.0,1.0,2.0,2.0,2.0,1.0,1.0,1.0,1.0,1.0,1.0,1.0,,2.0,2.0,1.0,1.0,1.0,1.0,1.0,1.0,0.0,0.0,,,1.0,1.0,0.0,0.0,0.0,0.0,0.0,0.0,,,,,2.0,0.0,0.0,0.0,0.0,0.0,0.0,0.0,,,,,2.0,1.0,1.0,0.0,0.0,0.0,0.0,,,,,2.0,1.0,2.0,0.0,1.0,0.0,0.0,,,,,1.0,1.0,1.0,3.0,2.0,2.0,2.0,,,,-1.0,2.0,1.0,2.0,3.0,2.0,2.0,,,,,-1.0,2.0,1.0,2.0,2.0,3.0,,,,1.0,1.0,2.0,2.0,1.0,3.0,3.0,,,,2.0,2.0,-1.0,-1.0,1.0,1.0,1.0,,,,-1.0,1.0,-1.0,-1.0,1.0,1.0,2.0,,,,,,,-1.0,-1.0,-1.0,2.0,1.0,1.0,4.0,,,,,,,,,1.0,2.0,1.0,1.0,3.0,3.0,3.0,2.0,3.0,2.0,2.0,1.0,,,,,,,,,,,,1.0,1.0,,,,2.0,2.0,0.0,1.0,1.0,1.0,,,,,,,,,,,,,,,,,,,,,,,,,,,,,,,,,,,,,,,,,,,,,,,,,,,,,,,,,,,,,,,,,,,,,,,1.0,2.0,1.0,1.0,,,,,,,,,,,,,,,,,,,,,,,,,,,,,,,,,,,,,,,,,,,,,,,,,,,,,,,,,,,,,2.0,2.0,2.0,,,3.0,1.0,1.0,2.0,2.0,,,,,,,,,,,,,,,,,,,,,,,,,,,,,,,,,,,,,,,,,,,,,,,,,,,,,,2.0,,,,,,,,,,,,,,,,,,,,,,,,,,,,,,,,,,,,,,,,,,,,,,,,,,,,,,,,,,,,,,,,,,,,,,,,,,,,,,,,,,,,,,,,,,,,,,,,,,,,,,,,,,,,,,,,,,,,,,,,,,,,,,,,,,,,,,,,,,,,,,,,,,,,,,,,,,,
1902_unknown,,,,,,,,,,,0.0,0.0,0.0,0.0,0.0,0.0,0.0,8.0,6.0,0.0,0.0,1.0,1.0,8.0,0.0,5.0,10.0,13.0,15.0,0.0,0.0,0.0,0.0,0.0,0.0,8.0,11.0,13.0,6.0,0.0,13.0,8.0,7.0,0.0,0.0,0.0,3.0,7.0,6.0,4.0,0,9.0,8.0,6.0,6.0,0.0,3.0,0.0,0.0,2.0,10,2,9,12,3,8,8.0,4.0,0.0,0.0,8.0,6.0,0.0,10.0,11.0,6,8,4,7,6,2.0,3.0,0.0,0.0,10.0,11.0,8.0,13.0,13.0,13.0,8.0,10.0,9.0,6.0,6.0,0.0,0.0,11.0,8.0,0.0,14.0,12.0,12.0,1.0,3.0,0.0,10.0,0.0,0.0,7.0,5.0,7.0,8.0,8.0,8.0,8.0,12.0,6.0,0.0,0.0,5.0,14.0,15.0,5.0,7.0,8.0,3.0,3.0,0.0,11.0,8.0,2.0,2.0,4.0,1.0,3.0,5.0,4.0,3.0,3.0,3.0,5.0,0.0,6.0,6.0,6.0,5.0,4.0,6.0,0.0,,,,,0.0,3.0,1.0,1.0,2.0,0.0,0.0,5.0,0.0,0.0,0.0,0.0,0.0,0.0,1.0,0.0,0.0,1.0,,,1.0,1.0,0.0,,,,0.0,0.0,,0.0,,1.0,0.0,,,,,,,,,,,,,,,,,,,,,,,,,,,,,,,,1.0,1.0,,,,,,,,,0.0,0.0,0.0,,,,,,,,,,0.0,0.0,,,,,,,,,,0.0,0.0,,,,,,,,,,0.0,0.0,,,,,,,,,,0.0,,,,,,,,,,,,,,,,,,,,,,,,,,,,,,,,,,,,,,,,,,,,,,,,,,0.0,0.0,0.0,,,,,,,,,,,,,,,,,,,,,,,,,,,,,,,,,,,,,,,,,,,,,,,,,,,,,,,,,,,,,,,,,,,,,,,,,,,,,,,,,,,,,,,,,,,,,,,,,,,,,,,,,,,,,,,,,,,,,,,,,,,,,,,,,,,,,,,,,,,,,,,,,,,,,,,,,,,,,,,,,,,,,,,,,,,,,,,,,,,,,,,,,,,,,,,,,,,,,,,,,,,,,,,,,,,,,,,,,,,,,,,,,,,,,,,,,,,,,,,,,,,,,,,,,,,,,,,,,,,,,,,,,,,,,,,,,,,,,,,,,,,,,,,,,,,,,,,,,,,,,,,,,,,,,,,,,,,,,,,,,,,,,,,,,,,,,,,,,,,,,,,,,,,,,,,,,,,,,,,,,,,,,,,,,,,,,,,,,,,,,,,,,,,,,,,,,,,,,,,,,,,,,
1903_unknown,,3.0,6.0,3.0,4.0,4.0,7.0,5.0,5.0,6.0,3.0,3.0,7.0,5.0,6.0,6.0,0.0,8.0,6.0,7.0,8.0,1.0,1.0,0.0,0.0,5.0,10.0,13.0,15.0,11.0,0.0,0.0,0.0,0.0,3.0,8.0,11.0,12.0,6.0,3.0,0.0,0.0,0.0,0.0,0.0,5.0,3.0,0.0,6.0,4.0,8,0.0,0.0,0.0,0.0,0.0,3.0,6.0,2.0,4.0,0,0,0,0,3,9,0.0,0.0,0.0,0.0,8.0,6.0,7.0,0.0,0.0,6,8,4,7,6,0.0,3.0,4.0,1.0,3.0,11.0,6.0,11.0,3.0,13.0,8.0,11.0,0.0,10.0,6.0,6.0,4.0,11.0,8.0,5.0,12.0,12.0,13.0,1.0,0.0,11.0,10.0,6.0,2.0,7.0,6.0,7.0,6.0,8.0,5.0,8.0,12.0,6.0,0.0,0.0,5.0,14.0,14.0,5.0,6.0,8.0,3.0,3.0,0.0,11.0,8.0,3.0,2.0,4.0,1.0,3.0,4.0,2.0,3.0,3.0,3.0,5.0,2.0,0.0,0.0,6.0,5.0,0.0,6.0,8.0,,0.0,2.0,0.0,0.0,0.0,0.0,0.0,0.0,0.0,0.0,5.0,,3.0,3.0,1.0,1.0,0.0,0.0,0.0,0.0,0.0,,,,,,2.0,0.0,3.0,3.0,0.0,1.0,,4.0,1.0,2.0,2.0,1.0,,1.0,1.0,2.0,,,,,,,,,,,,,,,,,,,,,,,,,2.0,,,,,,,,,,,,,,,,,,,,,,,,,,,,,,,,,,,,,,,,,,,,,,,,,,,,,,,,,,,,,,,,,,1.0,,,,,,,,,,,,,,,,,,,3.0,,,,,,,,,,,,,,,,,,,,,0.0,0.0,0.0,,,,,,,,,,,1.0,0.0,,,,,,,,,,,,,,,,,,,,,,,,,,,,,,,,,,,,,,,,,,,,,,,,,,,,,,,,,,,,,,,,,,,,,,,,,,,,,,,,,,,,,,,,,,,,,,,,,,,,,,,,,,,,,,,,,,,,,,,,,,,,,,,,,,,,,,,,,,,,,,,,,,,,,,,,,,,,,,,,,,,,,,,,,,,,,,,,,,,,,,,,,,,,,,,,,,,,,,,,,,,,,,,,,,,,,,,,,,,,,,,,,,,,,,,,,,,,,,,,,,,,,,,,,,,,,,,,,,,,,,,,,,,,,,,,,,,,,,,,,,,,,,,,,,,,,,,,,,,,,,,,,,,,,,,,,,,,,,,,,,,,,,,,,,,,,,,,,,,,,,,,,,,,,,,,,,,,,,,,,,,,,,,,,,,,,,,,,,,,,,,,,,,,,,,,,
1904_kuemmel,,,,,,4.0,2.0,5.0,0.0,0.0,3.0,3.0,7.0,0.0,0.0,6.0,0.0,8.0,6.0,7.0,8.0,0.0,1.0,6.0,5.0,5.0,10.0,13.0,0.0,0.0,7.0,3.0,3.0,0.0,3.0,9.0,11.0,12.0,0.0,0.0,13.0,8.0,7.0,,0.0,5.0,3.0,7.0,6.0,0.0,0,0.0,0.0,6.0,,,,0.0,0.0,2.0,10,0,0,0,3,9,9.0,,,,,0.0,0.0,0.0,11.0,0,0,0,7,6,5.0,,,,0.0,0.0,0.0,0.0,0.0,0.0,0.0,11.0,9.0,6.0,,,,0.0,0.0,0.0,0.0,0.0,0.0,0.0,0.0,11.0,,,,0.0,0.0,0.0,0.0,0.0,0.0,6.0,0.0,,,,0.0,0.0,0.0,0.0,0.0,7.0,3.0,,,0.0,8.0,3.0,0.0,4.0,3.0,,5.0,2.0,3.0,0.0,3.0,5.0,2.0,,0.0,0.0,0.0,0.0,6.0,7.0,,,,1.0,4.0,3.0,1.0,,,,,0.0,,,,,,,,,,,,,,,,2.0,,0.0,3.0,0.0,0.0,,0.0,,,2.0,0.0,0.0,1.0,,,,,,,,,,,,,,,,0.0,,,,,,,,,,,0.0,,,,,,,,,,,,,,,,,,,,,,,,,,,,,,,,,,,,,,,,,,,,,,,,,,,,,,,,,,,,,,,,,,,,,,,,,,,,,,,,,,,,,,,,,,,,,,,,,,,,,,,,,,,,,,,,,,,,,,,,,,,,,,,,,,,,,,2.0,3.0,2.0,2.0,1.0,1.0,0.0,0.0,2.0,,,,,,,,,,,,,,,,,,,,,,,,,,,,,,,,,,,,,,,,,,,,,,,,,,,,,,,,,,,,,,,,,,,,,,,,,,,,,,,,,,,,,,,,,,,,,,,,,,,,,,,,,,,,,,,,,,,,,,,,,,,,,,,,,,,,,,,,,,,,,,,,,,,,,,,,,,,,,,,,,,,,,,,,,,,,,,,,,,,,,,,,,,,,,,,,,,,,,,,,,,,,,,,,,,,,,,,,,,,,,,,,,,,,,,,,,,,,,,,,,,,,,,,,,,,,,,,,,,,,,,,,,,,,,,,,,,,,,,,,,,,,,,,,,,,,,,,,,,,,,,,,,,,,,,,,,,,,,,,,,,,,,,,,,,,,,,,,,,,,,,,,,,,,,,,,,,,,,,,,,,,,,,,,,,,
1904_unknown,,,,,,4.0,2.0,5.0,5.0,6.0,3.0,3.0,7.0,5.0,5.0,7.0,3.0,8.0,9.0,7.0,8.0,1.0,2.0,5.0,4.0,5.0,10.0,0.0,15.0,11.0,7.0,3.0,,0.0,3.0,8.0,0.0,12.0,6.0,3.0,13.0,10.0,,,7.0,5.0,8.0,7.0,6.0,4.0,9,9.0,8.0,,,,,9.0,2.0,4.0,10,2,9,12,3,9,,,,,,6.0,7.0,10.0,11.0,6,8,2,7,6,,,,,10.0,10.0,8.0,11.0,3.0,13.0,0.0,0.0,0.0,,,,,12.0,8.0,5.0,12.0,12.0,0.0,1.0,3.0,,,,,9.0,5.0,7.0,6.0,8.0,8.0,6.0,,,,,5.0,13.0,14.0,5.0,7.0,8.0,,,,11.0,8.0,4.0,2.0,4.0,,,4.0,2.0,3.0,,,,,,6.0,7.0,5.0,4.0,6.0,8.0,,,,,,,,,,,,5.0,,,,,,,,,,,,,,,,2.0,,0.0,2.0,1.0,1.0,,4.0,,,2.0,1.0,,1.0,,,,,,,,,,,,,,,,1.0,,,,,,,,,,,1.0,,,,,,,,,,,,,,,,,,,,,,,,,,,,,,,,,,,,,,,,,,,,,,,,,,,,,,,,,,,,,,,,,,,,,,,,,,,,,,,,,,,,,,,,,,,,,,,,,,,,,,,,,,,,,,,,,,,,,,,,,,,,,,,,,,,,,,,,,,,,,,,,,,,,,,,,,,,,,,,,,,,,,,,,,,,,,,,,,,,,,,,,,,,,,,,,,,,,,,,,,,,,,,,,,,,,,,,,,,,,,,,,,,,,,,,,,,,,,,,,,,,,,,,,,,,,,,,,,,,,,,,,,,,,,,,,,,,,,,,,,,,,,,,,,,,,,,,,,,,,,,,,,,,,,,,,,,,,,,,,,,,,,,,,,,,,,,,,,,,,,,,,,,,,,,,,,,,,,,,,,,,,,,,,,,,,,,,,,,,,,,,,,,,,,,,,,,,,,,,,,,,,,,,,,,,,,,,,,,,,,,,,,,,,,,,,,,,,,,,,,,,,,,,,,,,,,,,,,,,,,,,,,,,,,,,,,,,,,,,,,,,,,,,,,,,,,,,,,,,,,,,,,,,,,,,,,
1905_schick,3.0,4.0,6.0,0.0,0.0,4.0,7.0,5.0,5.0,0.0,0.0,3.0,7.0,7.0,0.0,0.0,3.0,8.0,6.0,3.0,8.0,8.0,1.0,0.0,5.0,5.0,10.0,14.0,15.0,14.0,7.0,3.0,3.0,0.0,3.0,9.0,10.0,15.0,6.0,3.0,13.0,0.0,7.0,3.0,0.0,5.0,2.0,7.0,8.0,4.0,9,7.0,0.0,6.0,4.0,4.0,2.0,6.0,0.0,2.0,10,2,0,0,0,0,0.0,0.0,5.0,2.0,6.0,6.0,7.0,10.0,11.0,6,8,4,0,0,2.0,5.0,3.0,0.0,3.0,10.0,6.0,13.0,3.0,13.0,8.0,11.0,9.0,10.0,5.0,6.0,0.0,12.0,8.0,5.0,12.0,12.0,11.0,3.0,3.0,11.0,10.0,0.0,0.0,7.0,5.0,7.0,6.0,7.0,5.0,6.0,11.0,4.0,2.0,0.0,7.0,13.0,14.0,5.0,8.0,7.0,2.0,3.0,3.0,8.0,8.0,3.0,2.0,4.0,3.0,2.0,5.0,4.0,3.0,3.0,3.0,5.0,0.0,6.0,6.0,7.0,5.0,4.0,6.0,0.0,1.0,0.0,0.0,0.0,0.0,0.0,1.0,0.0,2.0,4.0,2.0,5.0,,0.0,0.0,0.0,0.0,0.0,0.0,1.0,0.0,0.0,0.0,0.0,0.0,,,2.0,3.0,7.0,3.0,0.0,1.0,1.0,2.0,1.0,2.0,2.0,1.0,1.0,1.0,2.0,4.0,2.0,2.0,2.0,1.0,0.0,0.0,0.0,1.0,1.0,1.0,1.0,1.0,1.0,1.0,,0.0,2.0,1.0,1.0,2.0,1.0,1.0,1.0,0.0,0.0,,,1.0,1.0,1.0,0.0,1.0,1.0,0.0,0.0,,,,,2.0,2.0,2.0,0.0,1.0,2.0,0.0,0.0,,,,,2.0,1.0,1.0,1.0,1.0,1.0,1.0,,,,,2.0,1.0,2.0,1.0,1.0,1.0,1.0,,,,,1.0,1.0,1.0,1.0,1.0,1.0,4.0,,,,1.0,3.0,1.0,1.0,1.0,1.0,2.0,,,,1.0,2.0,2.0,1.0,3.0,3.0,3.0,,,1.0,2.0,3.0,1.0,2.0,1.0,3.0,4.0,,,1.0,3.0,2.0,2.0,3.0,3.0,1.0,1.0,0.0,,1.0,2.0,2.0,1.0,2.0,1.0,1.0,2.0,2.0,0.0,0.0,0.0,,1.0,2.0,1.0,2.0,1.0,2.0,2.0,3.0,1.0,2.0,0.0,0.0,0.0,,1.0,2.0,3.0,2.0,1.0,2.0,2.0,2.0,2.0,2.0,3.0,2.0,2.0,2.0,3.0,2.0,2.0,2.0,2.0,1.0,1.0,2.0,2.0,2.0,1.0,2.0,2.0,2.0,2.0,2.0,2.0,2.0,1.0,1.0,1.0,2.0,1.0,2.0,2.0,2.0,2.0,2.0,2.0,2.0,2.0,1.0,0.0,1.0,1.0,1.0,1.0,1.0,2.0,2.0,2.0,1.0,2.0,3.0,2.0,1.0,2.0,2.0,1.0,2.0,2.0,2.0,2.0,2.0,2.0,2.0,2.0,1.0,3.0,3.0,1.0,2.0,2.0,4.0,2.0,2.0,1.0,2.0,2.0,2.0,3.0,2.0,2.0,1.0,3.0,3.0,2.0,1.0,1.0,1.0,1.0,1.0,3.0,4.0,2.0,2.0,1.0,3.0,1.0,2.0,1.0,2.0,1.0,2.0,1.0,1.0,3.0,1.0,2.0,1.0,1.0,1.0,1.0,1.0,1.0,3.0,1.0,1.0,2.0,2.0,2.0,3.0,1.0,3.0,1.0,1.0,1.0,1.0,1.0,1.0,1.0,2.0,1.0,1.0,1.0,,,,,,,,,,,,,,,,,,,,,,,,,,,,,,,,3.0,1.0,2.0,3.0,1.0,1.0,2.0,2.0,2.0,2.0,1.0,,2.0,1.0,1.0,1.0,1.0,2.0,2.0,3.0,1.0,2.0,2.0,1.0,2.0,2.0,1.0,1.0,1.0,1.0,1.0,1.0,1.0,2.0,2.0,2.0,2.0,2.0,2.0,3.0,2.0,1.0,1.0,1.0,1.0,1.0,2.0,0.0,1.0,1.0,1.0,2.0,1.0,1.0,1.0,0.0,0.0,0.0,1.0,1.0,0.0,0.0,0.0,0.0,0.0,,,,,,,,,1.0,1.0,,,,,,,,,,,,,,,,,,,,,,,,,,,,,,,,,,,,,,,,,,,,,,,,,,,,,,,,,,,,,,,,,,,,,,,,,,,,,,,,,,,,,,,,,,,,,,,,,,,,,,,,,,,,,,,,,,,,,,,,,,,,,,,,,,,,,,,,,,,,,,,,
1905_unknown,,,,,,0.0,0.0,0.0,0.0,0.0,3.0,3.0,0.0,0.0,6.0,6.0,,8.0,6.0,0.0,0.0,1.0,1.0,8.0,,5.0,10.0,0.0,0.0,11.0,5.0,7.0,3.0,,,8.0,11.0,0.0,0.0,3.0,13.0,7.0,3.0,,,4.0,3.0,7.0,6.0,4.0,9,8.0,3.0,9.0,,,,,2.0,4.0,6,6,9,12,3,9,4.0,,,,,,7.0,10.0,11.0,6,8,4,7,6,8.0,,,,,10.0,8.0,0.0,3.0,13.0,8.0,0.0,9.0,10.0,,,,11.0,8.0,5.0,12.0,9.0,13.0,1.0,3.0,11.0,,,,7.0,7.0,12.0,6.0,8.0,8.0,14.0,7.0,,,,5.0,14.0,9.0,8.0,7.0,11.0,,,,12.0,10.0,3.0,2.0,,,,5.0,2.0,3.0,,,,,,6.0,7.0,4.0,8.0,5.0,8.0,,,,,,,,,,,,6.0,,,,,,,,,,,,,,,,,,,,,,,,,,,,,,,,,,,,,,,,,,,,,,,,,,,,,,,,,,,,,,,,,,,,,,,,,,,,,,,,,,,,,,,,,,,,,,,,,,,,,,,,,,,,,,,,,,,,,,,,,,,,,,,,,,,,,,,,,,,,,,,,,,,,,,,,,,,,,,,,,,,,,,,,,,,,,,,,,,,,,,,,,,,,,,,,,,,,,,,,,,,,,,,,,,,,,,,,,,,,,,,,,,,,,,,,,,,,,,,,,,,,,,,,,,,,,,,,,,,,,,,,,,,,,,,,,,,,,,,,,,,,,,,,,,,,,,,,,,,,,,,,,,,,,,,,,,,,,,,,,,,,,,,,,,,,,,,,,,,,,,,,,,,,,,,,,,,,,,,,,,,,,,,,,,,,,,,,,,,,,,,,,,,,,,,,,,,,,,,,,,,,,,,,,,,,,,,,,,,,,,,,,,,,,,,,,,,,,,,,,,,,,,,,,,,,,,,,,,,,,,,,,,,,,,,,,,,,,,,,,,,,,,,,,,,,,,,,,,,,,,,,,,,,,,,,,,,,,,,,,,,,,,,,,,,,,,,,,,,,,,,,,,,,,,,,,,,,,,,,,,,,,,,,,
1906_hanauer,,,0.0,0.0,4.0,4.0,2.0,5.0,5.0,6.0,3.0,3.0,7.0,6.0,6.0,6.0,3.0,8.0,9.0,3.0,5.0,8.0,4.0,8.0,5.0,5.0,9.0,14.0,13.0,14.0,7.0,3.0,3.0,2.0,3.0,8.0,11.0,12.0,6.0,2.0,13.0,8.0,4.0,3.0,7.0,5.0,7.0,6.0,6.0,4.0,9,7.0,8.0,6.0,4.0,4.0,2.0,8.0,2.0,2.0,6,1,9,12,3,8,5.0,3.0,5.0,6.0,6.0,6.0,7.0,10.0,11.0,6,0,4,7,6,3.0,5.0,7.0,3.0,3.0,10.0,6.0,11.0,3.0,13.0,0.0,0.0,9.0,6.0,6.0,3.0,3.0,12.0,8.0,5.0,14.0,12.0,0.0,0.0,3.0,11.0,10.0,4.0,2.0,6.0,7.0,5.0,6.0,8.0,12.0,4.0,12.0,4.0,2.0,1.0,9.0,13.0,14.0,2.0,2.0,3.0,3.0,3.0,3.0,11.0,8.0,7.0,9.0,1.0,2.0,3.0,4.0,2.0,3.0,4.0,2.0,2.0,,6.0,6.0,7.0,6.0,8.0,4.0,7.0,,,,,,,1.0,,3.0,4.0,3.0,3.0,2.0,1.0,1.0,2.0,2.0,1.0,1.0,1.0,0.0,0.0,,,,,-1.0,2.0,4.0,7.0,3.0,1.0,4.0,1.0,3.0,1.0,2.0,2.0,2.0,1.0,4.0,2.0,4.0,2.0,2.0,2.0,2.0,2.0,2.0,2.0,1.0,1.0,1.0,1.0,1.0,1.0,1.0,,2.0,2.0,1.0,1.0,2.0,1.0,1.0,0.0,0.0,2.0,,,1.0,0.0,0.0,1.0,1.0,1.0,1.0,0.0,-1.0,,,,2.0,2.0,2.0,1.0,1.0,2.0,1.0,1.0,-1.0,-1.0,-1.0,,2.0,1.0,1.0,1.0,1.0,1.0,1.0,-1.0,-1.0,1.0,,2.0,1.0,2.0,1.0,1.0,3.0,3.0,2.0,1.0,1.0,,1.0,1.0,1.0,3.0,2.0,2.0,2.0,1.0,1.0,,1.0,1.0,2.0,-1.0,-1.0,2.0,2.0,2.0,1.0,,1.0,1.0,1.0,2.0,1.0,2.0,3.0,1.0,,1.0,3.0,2.0,1.0,2.0,3.0,3.0,4.0,1.0,,1.0,1.0,1.0,1.0,2.0,1.0,1.0,1.0,1.0,,1.0,2.0,2.0,1.0,1.0,1.0,1.0,2.0,1.0,0.0,0.0,1.0,,1.0,1.0,1.0,2.0,1.0,1.0,1.0,4.0,1.0,2.0,1.0,0.0,1.0,,1.0,2.0,3.0,1.0,1.0,1.0,3.0,3.0,2.0,2.0,3.0,2.0,2.0,1.0,1.0,1.0,1.0,2.0,2.0,1.0,1.0,2.0,2.0,2.0,1.0,2.0,2.0,2.0,2.0,2.0,2.0,2.0,2.0,1.0,1.0,1.0,2.0,0.0,2.0,1.0,4.0,2.0,2.0,2.0,2.0,0.0,0.0,1.0,0.0,0.0,1.0,1.0,2.0,2.0,2.0,1.0,1.0,1.0,2.0,1.0,2.0,2.0,1.0,2.0,2.0,2.0,2.0,0.0,2.0,2.0,2.0,2.0,3.0,3.0,2.0,2.0,2.0,3.0,2.0,0.0,1.0,2.0,2.0,2.0,3.0,1.0,2.0,1.0,2.0,2.0,2.0,1.0,1.0,1.0,1.0,1.0,1.0,4.0,2.0,2.0,1.0,3.0,1.0,2.0,1.0,3.0,1.0,2.0,1.0,1.0,0.0,0.0,1.0,1.0,0.0,0.0,0.0,1.0,1.0,2.0,0.0,0.0,2.0,2.0,2.0,3.0,1.0,2.0,0.0,1.0,1.0,1.0,1.0,1.0,,,,1.0,1.0,,,,,,,,,,,,,,,,,,,,,,,,,,,,,,,,,,,,,1.0,2.0,2.0,2.0,2.0,0.0,,,,,,,,,,,,,,,,,,,,,,,,,,,,,,,,,,,,,,,,,,,,,,,,,,,,,1.0,,,,,,,,,,,,0.0,-1.0,,,,,,,,,,,,,,,,,,,,,,,,,,,,,,,,,,,,,,,,,,,,,,,,,,,,,,,,,,,,,,,,,,,,,,,,,,,,,,,,,,,,,,,,,,,,,,,,,,,,,,,,,,,,,,,,,,,,,,,,,,,,,,,,,,,,,,,,,,,,,,
1906_unknown,,,,,,,,,,,,,,5.0,6.0,6.0,,8.0,9.0,6.0,8.0,1.0,1.0,0.0,5.0,5.0,9.0,13.0,15.0,12.0,0.0,3.0,3.0,1.0,3.0,8.0,11.0,12.0,0.0,0.0,13.0,8.0,7.0,3.0,7.0,5.0,3.0,7.0,6.0,4.0,8,9.0,8.0,6.0,4.0,,2.0,6.0,2.0,4.0,6,6,9,14,3,9,9.0,5.0,,,6.0,6.0,7.0,10.0,11.0,6,0,4,7,6,2.0,5.0,,,3.0,10.0,6.0,11.0,3.0,13.0,0.0,9.0,9.0,0.0,6.0,,,12.0,8.0,5.0,12.0,12.0,0.0,0.0,0.0,0.0,0.0,,,6.0,8.0,7.0,5.0,8.0,5.0,8.0,12.0,,,,,,,,,,,,,,,,,,,,,,,,,,,8.0,7.0,7.0,,,,,,,,,,,1.0,,3.0,,,,,,,,,,,,,,,,,,,,3.0,8.0,,,,1.0,,,,,,,,,,,,,,,,,,,,,,,,,,,,,,,,,,,,,,,,,,,,,,,,,,,,,,,,,,,,,,,,,,,,,,,,,,,,,,,,,,,,,,,,,,,,,,,,,,,,,,,,,,,,,,,,,,,,,,,4.0,,,,,,,,,,,,,,,,,,,,,,,,,,,,,,,,,,,,,,,,,,,,,,,,,,,,,,,,,,,,,,,,,,,,,,,,,,,,,,,,,,,,,,,,,,,,,,,,,,,,,,,,,,,,,,,,,,,,,,,,,,,,,,,,,,,,,,,,,,,,,,,,,,,,,,,,,,,,,,,,,,,,,,,,,,,,,,,,,,,,,,,,,,,,,,,,,,,,,,,,,,,,,,,,,,,,,,,,,,,,,,,,,,,,,,,,,,,,,,,,,,,,,,,,,,,,,,,,,,,,,,,,,,,,,,,,,,,,,,,,,,,,,,,,,,,,,,,,,,,,,,,,,,,,,,,,,,,,,,,,,,,,,,,,,,,,,,,,,,,,,,,,,,,,,,,,,,,,,,,,,,,,,,,,,,,,,,,,,,,,,,,,,,,,,,,,,,,,,,,,,,,,,,,,,,,,,,,,,,,,,,,,,,,,
1907_unknown,,,,,,,,,,,,,,,,,,,,,,,,,,,,,,,,,,,,8.0,11.0,12.0,6.0,3.0,13.0,10.0,,,,,3.0,7.0,6.0,4.0,0,0.0,8.0,6.0,,,,,2.0,4.0,6,2,9,12,3,9,5.0,,,,,6.0,7.0,10.0,11.0,0,0,0,7,6,2.0,,,,3.0,11.0,8.0,13.0,3.0,0.0,8.0,11.0,9.0,6.0,,,,0.0,8.0,5.0,14.0,12.0,0.0,1.0,3.0,11.0,,,,8.0,5.0,7.0,6.0,8.0,5.0,6.0,12.0,,,,,,,,,,,,,,,,,,,,,,,,,,,,6.0,0.0,,,,,,,,,,,,,,,,,,,,,,,,,,,,,,,,,,0.0,,,,,,,,,,,,,,,,,,,,,,,,,,,,,,,,,,,,,,,,,,,,,,,,,,,,,,,,,,,,,,,,,,,,,,,,,,,,,,,,,,,,,,,,,,,,,,,,,,,,,,,,,,,,,,,,,,,,,,,,,,,,,,,,,,,,,,,,,,,,,,,,,,,,,,,,,,,,,,,,,,,,,,,,,,,,,,,,,,,,,,,,,,,,,,,,,,,,,,,,,,,,,,,,,,,,,,,,,,,,,,,,,,,,,,,,,,,,,,,,,,,,,,,,,,,,,,,,,,,,,,,,,,,,,,,,,,,,,,,,,,,,,,,,,,,,,,,,,,,,,,,,,,,,,,,,,,,,,,,,,,,,,,,,,,,,,,,,,,,,,,,,,,,,,,,,,,,,,,,,,,,,,,,,,,,,,,,,,,,,,,,,,,,,,,,,,,,,,,,,,,,,,,,,,,,,,,,,,,,,,,,,,,,,,,,,,,,,,,,,,,,,,,,,,,,,,,,,,,,,,,,,,,,,,,,,,,,,,,,,,,,,,,,,,,,,,,,,,,,,,,,,,,,,,,,,,,,,,,,,,,,,,,,,,,,,,,,,,,,,,,,,,,,,,,,
1907_unknown_2,2.0,4.0,6.0,5.0,4.0,4.0,5.0,5.0,5.0,4.0,3.0,1.0,7.0,7.0,6.0,6.0,4.0,7.0,7.0,7.0,8.0,1.0,1.0,6.0,4.0,4.0,10.0,13.0,15.0,11.0,7.0,3.0,2.0,1.0,3.0,8.0,11.0,13.0,6.0,3.0,13.0,8.0,7.0,3.0,7.0,5.0,3.0,7.0,6.0,4.0,8,9.0,8.0,6.0,4.0,4.0,2.0,9.0,2.0,2.0,10,1,9,12,3,8,8.0,4.0,1.0,2.0,6.0,6.0,7.0,10.0,11.0,6,8,1,7,0,2.0,5.0,3.0,0.0,10.0,11.0,8.0,11.0,3.0,12.0,3.0,11.0,9.0,0.0,6.0,6.0,2.0,11.0,0.0,0.0,12.0,12.0,11.0,1.0,3.0,11.0,10.0,0.0,2.0,0.0,0.0,7.0,6.0,8.0,5.0,6.0,0.0,0.0,0.0,0.0,7.0,13.0,14.0,5.0,0.0,0.0,0.0,0.0,0.0,11.0,8.0,4.0,0.0,0.0,0.0,0.0,5.0,2.0,3.0,3.0,3.0,5.0,2.0,6.0,6.0,5.0,4.0,9.0,6.0,8.0,1.0,2.0,2.0,1.0,4.0,3.0,1.0,1.0,3.0,4.0,0.0,6.0,2.0,0.0,3.0,1.0,1.0,0.0,1.0,0.0,0.0,1.0,1.0,2.0,1.0,1.0,2.0,2.0,4.0,0.0,3.0,1.0,1.0,1.0,4.0,1.0,0.0,2.0,1.0,2.0,1.0,1.0,3.0,,2.0,2.0,1.0,,,,,,,1.0,1.0,1.0,1.0,1.0,,,,,,0.0,1.0,0.0,1.0,1.0,1.0,1.0,,,,0.0,0.0,0.0,0.0,0.0,1.0,1.0,0.0,0.0,,,0.0,0.0,0.0,0.0,0.0,1.0,0.0,1.0,1.0,1.0,,,0.0,0.0,0.0,0.0,1.0,1.0,1.0,1.0,1.0,,,0.0,0.0,0.0,2.0,1.0,1.0,2.0,1.0,1.0,,,0.0,0.0,0.0,0.0,2.0,0.0,1.0,1.0,,,,0.0,0.0,0.0,2.0,1.0,1.0,1.0,,,,0.0,0.0,0.0,2.0,2.0,1.0,,,,0.0,0.0,0.0,0.0,0.0,1.0,1.0,,,,0.0,0.0,0.0,0.0,0.0,1.0,,,,,0.0,0.0,0.0,0.0,0.0,0.0,0.0,0.0,0.0,,,,,0.0,0.0,0.0,0.0,4.0,0.0,0.0,0.0,0.0,0.0,,,,0.0,0.0,0.0,0.0,0.0,0.0,3.0,2.0,3.0,2.0,2.0,1.0,1.0,1.0,2.0,2.0,0.0,0.0,0.0,0.0,0.0,0.0,,0.0,0.0,0.0,0.0,0.0,0.0,2.0,2.0,1.0,1.0,1.0,0.0,2.0,2.0,1.0,,,,,0.0,0.0,0.0,0.0,0.0,0.0,0.0,0.0,0.0,2.0,2.0,2.0,1.0,1.0,0.0,,,,,,,,,,,,,,,,,,,,,,,,,,,,,,,,,,,,,,,,,,,,,,,,,1.0,,,,,,,,,,,,,,,,,,,,,,,,,,,,,,,,,,,,,,,,,,,,,,,,,,,,,,,,,,,,,,,,2.0,1.0,1.0,2.0,,,,2.0,,,,,,,,,,,,,,,,,,,,,,,,,,,,2.0,3.0,,,,,,,,,,,,,,,,,,,,,,,,,,,1.0,,,,,,,,,,,,,,,,,,,,,,,,,,,,,,,,,,,,,,,,,,,,,,,,,,,,,,,,,,,,,,,,,,,,,,,,,,,,,,,,,,,,,,,,,,,,,,,,,,,,,,,,,,,,,,,,,,,,,,,,,,,,,,,,,,,,,,,,,,,,,,,,,,,,,,,,,,
1907_unknown_3,,,,,,,,,,,,,,,,,,6.0,7.0,7.0,8.0,1.0,2.0,5.0,,4.0,7.0,13.0,15.0,11.0,4.0,3.0,3.0,,3.0,8.0,11.0,12.0,6.0,4.0,3.0,8.0,7.0,3.0,,5.0,3.0,7.0,6.0,4.0,7,10.0,1.0,3.0,4.0,4.0,,,3.0,3.0,10,2,9,13,2,10,7.0,2.0,3.0,2.0,,,7.0,4.0,11.0,2,8,1,9,6,2.0,4.0,1.0,4.0,,11.0,6.0,11.0,3.0,13.0,13.0,10.0,3.0,6.0,6.0,6.0,3.0,11.0,8.0,4.0,12.0,12.0,12.0,4.0,2.0,11.0,7.0,4.0,,9.0,6.0,7.0,6.0,16.0,3.0,6.0,12.0,,,,,,,,,,,,,,,,,,,,,,,,,,,,11.0,7.0,,,,,,,,,,,,,,,,,,,,,,,,,,,,,,,,,,8.0,,,,,,,,,,,,,,,,,,,,,,,,,,,,,,,,,,,,,,,,,,,,,,,,,,,,,,,,,,,,,,,,,,,,,,,,,,,,,,,,,,,,,,,,,,,,,,,,,,,,,,,,,,,,,,,,,,,,,,,,,,,,,,,,,,,,,,,,,,,,,,,,,,,,,,,,,,,,,,,,,,,,,,,,,,,,,,,,,,,,,,,,,,,,,,,,,,,,,,,,,,,,,,,,,,,,,,,,,,,,,,,,,,,,,,,,,,,,,,,,,,,,,,,,,,,,,,,,,,,,,,,,,,,,,,,,,,,,,,,,,,,,,,,,,,,,,,,,,,,,,,,,,,,,,,,,,,,,,,,,,,,,,,,,,,,,,,,,,,,,,,,,,,,,,,,,,,,,,,,,,,,,,,,,,,,,,,,,,,,,,,,,,,,,,,,,,,,,,,,,,,,,,,,,,,,,,,,,,,,,,,,,,,,,,,,,,,,,,,,,,,,,,,,,,,,,,,,,,,,,,,,,,,,,,,,,,,,,,,,,,,,,,,,,,,,,,,,,,,,,,,,,,,,,,,,,,,,,,,,,,,,,,,,,,,,,,,,,,,,,,,,,,,,,,,,
1907_unknown_4,,,,,,,,,,,1.0,3.0,7.0,7.0,6.0,6.0,3.0,8.0,9.0,7.0,8.0,1.0,1.0,0.0,5.0,5.0,10.0,13.0,15.0,12.0,7.0,3.0,0.0,0.0,3.0,8.0,11.0,12.0,6.0,1.0,13.0,8.0,7.0,3.0,0.0,5.0,8.0,0.0,0.0,4.0,8,9.0,7.0,6.0,4.0,,2.0,9.0,3.0,4.0,6,0,0,14,3,9,9.0,0.0,,,6.0,6.0,7.0,10.0,11.0,6,8,4,5,6,0.0,0.0,,,8.0,10.0,6.0,11.0,3.0,13.0,7.0,10.0,9.0,10.0,5.0,,,12.0,8.0,5.0,12.0,12.0,12.0,6.0,3.0,11.0,6.0,,,6.0,8.0,7.0,5.0,8.0,8.0,7.0,10.0,,,,9.0,14.0,16.0,5.0,8.0,8.0,,,,,,,,,,,,,,,,,,6.0,6.0,7.0,4.0,,,,,,,,,,1.0,,3.0,,,8.0,,,,,,,,,,,,,,,,,2.0,8.0,3.0,1.0,,1.0,4.0,,,,,,,,,,,,,,,,,,,,,,,,,,,,,,,,,0.0,,,,,,,,,,,,,,,,,,,,,,,,,,,,,,,,,,,,,,,,,,,,,,,,,,,,,,,,,,,,,,,,,,,,,,,,,,,,,,,,,,,,,4.0,,,,,,,,,,,,,,,,,,,,,,,,,,,,,,,,,,,,,,,,,,,,,,,,,,,,,,,,,,,,,,,,,,,,,,,,,,,,,,,,,,,,,,,,,,,,,,,,,,,,,,,,,,,,,,,,,,,,,,,,,,,,,,,,,,,,,,,,,,,,,,,,,,,,,,,,,,,,,,,,,,,,,,,,,,,,,,,,,,,,,,,,,,,,,,,,,,,,,,,,,,,,,,,,,,,,,,,,,,,,,,,,,,,,,,,,,,,,,,,,,,,,,,,,,,,,,,,,,,,,,,,,,,,,,,,,,,,,,,,,,,,,,,,,,,,,,,,,,,,,,,,,,,,,,,,,,,,,,,,,,,,,,,,,,,,,,,,,,,,,,,,,,,,,,,,,,,,,,,,,,,,,,,,,,,,,,,,,,,,,,,,,,,,,,,,,,,,,,,,,,,,,,,,,,,,,,,,,,,,,,,,,,,,,
1911_vincent,3.0,4.0,5.0,3.0,4.0,3.0,2.0,7.0,3.0,2.0,3.0,3.0,7.0,5.0,2.0,2.0,3.0,8.0,6.0,6.0,8.0,7.0,2.0,8.0,4.0,4.0,8.0,14.0,13.0,8.0,5.0,5.0,4.0,2.0,3.0,8.0,10.0,7.0,1.0,10.0,7.0,10.0,2.0,4.0,7.0,5.0,3.0,8.0,1.0,13.0,3,3.0,8.0,1.0,-1.0,-1.0,4.0,8.0,6.0,5.0,10,5,5,9,10,3,6.0,4.0,5.0,1.0,5.0,8.0,4.0,8.0,11.0,6,8,6,2,8,5.0,4.0,4.0,2.0,5.0,10.0,6.0,12.0,6.0,2.0,3.0,11.0,8.0,6.0,5.0,6.0,2.0,12.0,8.0,5.0,13.0,9.0,3.0,3.0,3.0,11.0,10.0,6.0,2.0,1.0,6.0,13.0,4.0,12.0,5.0,11.0,8.0,5.0,3.0,1.0,7.0,8.0,18.0,5.0,7.0,8.0,1.0,1.0,3.0,8.0,7.0,4.0,10.0,2.0,1.0,3.0,4.0,2.0,4.0,2.0,3.0,2.0,1.0,9.0,7.0,6.0,6.0,5.0,6.0,7.0,1.0,2.0,1.0,3.0,2.0,2.0,1.0,1.0,3.0,1.0,,3.0,,3.0,3.0,1.0,1.0,1.0,1.0,1.0,1.0,1.0,2.0,2.0,1.0,,,1.0,4.0,5.0,3.0,1.0,4.0,1.0,3.0,1.0,2.0,2.0,2.0,3.0,3.0,2.0,4.0,1.0,1.0,1.0,2.0,1.0,1.0,1.0,1.0,1.0,1.0,1.0,1.0,1.0,1.0,,1.0,1.0,1.0,1.0,2.0,1.0,1.0,1.0,1.0,2.0,,,1.0,1.0,1.0,1.0,1.0,1.0,1.0,1.0,,,,,2.0,2.0,2.0,1.0,1.0,2.0,1.0,1.0,,,,,2.0,1.0,1.0,1.0,1.0,1.0,1.0,,,,,2.0,1.0,2.0,1.0,1.0,3.0,3.0,,,,,1.0,1.0,1.0,1.0,1.0,1.0,3.0,,,,1.0,3.0,1.0,2.0,2.0,1.0,1.0,,,,1.0,2.0,2.0,1.0,3.0,3.0,3.0,,,1.0,2.0,3.0,1.0,2.0,1.0,3.0,4.0,,,1.0,1.0,2.0,2.0,3.0,2.0,1.0,2.0,1.0,,2.0,2.0,2.0,1.0,2.0,1.0,1.0,2.0,2.0,1.0,1.0,1.0,,1.0,1.0,1.0,1.0,1.0,2.0,3.0,3.0,1.0,2.0,1.0,1.0,1.0,,1.0,2.0,3.0,2.0,1.0,2.0,2.0,2.0,2.0,1.0,1.0,2.0,2.0,1.0,2.0,2.0,2.0,2.0,2.0,2.0,2.0,2.0,2.0,2.0,1.0,2.0,2.0,2.0,1.0,3.0,1.0,1.0,2.0,2.0,2.0,2.0,2.0,1.0,2.0,2.0,4.0,2.0,2.0,3.0,1.0,2.0,2.0,2.0,1.0,1.0,2.0,3.0,1.0,1.0,1.0,2.0,2.0,3.0,2.0,1.0,2.0,1.0,2.0,2.0,2.0,2.0,2.0,2.0,1.0,1.0,1.0,2.0,2.0,3.0,2.0,2.0,2.0,3.0,1.0,1.0,2.0,2.0,2.0,2.0,2.0,3.0,2.0,1.0,3.0,3.0,1.0,2.0,2.0,2.0,3.0,1.0,1.0,3.0,1.0,1.0,2.0,2.0,1.0,1.0,2.0,1.0,1.0,2.0,2.0,2.0,2.0,1.0,2.0,,1.0,1.0,1.0,1.0,2.0,2.0,1.0,1.0,2.0,2.0,2.0,2.0,1.0,3.0,0.0,1.0,1.0,1.0,1.0,1.0,1.0,1.0,2.0,2.0,,,,,1.0,1.0,1.0,1.0,1.0,1.0,1.0,1.0,1.0,,,,,1.0,1.0,1.0,1.0,1.0,1.0,,,,,1.0,1.0,1.0,1.0,1.0,1.0,1.0,2.0,2.0,2.0,2.0,2.0,3.0,1.0,2.0,1.0,1.0,2.0,1.0,1.0,,,1.0,3.0,3.0,3.0,1.0,2.0,1.0,2.0,2.0,1.0,1.0,1.0,1.0,,,,1.0,1.0,1.0,2.0,2.0,2.0,2.0,1.0,1.0,1.0,1.0,1.0,1.0,2.0,,,,2.0,1.0,1.0,1.0,1.0,1.0,2.0,,,2.0,1.0,1.0,,1.0,1.0,,,,,,,2.0,1.0,1.0,1.0,,,1.0,1.0,1.0,,,,,,,,,,,,,,,,,,,,,,,,,,,,,,,,,,,,,,,,,,,,,,,,,,,,,,,,,,,,,,,,,,,,,,,,,,,,,,,,,,,,,,,,,,,,,,,,,,,,,,,,,,,,,,,,,,,,,,,,,,,,,,,,,,,,,,,,,,,
1912_conder,,,,,,,,,,,3.0,3.0,7.0,5.0,6.0,0.0,3.0,8.0,9.0,7.0,8.0,1.0,1.0,6.0,5.0,5.0,10.0,13.0,15.0,11.0,7.0,3.0,0.0,1.0,3.0,8.0,11.0,12.0,6.0,3.0,13.0,8.0,7.0,3.0,7.0,5.0,3.0,8.0,6.0,4.0,8,7.0,0.0,6.0,6.0,2.0,2.0,8.0,2.0,2.0,10,2,9,14,3,0,9.0,4.0,1.0,2.0,6.0,8.0,7.0,10.0,11.0,6,8,4,7,6,2.0,4.0,4.0,4.0,3.0,10.0,8.0,11.0,3.0,13.0,8.0,10.0,9.0,6.0,6.0,3.0,3.0,0.0,0.0,5.0,0.0,0.0,13.0,1.0,3.0,11.0,7.0,6.0,2.0,0.0,0.0,7.0,8.0,8.0,5.0,0.0,11.0,4.0,2.0,1.0,5.0,14.0,14.0,5.0,8.0,7.0,3.0,3.0,3.0,11.0,8.0,4.0,2.0,4.0,2.0,3.0,4.0,2.0,3.0,3.0,0.0,5.0,0.0,6.0,6.0,6.0,4.0,7.0,6.0,7.0,,,,,4.0,,1.0,,0.0,3.0,3.0,6.0,,,,,,,,,,,,,,,,1.0,4.0,7.0,3.0,1.0,3.0,1.0,4.0,1.0,,,3.0,3.0,3.0,,,,,,,,,,,,,,,,,,,,,,,,,,,,,,,,,,,,,,,,,,,,,,,,,,,,,,,,,,,,,,,,,,,,,,,,,,,,,,,,,,,,,,,,,,,,,,,,,,,,,,,,,,,,,,,,4.0,,,,,,,,,,2.0,,,,,,,,,,2.0,,,,,,,,,,,,,2.0,,,,,,,,,,,,,,,,,,,,,,,,,,,,,,,,,,,,,,,,,,,,,,,,,,,,,,,,,,,,,,,,,,,,,,,,,,,,,,,,,,,,,,,,,,,,,,,,,,,,,,,,,,,,,,,,,,,,,,,,,,,,,,,,,,,,,,,,,,,,,,,,,,,,,,,,,,,,,,,,,,,,,,,,,,,,,,,,,,,,,,,,,,,,,,,,,,,,,,,,,,,,,,,,,,,,,,,,,,,,,,,,,,,,,,,,,,,,,,,,,,,,,,,,,,,,,,,,,,,,,,,,,,,,,,,,,,,,,,,,,,,,,,,,,,,,,,,,,,,,,,,,,,,,,,,,,,,,,,,,,,,,,,,,,,,,,,,,,,,,,,,,,,,,,,,,,,,,,,,,,,,,,,,,,,,,,,,,,,,,,,,,,,,,,,,,,,,
1912_ruze,,,,,,,,,,,,,,,,,,,6.0,7.0,0.0,1.0,1.0,8.0,,,10.0,13.0,15.0,11.0,7.0,3.0,,,,,11.0,13.0,6.0,3.0,13.0,8.0,,,,,,7.0,6.0,4.0,8,9.0,0.0,,,,,,,2.0,6,6,9,0,0,0,,,,,,,,5.0,11.0,6,8,4,7,0,,,,,,,9.0,11.0,3.0,13.0,8.0,11.0,0.0,,,,,,,2.0,14.0,12.0,13.0,0.0,3.0,,,,,,5.0,7.0,6.0,8.0,5.0,6.0,,,,,,,,,,,,,,,,,,,,,,,,,,,,,,,,,,,,,,,,,,,,,,,,,,,,,,,,,,,,,,,,,,,,,,,,,,,,,,,,,,,,,,,,,,,,,,,,,,,,,,,,,,,,,,,,,,,,,,,,,,,,,,,,,,,,,,,,,,,,,,,,,,,,,,,,,,,,,,,,,,,,,,,,,,,,,,,,,,,,,,,,,,,,,,,,,,,,,,,,,,,,,,,,,,,,,,,,,,,,,,,,,,,,,,,,,,,,,,,,,,,,,,,,,,,,,,,,,,,,,,,,,,,,,,,,,,,,,,,,,,,,,,,,,,,,,,,,,,,,,,,,,,,,,,,,,,,,,,,,,,,,,,,,,,,,,,,,,,,,,,,,,,,,,,,,,,,,,,,,,,,,,,,,,,,,,,,,,,,,,,,,,,,,,,,,,,,,,,,,,,,,,,,,,,,,,,,,,,,,,,,,,,,,,,,,,,,,,,,,,,,,,,,,,,,,,,,,,,,,,,,,,,,,,,,,,,,,,,,,,,,,,,,,,,,,,,,,,,,,,,,,,,,,,,,,,,,,,,,,,,,,,,,,,,,,,,,,,,,,,,,,,,,,,,,,,,,,,,,,,,,,,,,,,,,,,,,,,,,,,,,,,,,,,,,,,,,,,,,,,,,,,,,,,,,,,,,
1912_ruze_2,,,,,,,,,,,,,,,,,,,,7.0,8.0,,,,,,,13.0,14.0,11.0,5.0,3.0,,,,,11.0,12.0,6.0,1.0,13.0,8.0,,,,,,6.0,6.0,4.0,8,0.0,8.0,,,,,,,2.0,6,2,9,12,3,0,,,,,,,,10.0,11.0,0,8,4,5,6,,,,,,,8.0,13.0,3.0,13.0,8.0,7.0,9.0,,,,,,3.0,5.0,12.0,12.0,11.0,1.0,3.0,,,,,,7.0,7.0,6.0,8.0,8.0,8.0,,,,,,,,,,,,,,,,,,,,,,,,,,,,,,,,,,,,,,,,,,,,,,,,,,,,,,,,,,,,,,,,,,,,,,,,,,,,,,,,,,,,,,,,,,,,,,,,,,,,,,,,,,,,,,,,,,,,,,,,,,,,,,,,,,,,,,,,,,,,,,,,,,,,,,,,,,,,,,,,,,,,,,,,,,,,,,,,,,,,,,,,,,,,,,,,,,,,,,,,,,,,,,,,,,,,,,,,,,,,,,,,,,,,,,,,,,,,,,,,,,,,,,,,,,,,,,,,,,,,,,,,,,,,,,,,,,,,,,,,,,,,,,,,,,,,,,,,,,,,,,,,,,,,,,,,,,,,,,,,,,,,,,,,,,,,,,,,,,,,,,,,,,,,,,,,,,,,,,,,,,,,,,,,,,,,,,,,,,,,,,,,,,,,,,,,,,,,,,,,,,,,,,,,,,,,,,,,,,,,,,,,,,,,,,,,,,,,,,,,,,,,,,,,,,,,,,,,,,,,,,,,,,,,,,,,,,,,,,,,,,,,,,,,,,,,,,,,,,,,,,,,,,,,,,,,,,,,,,,,,,,,,,,,,,,,,,,,,,,,,,,,,,,,,,,,,,,,,,,,,,,,,,,,,,,,,,,,,,,,,,,,,,,,,,,,,,,,,,,,,,,,,,,,,,,,,,,
1912_unknown,,,,,,3.0,3.0,5.0,5.0,4.0,1.0,7.0,2.0,7.0,6.0,6.0,4.0,10.0,8.0,3.0,2.0,5.0,4.0,6.0,4.0,5.0,6.0,3.0,2.0,5.0,5.0,3.0,0.0,1.0,6.0,5.0,4.0,9.0,2.0,5.0,13.0,10.0,7.0,3.0,7.0,4.0,7.0,6.0,4.0,8.0,4,5.0,1.0,6.0,4.0,4.0,3.0,9.0,3.0,3.0,7,1,9,6,4,10,9.0,5.0,1.0,0.0,8.0,6.0,7.0,10.0,11.0,6,8,4,5,6,2.0,3.0,3.0,0.0,10.0,10.0,8.0,11.0,6.0,13.0,8.0,11.0,9.0,6.0,6.0,6.0,0.0,11.0,8.0,3.0,14.0,12.0,10.0,3.0,2.0,11.0,9.0,6.0,2.0,7.0,5.0,5.0,5.0,7.0,1.0,6.0,12.0,7.0,3.0,1.0,5.0,14.0,16.0,7.0,7.0,8.0,3.0,2.0,3.0,12.0,11.0,8.0,2.0,4.0,1.0,3.0,2.0,8.0,4.0,2.0,1.0,5.0,,3.0,6.0,7.0,4.0,7.0,5.0,3.0,,,,,,,1.0,,3.0,4.0,0.0,6.0,,0.0,0.0,0.0,0.0,0.0,0.0,1.0,0.0,0.0,,,,,2.0,-1.0,5.0,3.0,2.0,1.0,1.0,1.0,4.0,1.0,2.0,1.0,1.0,1.0,2.0,,1.0,-1.0,-1.0,2.0,2.0,2.0,2.0,2.0,1.0,-1.0,-1.0,-1.0,-1.0,-1.0,1.0,,2.0,2.0,1.0,1.0,1.0,1.0,1.0,1.0,1.0,2.0,,,1.0,1.0,1.0,1.0,1.0,1.0,1.0,1.0,,,,,2.0,2.0,2.0,1.0,1.0,2.0,1.0,1.0,0.0,0.0,0.0,,2.0,1.0,1.0,1.0,1.0,2.0,2.0,0.0,0.0,0.0,,2.0,1.0,2.0,1.0,1.0,3.0,2.0,0.0,0.0,0.0,,,1.0,1.0,3.0,2.0,2.0,3.0,0.0,0.0,,,3.0,1.0,2.0,3.0,1.0,1.0,0.0,0.0,,,2.0,2.0,1.0,3.0,1.0,1.0,0.0,,,2.0,3.0,2.0,1.0,3.0,1.0,3.0,1.0,,,,2.0,2.0,1.0,2.0,1.0,1.0,1.0,,,,2.0,1.0,2.0,1.0,1.0,2.0,0.0,1.0,1.0,1.0,,,1.0,1.0,1.0,1.0,2.0,3.0,3.0,1.0,1.0,1.0,1.0,1.0,,,1.0,1.0,2.0,1.0,2.0,1.0,3.0,3.0,2.0,-1.0,1.0,1.0,-1.0,3.0,,,,,,,,,,1.0,1.0,2.0,1.0,,,,,,,,,,,,,,,,,,,,,,,,,,,,,,,,,,,,,,,,,,,,,,,,,,,,,,,,,,,,,,,,,,,,,,,,,,,,,,,1.0,,2.0,2.0,,,,,,,,,,,,,,,,,,,,,,,,,,,,,,,,,,,,,,,,,,,,,,,,,,,,,,,,,,,,,,,,,,3.0,1.0,1.0,,1.0,,,,,,,,,,,,,,,,,,,,,,,,,,,,,,,,,,,,,,,,,,,,,,,,,,,,,,2.0,,,,,,,,,,,,,,,,1.0,,,,,,,,,,,,,,,,,,,,,,,,,,,,,,,,,,,,,,,,,,,,,,,,,,,,,,,,,,,,,,,,,,,,,,,,,,,,,,,,,,,,,,,,,,,,,,,,,,,,,,,,,,,,,,,,,,,,,,,,,,,,,,,,,,,,,,,,,,,
1912_vincent,3.0,4.0,5.0,3.0,4.0,3.0,2.0,7.0,3.0,2.0,3.0,4.0,6.0,4.0,2.0,2.0,3.0,8.0,5.0,5.0,5.0,7.0,1.0,8.0,5.0,5.0,8.0,9.0,11.0,10.0,5.0,5.0,2.0,1.0,3.0,9.0,12.0,4.0,3.0,4.0,13.0,10.0,7.0,3.0,7.0,5.0,3.0,8.0,6.0,5.0,7,9.0,8.0,6.0,4.0,4.0,4.0,8.0,2.0,2.0,10,6,9,9,10,3,8.0,4.0,5.0,2.0,5.0,4.0,6.0,10.0,9.0,7,3,6,2,8,2.0,4.0,4.0,4.0,6.0,5.0,6.0,13.0,3.0,13.0,3.0,10.0,8.0,4.0,1.0,6.0,3.0,12.0,8.0,5.0,13.0,10.0,3.0,4.0,3.0,8.0,9.0,2.0,2.0,1.0,10.0,13.0,4.0,7.0,9.0,8.0,12.0,7.0,3.0,1.0,4.0,7.0,18.0,5.0,6.0,8.0,4.0,3.0,3.0,8.0,7.0,4.0,11.0,2.0,1.0,3.0,4.0,2.0,4.0,2.0,3.0,2.0,1.0,9.0,3.0,6.0,2.0,6.0,7.0,7.0,1.0,2.0,1.0,3.0,2.0,2.0,1.0,1.0,3.0,4.0,2.0,7.0,2.0,2.0,3.0,1.0,2.0,1.0,1.0,1.0,1.0,1.0,2.0,2.0,1.0,1.0,,1.0,4.0,5.0,3.0,1.0,3.0,1.0,4.0,1.0,2.0,2.0,3.0,3.0,3.0,2.0,4.0,1.0,1.0,1.0,2.0,1.0,1.0,1.0,1.0,1.0,1.0,1.0,1.0,1.0,1.0,1.0,1.0,1.0,1.0,1.0,2.0,1.0,1.0,1.0,1.0,2.0,,,1.0,1.0,0.0,1.0,1.0,1.0,1.0,1.0,,,,,2.0,2.0,2.0,1.0,1.0,2.0,1.0,1.0,,,,,2.0,1.0,1.0,1.0,1.0,1.0,1.0,,,,,0.0,1.0,2.0,1.0,1.0,3.0,3.0,,,,,1.0,1.0,1.0,2.0,1.0,1.0,3.0,,,,,3.0,1.0,1.0,1.0,1.0,1.0,,,,,2.0,2.0,1.0,3.0,3.0,2.0,,,,1.0,3.0,1.0,2.0,2.0,3.0,4.0,,,,2.0,2.0,2.0,3.0,3.0,1.0,2.0,1.0,,,,2.0,1.0,2.0,1.0,1.0,2.0,1.0,1.0,1.0,1.0,,,,1.0,2.0,1.0,2.0,3.0,2.0,1.0,2.0,1.0,1.0,1.0,,,,3.0,2.0,1.0,2.0,2.0,2.0,2.0,1.0,1.0,2.0,2.0,1.0,2.0,2.0,2.0,1.0,2.0,2.0,2.0,2.0,2.0,2.0,,2.0,2.0,2.0,1.0,3.0,1.0,1.0,2.0,2.0,2.0,2.0,2.0,1.0,2.0,2.0,4.0,2.0,2.0,3.0,2.0,2.0,2.0,2.0,1.0,1.0,2.0,3.0,1.0,1.0,1.0,2.0,2.0,3.0,2.0,1.0,2.0,1.0,2.0,2.0,2.0,2.0,2.0,2.0,1.0,1.0,1.0,2.0,2.0,3.0,2.0,2.0,2.0,3.0,1.0,1.0,2.0,2.0,2.0,2.0,2.0,3.0,2.0,1.0,3.0,3.0,1.0,2.0,2.0,2.0,3.0,1.0,1.0,3.0,1.0,1.0,2.0,2.0,1.0,1.0,2.0,1.0,1.0,2.0,2.0,2.0,2.0,1.0,2.0,,1.0,1.0,1.0,1.0,2.0,2.0,1.0,1.0,2.0,2.0,2.0,2.0,1.0,3.0,1.0,1.0,1.0,1.0,1.0,1.0,1.0,1.0,2.0,2.0,,,,,1.0,1.0,1.0,1.0,1.0,1.0,1.0,1.0,1.0,,,,,1.0,1.0,1.0,1.0,1.0,1.0,,,,,1.0,1.0,1.0,1.0,1.0,1.0,1.0,2.0,2.0,2.0,2.0,2.0,3.0,1.0,2.0,1.0,,2.0,1.0,1.0,-1.0,-1.0,1.0,3.0,3.0,3.0,1.0,2.0,1.0,2.0,2.0,1.0,1.0,1.0,1.0,,1.0,-1.0,1.0,1.0,1.0,2.0,2.0,2.0,2.0,1.0,-1.0,1.0,1.0,1.0,1.0,2.0,,1.0,1.0,2.0,1.0,1.0,1.0,1.0,1.0,2.0,1.0,1.0,2.0,1.0,1.0,1.0,1.0,1.0,,,,,,,2.0,1.0,1.0,1.0,,,1.0,1.0,,-1.0,-1.0,-1.0,1.0,-1.0,-1.0,-1.0,-1.0,1.0,,,,,,,,,,,,,,,,,,,,,,,,,,,,,,,,,,,,,,,,,,,,,,,,,,,,,,,,,,,,,,,,,,,,,,,,,,,,,,,,,,,,,,,,,,,,,,,,,,,,,,,,,,,,,,,,,,,,,,,,,,,,,,,,,,
1913_unknown,,,,,,,,,,,,,,,,,,6.0,7.0,11.0,8.0,1.0,2.0,6.0,4.0,4.0,7.0,13.0,15.0,11.0,4.0,3.0,3.0,2.0,3.0,7.0,11.0,12.0,6.0,3.0,13.0,10.0,7.0,3.0,7.0,5.0,3.0,7.0,6.0,4.0,8,9.0,8.0,3.0,4.0,4.0,2.0,6.0,3.0,3.0,10,1,9,14,4,10,7.0,2.0,3.0,2.0,6.0,8.0,7.0,4.0,11.0,6,8,4,5,6,2.0,4.0,1.0,4.0,2.0,10.0,6.0,13.0,3.0,13.0,8.0,7.0,9.0,10.0,6.0,6.0,2.0,12.0,8.0,5.0,12.0,12.0,13.0,1.0,3.0,11.0,7.0,4.0,2.0,6.0,8.0,7.0,5.0,8.0,5.0,5.0,12.0,6.0,3.0,,9.0,14.0,16.0,5.0,8.0,9.0,3.0,,,,,,,,,,,,,,,,,6.0,6.0,7.0,4.0,,,,,,,,,,1.0,,,,,5.0,,,,,,,,,,,,,,,,,2.0,8.0,,,,1.0,4.0,,,,,,,,,,,,,,,,,,,,,,,,,,,,,,,,,,,,,,,,,,,,,,,,,,,,,,,1.0,,,,,,,,,,,1.0,,,,,,,,,,1.0,1.0,,,,,,,,,,1.0,4.0,,,,,,,,,1.0,2.0,,,,,,,,,3.0,3.0,,,,,,,,1.0,3.0,4.0,,,,,,,,3.0,1.0,1.0,,,,,,,,,,,,,,,,,,,,,,,,,,,,,,,,,,,,,,,,,,,,,,,,,,,,,,,,,,,,,,,,,,,,,,,,,,,,,,,,,,,,,,,,,,,,,,,,,,,,,,,,,,,,,,,,,,,,,,,,,,,,,,,,,,,,,,,,,,,,,,,,,,,,,,,,,,,,,,,,,,,,,,,,,,,,,,,,,,,,,,,,,,,,,,,,,,,,,,,,,,,,,,,,,,,,,,,,,,,,,,,,,,,,,,,,,,,,,,,,,,,,,,,,,,,,,,,,,,,,,,,,,,,,,,,,,,,,,,,,,,,,,,,,,,,,,,,,,,,,,,,,,,,,,,,,,,,,,,,,,,,,,,,,,,,,,,,,,,,,,,,,,,,,,,,,,,,,,,,,,,,,,,,,,,,,,,,,,,,,,,,,,,,,,,,,,,,,,,,,,,,,,,,,,,,,,,,,,,
1915_unknown,,,6.0,3.0,4.0,4.0,0.0,5.0,2.0,4.0,3.0,3.0,7.0,7.0,6.0,6.0,3.0,8.0,6.0,11.0,7.0,1.0,1.0,8.0,5.0,5.0,9.0,13.0,15.0,11.0,5.0,3.0,3.0,1.0,3.0,8.0,11.0,12.0,6.0,3.0,13.0,8.0,7.0,,7.0,5.0,3.0,8.0,6.0,4.0,8,7.0,8.0,6.0,,,,9.0,2.0,2.0,6,6,9,12,3,0,5.0,,,,,8.0,5.0,3.0,8.0,6,8,4,7,6,5.0,,,,2.0,11.0,-1.0,3.0,3.0,13.0,8.0,11.0,9.0,10.0,,,,-1.0,-1.0,-1.0,14.0,12.0,11.0,1.0,3.0,11.0,,,,-1.0,-1.0,7.0,6.0,7.0,8.0,6.0,12.0,,,,7.0,13.0,14.0,5.0,8.0,8.0,0.0,,,11.0,8.0,3.0,2.0,4.0,0.0,,,,,,,,2.0,,7.0,4.0,2.0,9.0,6.0,,,2.0,2.0,1.0,4.0,3.0,1.0,,,,,5.0,,,,,,,,,,,1.0,,,,,,,7.0,3.0,1.0,1.0,,4.0,,,2.0,1.0,,,,4.0,,,,,,,,,,,,,,,,,,,,,,,,,2.0,,,,,,,,,,,,,,,,,,,,,,,,,,,,,,,,,,,,,,,,,,,,,,,,,,,,,,,,,,,,,,,,,,,,,,,,,,,,,,,,,,,,,,,,,,,,,,,,,,,,,,,,,,,,,,,,,,,,,,,,,,,,,,,,,,,,,,,,,,,,,,,,,,,,,,,,,,,,,,,,,,,,,,,,,,,,,,,,,,,,,,,,,,,,,,,,,,,,,,,,,,,,,,,,,,,,,,,,,,,,,,,,,,,,,,,,,,,,,,,,,,,,,,,,,,,,,,,,,,,,,,,,,,,,,,,,,,,,,,,,,,,,,,,,,,,,,,,,,,,,,,,,,,,,,,,,,,,,,,,,,,,,,,,,,,,,,,,,,,,,,,,,,,,,,,,,,,,,,,,,,,,,,,,,,,,,,,,,,,,,,,,,,,,,,,,,,,,,,,,,,,,,,,,,,,,,,,,,,,,,,,,,,,,,,,,,,,,,,,,,,,,,,,,,,,,,,,,,,,,,,,,,,,,,,,,,,,,,,,,,,,,,,,,,,,,,,,,,,,,,,,,,,,,,,,,,,
1915_unknown_2,,,,,,,,,,6.0,,,7.0,7.0,5.0,6.0,,8.0,11.0,4.0,4.0,1.0,1.0,6.0,,1.0,3.0,9.0,12.0,9.0,2.0,1.0,,,5.0,3.0,5.0,4.0,3.0,4.0,3.0,4.0,,,6.0,6.0,4.0,3.0,2.0,15.0,12,10.0,4.0,,,,3.0,9.0,4.0,6.0,1,7,14,4,7,9,,,,,8.0,5.0,5.0,11.0,5.0,12,3,10,1,5,,,,,,8.0,7.0,12.0,12.0,11.0,4.0,5.0,4.0,,,,,,,,2.0,1.0,14.0,8.0,12.0,,,,,,,,,15.0,1.0,3.0,,,,,,,,,,,,,,,,,,,,,,,,,,,2.0,,,,,,,,,,,1.0,4.0,,,,,,,,,,,,,,,,,,,,,,,,,,,,,,,,,,,,,,,,,,,,,,,,,,,,,,,,,,,,,,,,,,,,,,,,,,,,,,,,,,,,,,,,,,,,,,,,,,,,,,,,,,,,,,,,,,,,,,,,,,,,,,,,,,,,,,,,,,,,,,,,,,,,,,,,,,,,,,,,,,,,,,,,,,,,,,,,,,,,,,,,,,,,,,,,,,,,,,,,,,,,,,,,,,,,,,,,,,,,,,,,,,,,,,,,,,,,,,,,,,,,,,,,,,,,,,,,,,,,,,,,,,,,,,,,,,,,,,,,,,,,,,,,,,,,,,,,,,,,,,,,,,,,,,,,,,,,,,,,,,,,,,,,,,,,,,,,,,,,,,,,,,,,,,,,,,,,,,,,,,,,,,,,,,,,,,,,,,,,,,,,,,,,,,,,,,,,,,,,,,,,,,,,,,,,,,,,,,,,,,,,,,,,,,,,,,,,,,,,,,,,,,,,,,,,,,,,,,,,,,,,,,,,,,,,,,,,,,,,,,,,,,,,,,,,,,,,,,,,,,,,,,,,,,,,,,,,,,,,,,,,,,,,,,,,,,,,,,,,,,,,,,,,,,,,,,,,,,,,,,,,,,,,,,,,,,,,
1917_surveyOfEgypt,,,,,,4.0,7.0,5.0,5.0,6.0,3.0,3.0,7.0,7.0,6.0,6.0,3.0,8.0,9.0,7.0,8.0,1.0,1.0,6.0,5.0,5.0,10.0,13.0,15.0,11.0,5.0,3.0,2.0,1.0,3.0,8.0,11.0,12.0,6.0,3.0,13.0,8.0,7.0,3.0,7.0,5.0,3.0,7.0,6.0,4.0,8,9.0,7.0,6.0,4.0,5.0,2.0,8.0,3.0,4.0,6,1,9,14,3,9,9.0,4.0,7.0,2.0,6.0,6.0,7.0,10.0,11.0,6,0,0,7,6,2.0,3.0,7.0,2.0,3.0,10.0,8.0,4.0,3.0,13.0,0.0,11.0,9.0,6.0,7.0,3.0,2.0,12.0,8.0,5.0,12.0,12.0,13.0,0.0,3.0,11.0,10.0,6.0,2.0,6.0,8.0,7.0,5.0,7.0,5.0,8.0,12.0,6.0,3.0,1.0,9.0,14.0,16.0,8.0,5.0,9.0,5.0,2.0,2.0,12.0,10.0,4.0,4.0,2.0,1.0,1.0,4.0,5.0,6.0,1.0,4.0,1.0,,6.0,6.0,7.0,4.0,8.0,4.0,8.0,,,,,,,1.0,,3.0,4.0,2.0,0.0,,2.0,3.0,1.0,1.0,1.0,1.0,1.0,1.0,1.0,,,,,2.0,2.0,4.0,7.0,3.0,1.0,0.0,1.0,4.0,3.0,1.0,2.0,1.0,2.0,0.0,1.0,,0.0,2.0,2.0,1.0,2.0,2.0,2.0,0.0,0.0,0.0,0.0,1.0,1.0,1.0,,2.0,2.0,1.0,0.0,0.0,1.0,0.0,1.0,1.0,2.0,,,1.0,1.0,1.0,1.0,1.0,1.0,1.0,1.0,,,,,2.0,2.0,2.0,1.0,1.0,2.0,1.0,1.0,1.0,1.0,1.0,1.0,2.0,1.0,1.0,1.0,1.0,1.0,1.0,1.0,1.0,1.0,1.0,2.0,1.0,2.0,1.0,1.0,1.0,1.0,2.0,1.0,1.0,1.0,1.0,1.0,1.0,1.0,1.0,1.0,4.0,2.0,1.0,0.0,1.0,3.0,1.0,1.0,1.0,1.0,2.0,1.0,1.0,0.0,1.0,2.0,2.0,1.0,3.0,3.0,3.0,0.0,0.0,1.0,2.0,3.0,1.0,2.0,1.0,3.0,4.0,1.0,0.0,1.0,3.0,2.0,2.0,3.0,2.0,1.0,1.0,1.0,1.0,1.0,2.0,2.0,1.0,2.0,1.0,2.0,1.0,1.0,1.0,1.0,1.0,1.0,1.0,2.0,1.0,2.0,1.0,1.0,1.0,4.0,2.0,2.0,1.0,1.0,1.0,1.0,1.0,2.0,2.0,1.0,1.0,1.0,2.0,3.0,3.0,2.0,3.0,2.0,2.0,1.0,1.0,2.0,2.0,1.0,1.0,2.0,2.0,2.0,1.0,1.0,1.0,2.0,1.0,2.0,2.0,2.0,2.0,2.0,2.0,1.0,1.0,2.0,1.0,1.0,2.0,2.0,1.0,1.0,1.0,1.0,1.0,2.0,1.0,2.0,1.0,1.0,1.0,1.0,2.0,2.0,2.0,1.0,1.0,1.0,1.0,2.0,1.0,1.0,2.0,1.0,1.0,1.0,1.0,1.0,2.0,2.0,2.0,2.0,3.0,3.0,2.0,3.0,1.0,2.0,1.0,1.0,2.0,1.0,1.0,1.0,3.0,1.0,1.0,3.0,3.0,3.0,1.0,2.0,2.0,2.0,3.0,3.0,3.0,3.0,1.0,1.0,2.0,1.0,1.0,1.0,2.0,1.0,1.0,,,0.0,1.0,1.0,2.0,,1.0,1.0,1.0,1.0,1.0,3.0,1.0,1.0,2.0,2.0,2.0,3.0,1.0,3.0,,1.0,1.0,1.0,1.0,1.0,1.0,1.0,2.0,2.0,,,,,,,,,,,,,,,,,,,,,,,,,,,,,,,,2.0,,,,,,,,,,,1.0,,,,,,,,,,,,,,,,,,,,,,,,,,,,,,,,,,,,,,,,,,,,,,,,,,,,,,,,,,,,,3.0,1.0,,,,,,,,,,,,,,,,,1.0,,,,,,,,,,,,,,,,,,,,,,,,,,,,,,,,,,,,,,,,,,,,,,,,,,,,,,,,,,,,,,,,,,,,,,,,,,,,,,,,,,,,,,,,,,,,,,,,,,,,,,,,,,,,,,,,,,,,,,,,,,,,,,,,,
1917_surveyOfEgypt_2,,,0.0,0.0,4.0,4.0,0.0,5.0,5.0,6.0,3.0,3.0,7.0,5.0,6.0,6.0,3.0,8.0,9.0,7.0,8.0,1.0,1.0,6.0,5.0,5.0,9.0,13.0,15.0,11.0,0.0,0.0,0.0,1.0,0.0,8.0,11.0,13.0,6.0,3.0,13.0,10.0,0.0,3.0,7.0,5.0,3.0,7.0,6.0,4.0,8,9.0,8.0,6.0,4.0,5.0,2.0,8.0,2.0,4.0,6,6,9,12,3,9,9.0,4.0,7.0,2.0,6.0,6.0,7.0,10.0,11.0,6,8,4,7,6,2.0,3.0,7.0,2.0,3.0,10.0,6.0,11.0,3.0,13.0,8.0,9.0,9.0,10.0,6.0,6.0,0.0,12.0,8.0,5.0,12.0,12.0,13.0,1.0,3.0,11.0,10.0,6.0,0.0,6.0,8.0,7.0,5.0,8.0,9.0,8.0,12.0,6.0,2.0,1.0,9.0,14.0,16.0,8.0,7.0,8.0,5.0,1.0,3.0,12.0,10.0,4.0,4.0,2.0,3.0,1.0,4.0,5.0,6.0,1.0,4.0,5.0,,6.0,6.0,7.0,4.0,7.0,4.0,7.0,,,,,,,0.0,1.0,0.0,4.0,2.0,6.0,2.0,3.0,0.0,0.0,0.0,1.0,1.0,1.0,1.0,0.0,,,,,2.0,1.0,2.0,8.0,3.0,1.0,3.0,1.0,3.0,1.0,2.0,2.0,3.0,3.0,3.0,,4.0,2.0,2.0,2.0,0.0,,2.0,2.0,1.0,1.0,1.0,1.0,1.0,1.0,0.0,,2.0,2.0,1.0,1.0,1.0,1.0,1.0,1.0,1.0,2.0,,,1.0,1.0,1.0,0.0,1.0,1.0,1.0,1.0,1.0,0.0,,,2.0,2.0,2.0,1.0,1.0,2.0,1.0,1.0,1.0,0.0,1.0,1.0,1.0,2.0,1.0,1.0,1.0,1.0,1.0,1.0,0.0,1.0,1.0,2.0,2.0,2.0,1.0,1.0,1.0,1.0,1.0,2.0,1.0,0.0,1.0,1.0,1.0,1.0,1.0,1.0,4.0,2.0,1.0,0.0,1.0,3.0,1.0,1.0,1.0,1.0,2.0,1.0,1.0,0.0,1.0,2.0,2.0,1.0,3.0,3.0,3.0,2.0,0.0,1.0,2.0,3.0,1.0,2.0,1.0,3.0,4.0,0.0,0.0,1.0,3.0,2.0,2.0,3.0,3.0,1.0,2.0,0.0,0.0,2.0,1.0,2.0,1.0,2.0,1.0,2.0,1.0,2.0,1.0,0.0,0.0,0.0,1.0,2.0,1.0,2.0,1.0,1.0,1.0,1.0,2.0,2.0,1.0,1.0,0.0,0.0,1.0,2.0,2.0,1.0,1.0,1.0,3.0,1.0,1.0,1.0,1.0,2.0,2.0,1.0,3.0,2.0,2.0,1.0,1.0,2.0,1.0,2.0,2.0,2.0,1.0,2.0,1.0,2.0,2.0,2.0,2.0,2.0,2.0,2.0,2.0,1.0,2.0,3.0,1.0,2.0,1.0,2.0,1.0,1.0,2.0,2.0,1.0,2.0,1.0,1.0,1.0,1.0,2.0,2.0,2.0,1.0,2.0,1.0,1.0,3.0,1.0,1.0,2.0,1.0,1.0,1.0,2.0,1.0,2.0,2.0,2.0,2.0,3.0,3.0,2.0,3.0,1.0,2.0,1.0,1.0,2.0,1.0,2.0,2.0,3.0,1.0,1.0,3.0,3.0,3.0,1.0,2.0,2.0,-1.0,2.0,2.0,3.0,3.0,1.0,1.0,2.0,1.0,-1.0,1.0,2.0,-1.0,,,1.0,1.0,0.0,1.0,1.0,1.0,0.0,0.0,1.0,1.0,1.0,2.0,1.0,1.0,2.0,2.0,2.0,,,3.0,,,,,,,,,,2.0,,,,,,,,,,,,,,,,,,,,,,,,,,,,,,,,,,,,,,,,,,,1.0,,,,,,,,,,,,,,,,,,,,,,,,,,,,,,,,,,,,,,,,,,,,,,,,,,,,,,,,,,,,,,,,,,,,,,,,,,,,,,,,,,,,,,,,,,,,,,,,,,,,,,,,,,,,,,,,,,,,,,,,,,,,,,,,,,,,,,,,,,,,,,,,,,,,,,,,,,,,,,,,,,,,,,,,,,,,,,,,,,,,,,,,,,,,,,,,,,,,,,,,,,,,,,,,
1917_surveyOfEgypt_3,,,,,,4.0,7.0,5.0,5.0,6.0,3.0,0.0,0.0,0.0,0.0,0.0,3.0,8.0,0.0,0.0,0.0,0.0,0.0,6.0,5.0,5.0,0.0,0.0,0.0,0.0,4.0,3.0,3.0,0.0,3.0,9.0,10.0,15.0,6.0,3.0,13.0,8.0,7.0,3.0,0.0,5.0,2.0,7.0,8.0,4.0,9,7.0,8.0,6.0,4.0,5.0,3.0,0.0,0.0,0.0,6,2,9,6,1,8,8.0,4.0,5.0,2.0,8.0,6.0,7.0,10.0,11.0,6,12,4,5,6,2.0,3.0,3.0,8.0,10.0,11.0,6.0,11.0,3.0,13.0,8.0,7.0,5.0,6.0,7.0,6.0,2.0,11.0,8.0,5.0,12.0,12.0,13.0,1.0,11.0,6.0,7.0,6.0,2.0,6.0,8.0,7.0,5.0,7.0,6.0,6.0,12.0,7.0,3.0,0.0,9.0,14.0,16.0,5.0,8.0,9.0,5.0,2.0,2.0,12.0,10.0,4.0,4.0,2.0,1.0,1.0,4.0,5.0,8.0,1.0,4.0,1.0,,6.0,6.0,7.0,4.0,8.0,4.0,8.0,,,,,,,1.0,,3.0,4.0,2.0,5.0,,3.0,3.0,1.0,0.0,0.0,0.0,1.0,1.0,1.0,,,,,2.0,2.0,3.0,7.0,3.0,1.0,1.0,1.0,2.0,3.0,1.0,2.0,1.0,0.0,1.0,,3.0,2.0,2.0,0.0,1.0,2.0,2.0,0.0,1.0,1.0,1.0,1.0,1.0,1.0,1.0,,2.0,2.0,1.0,1.0,0.0,1.0,1.0,1.0,1.0,2.0,,,1.0,1.0,1.0,1.0,1.0,0.0,0.0,1.0,,,,,2.0,2.0,2.0,1.0,1.0,2.0,1.0,1.0,1.0,1.0,1.0,0.0,2.0,2.0,1.0,1.0,1.0,1.0,2.0,1.0,1.0,1.0,1.0,,1.0,2.0,1.0,1.0,1.0,2.0,1.0,2.0,1.0,1.0,,1.0,1.0,1.0,1.0,1.0,3.0,2.0,1.0,1.0,,,1.0,1.0,2.0,1.0,1.0,1.0,1.0,0.0,,,2.0,1.0,3.0,3.0,3.0,0.0,0.0,,,3.0,1.0,2.0,1.0,3.0,2.0,1.0,1.0,,,,2.0,3.0,3.0,1.0,1.0,1.0,1.0,,,,1.0,2.0,1.0,2.0,2.0,1.0,1.0,1.0,1.0,1.0,,,1.0,2.0,1.0,1.0,1.0,0.0,2.0,2.0,1.0,1.0,1.0,1.0,,,2.0,1.0,1.0,1.0,3.0,3.0,3.0,2.0,3.0,2.0,2.0,1.0,1.0,2.0,2.0,1.0,1.0,2.0,2.0,1.0,1.0,1.0,,2.0,1.0,2.0,2.0,2.0,2.0,2.0,2.0,1.0,1.0,1.0,2.0,3.0,2.0,2.0,1.0,1.0,1.0,1.0,1.0,2.0,1.0,2.0,1.0,1.0,1.0,1.0,2.0,2.0,2.0,1.0,1.0,1.0,4.0,4.0,1.0,1.0,2.0,1.0,1.0,1.0,1.0,1.0,2.0,2.0,2.0,2.0,3.0,3.0,2.0,4.0,3.0,1.0,1.0,1.0,2.0,1.0,1.0,1.0,3.0,1.0,2.0,2.0,1.0,1.0,1.0,2.0,2.0,2.0,3.0,3.0,2.0,1.0,1.0,1.0,2.0,1.0,1.0,1.0,2.0,1.0,1.0,2.0,1.0,1.0,2.0,1.0,1.0,,1.0,1.0,1.0,1.0,1.0,2.0,1.0,1.0,2.0,2.0,2.0,3.0,,1.0,,,,,,,,,2.0,2.0,,,,,,,,,,,,,,,,,,,,,,,,,,,,,,,,,,,,,,1.0,2.0,0.0,2.0,2.0,1.0,,,,,,,,,,,,,,,,,,,,,,,,,,,,,,,,,,,,,,,,,,,,,,,,,,,,,0.0,,,,,,,,3.0,1.0,,,,,,,,,,,,,,,,,1.0,,,,,,,,,,,,,,,,,,,,,,,,,,,,,,,,,,,,,,,,,,,,,,,,,,,,,,,,,,,,,,,,,,,,,,,,,,,,,,,,,,,,,,,,,,,,,,,,,,,,,,,,,,,,,,,,,,,,,,,,,,,,,,,,,
1917_surveyOfEgypt_4,,,,,,,,,,,3.0,3.0,7.0,0.0,6.0,6.0,0.0,8.0,6.0,7.0,8.0,1.0,1.0,6.0,5.0,5.0,9.0,13.0,15.0,12.0,7.0,3.0,3.0,1.0,3.0,8.0,11.0,13.0,6.0,3.0,13.0,8.0,7.0,3.0,7.0,5.0,3.0,7.0,0.0,0.0,8,9.0,8.0,6.0,4.0,,2.0,6.0,2.0,4.0,6,0,9,14,3,9,9.0,1.0,,,6.0,6.0,7.0,10.0,11.0,6,8,4,5,6,2.0,3.0,,,2.0,10.0,6.0,11.0,3.0,13.0,8.0,7.0,9.0,10.0,6.0,,,11.0,8.0,5.0,12.0,12.0,13.0,3.0,3.0,11.0,10.0,,,6.0,8.0,7.0,5.0,8.0,5.0,8.0,12.0,,,,9.0,14.0,16.0,5.0,6.0,8.0,,,,,,,,,,,,,,,,,,6.0,6.0,7.0,4.0,,,,,,,,,,1.0,,3.0,,,5.0,,,,,,,,,,,,,,,,,2.0,8.0,,,,,4.0,,,,,,,,,,,,,,,,,,,,,,,,,,,,,,,,,,,,,,,,,,,,,,,,,,,,,,,,,,,,,,,,,,,,,,,,,,,,,,,,,,,,,,,,,,,,,,,,,,,,,,,,,,,,,,,,,,,,,,2.0,,,,,,,,,,1.0,,,,,,,,,,,,,,,,,,,,,,,,,,,,,,,,,,,,,,,,,,,,,,,,,,,,,,,,,,,,,,,,,,,,,,,,,,,,,,,,,,,,,,,,,,,,,,,,,,,,,,,,,,,,,,,,,,,,,,,,,,,,,,,,,,,,,,,,,,,,,,,,,,,,,,,,,,,,,,,,,,,,,,,,,,,,,,,,,,,,,,,,,,,,,,,,,,,,,,,,,,,,,,,,,,,,,,,,,,,,,,,,,,,,,,,,,,,,,,,,,,,,,,,,,,,,,,,,,,,,,,,,,,,,,,,,,,,,,,,,,,,,,,,,,,,,,,,,,,,,,,,,,,,,,,,,,,,,,,,,,,,,,,,,,,,,,,,,,,,,,,,,,,,,,,,,,,,,,,,,,,,,,,,,,,,,,,,,,,,,,,,,,,,,,,,,,,,,,,,,,,,,,,,,,,,,,,,,,,
1919_chagise,,,,,,4.0,5.0,4.0,,,1.0,4.0,7.0,5.0,6.0,6.0,4.0,6.0,5.0,7.0,8.0,1.0,2.0,6.0,5.0,4.0,8.0,15.0,15.0,11.0,5.0,3.0,3.0,1.0,3.0,8.0,11.0,13.0,6.0,3.0,3.0,10.0,6.0,3.0,7.0,5.0,3.0,7.0,4.0,4.0,9,8.0,6.0,6.0,4.0,4.0,4.0,8.0,2.0,2.0,11,2,9,6,1,8,8.0,4.0,5.0,5.0,5.0,8.0,7.0,7.0,4.0,8,7,2,7,6,8.0,5.0,2.0,3.0,3.0,10.0,10.0,7.0,2.0,14.0,7.0,11.0,9.0,8.0,1.0,1.0,4.0,11.0,8.0,4.0,12.0,12.0,12.0,1.0,11.0,6.0,6.0,6.0,2.0,4.0,10.0,13.0,8.0,8.0,5.0,6.0,8.0,7.0,2.0,1.0,4.0,1.0,15.0,5.0,8.0,7.0,4.0,3.0,3.0,12.0,11.0,8.0,2.0,4.0,3.0,3.0,4.0,2.0,3.0,3.0,3.0,5.0,,3.0,6.0,7.0,6.0,5.0,5.0,5.0,,,,,,,,,,,,8.0,,1.0,2.0,1.0,1.0,1.0,1.0,1.0,1.0,1.0,,,,,,1.0,5.0,8.0,3.0,0.0,2.0,1.0,3.0,1.0,2.0,2.0,3.0,2.0,3.0,,3.0,2.0,0.0,2.0,1.0,2.0,2.0,2.0,1.0,1.0,1.0,1.0,1.0,1.0,1.0,,2.0,2.0,1.0,1.0,2.0,1.0,1.0,1.0,1.0,2.0,,,1.0,1.0,1.0,1.0,1.0,1.0,1.0,1.0,,,,,2.0,2.0,2.0,1.0,1.0,1.0,1.0,1.0,,,,,1.0,2.0,1.0,1.0,1.0,2.0,2.0,,,,,,2.0,2.0,1.0,1.0,3.0,2.0,,,,,,1.0,1.0,1.0,2.0,2.0,3.0,,,,,,1.0,2.0,3.0,2.0,1.0,,,,,,2.0,2.0,2.0,1.0,2.0,,,,,3.0,2.0,1.0,2.0,2.0,2.0,,,,,,2.0,3.0,3.0,1.0,2.0,1.0,,,,,1.0,1.0,1.0,2.0,2.0,2.0,1.0,1.0,1.0,,,,,1.0,2.0,2.0,2.0,1.0,2.0,2.0,1.0,1.0,1.0,,,,3.0,2.0,-1.0,2.0,2.0,2.0,2.0,1.0,1.0,3.0,2.0,1.0,1.0,1.0,2.0,2.0,2.0,1.0,1.0,2.0,2.0,2.0,,2.0,2.0,1.0,2.0,3.0,1.0,2.0,2.0,2.0,2.0,2.0,2.0,2.0,2.0,1.0,3.0,2.0,2.0,0.0,0.0,0.0,2.0,1.0,2.0,2.0,-1.0,3.0,1.0,1.0,1.0,2.0,2.0,3.0,2.0,1.0,2.0,2.0,1.0,2.0,2.0,0.0,0.0,2.0,1.0,1.0,1.0,2.0,2.0,,2.0,2.0,2.0,4.0,2.0,2.0,1.0,2.0,2.0,2.0,,,,,,2.0,2.0,1.0,1.0,1.0,1.0,0.0,,,,,1.0,3.0,1.0,,,,,,,0.0,1.0,-1.0,-1.0,1.0,-1.0,-1.0,-1.0,-1.0,,,,,,,,,,,,,,,,,,,,,,,,,,,,,,,,,,,,,,,,,,,,,,,,,,,,,,,,,,,,,,,,,,,,,,,,,,,,,,,,,,,,,,,,,,,,,,,,,,,,,,,,,,,,,,,,,,,,,,,,,,,,3.0,-1.0,,,,,,,,,,,,,,,,,,,,,,,,,,,,,,,,,,,,,,,,,,,,,,,,,,,,,,,,,,,,,,,,,,,,,,,,,,,,,,,,,,,,,,,,,,,,,,,,,,,,,,,,,,,,,,,,,,,,,,,,,,,,,,,,,,,,,,,,,,,,,,,,,,
1920_zionistcommission,3.0,4.0,6.0,3.0,4.0,4.0,2.0,5.0,5.0,6.0,3.0,3.0,7.0,6.0,6.0,0.0,3.0,8.0,9.0,3.0,5.0,8.0,1.0,0.0,5.0,5.0,10.0,14.0,5.0,14.0,7.0,3.0,3.0,1.0,3.0,8.0,11.0,12.0,6.0,2.0,13.0,8.0,7.0,3.0,7.0,5.0,3.0,7.0,6.0,4.0,9,7.0,6.0,3.0,4.0,4.0,2.0,8.0,2.0,2.0,6,0,9,12,3,9,8.0,4.0,5.0,2.0,6.0,8.0,7.0,4.0,11.0,6,0,0,7,6,2.0,5.0,3.0,1.0,5.0,11.0,6.0,13.0,3.0,13.0,8.0,11.0,9.0,6.0,6.0,6.0,0.0,12.0,8.0,5.0,14.0,12.0,11.0,3.0,3.0,11.0,9.0,6.0,0.0,7.0,7.0,7.0,6.0,7.0,5.0,6.0,11.0,7.0,3.0,0.0,7.0,13.0,14.0,5.0,8.0,7.0,2.0,3.0,3.0,11.0,8.0,4.0,2.0,4.0,1.0,0.0,5.0,4.0,8.0,3.0,0.0,0.0,2.0,8.0,6.0,6.0,5.0,4.0,6.0,8.0,1.0,0.0,0.0,1.0,0.0,3.0,1.0,1.0,3.0,4.0,2.0,8.0,2.0,3.0,0.0,0.0,1.0,0.0,0.0,0.0,0.0,0.0,1.0,2.0,1.0,1.0,2.0,2.0,2.0,8.0,3.0,1.0,1.0,1.0,4.0,1.0,2.0,2.0,1.0,2.0,1.0,2.0,4.0,2.0,2.0,2.0,1.0,2.0,2.0,2.0,1.0,1.0,1.0,1.0,1.0,0.0,1.0,1.0,2.0,2.0,1.0,1.0,0.0,1.0,1.0,0.0,0.0,2.0,1.0,1.0,1.0,1.0,1.0,1.0,1.0,1.0,0.0,0.0,1.0,1.0,1.0,,2.0,2.0,2.0,1.0,1.0,2.0,1.0,1.0,1.0,1.0,,,2.0,1.0,1.0,1.0,1.0,1.0,1.0,1.0,1.0,,,2.0,1.0,2.0,1.0,1.0,1.0,1.0,1.0,2.0,,,1.0,1.0,1.0,1.0,1.0,1.0,4.0,2.0,,,1.0,3.0,1.0,1.0,1.0,1.0,2.0,,,,1.0,2.0,2.0,1.0,3.0,3.0,3.0,,,1.0,2.0,3.0,1.0,2.0,1.0,2.0,4.0,,,1.0,3.0,1.0,1.0,2.0,3.0,1.0,2.0,0.0,,1.0,2.0,2.0,1.0,1.0,1.0,2.0,2.0,2.0,1.0,1.0,1.0,,1.0,2.0,1.0,2.0,1.0,1.0,1.0,4.0,1.0,1.0,1.0,1.0,1.0,,1.0,2.0,3.0,1.0,1.0,1.0,2.0,3.0,3.0,2.0,3.0,2.0,2.0,2.0,2.0,2.0,2.0,2.0,2.0,1.0,1.0,2.0,2.0,2.0,1.0,2.0,1.0,2.0,2.0,2.0,2.0,2.0,2.0,1.0,2.0,2.0,1.0,1.0,2.0,2.0,2.0,2.0,2.0,2.0,2.0,1.0,2.0,2.0,1.0,1.0,1.0,1.0,2.0,2.0,2.0,1.0,2.0,3.0,2.0,1.0,2.0,1.0,2.0,2.0,2.0,2.0,2.0,-1.0,2.0,2.0,2.0,2.0,3.0,1.0,1.0,1.0,2.0,4.0,2.0,2.0,1.0,2.0,2.0,2.0,2.0,3.0,1.0,3.0,3.0,3.0,2.0,1.0,1.0,1.0,2.0,2.0,-1.0,2.0,2.0,2.0,1.0,1.0,1.0,2.0,1.0,2.0,1.0,2.0,1.0,1.0,2.0,1.0,1.0,1.0,1.0,1.0,1.0,1.0,1.0,2.0,,,,,,,,-1.0,,,,,,,,,1.0,1.0,1.0,,,,,,,,,,,,,,,,,,,,,,,,,,,,,,,,3.0,1.0,2.0,3.0,1.0,1.0,2.0,2.0,2.0,2.0,,,,1.0,1.0,,,,,3.0,1.0,2.0,2.0,1.0,2.0,2.0,1.0,1.0,1.0,1.0,,,,,2.0,2.0,2.0,2.0,2.0,3.0,2.0,1.0,1.0,1.0,1.0,1.0,2.0,,,,1.0,2.0,1.0,1.0,1.0,1.0,2.0,,,1.0,1.0,1.0,,2.0,1.0,1.0,1.0,,,,,,,1.0,1.0,,,,,,,,,,,,,,,,0.0,0.0,1.0,1.0,1.0,1.0,1.0,1.0,1.0,1.0,1.0,,,,,,,,,,,,,,,,,,,,,,,,,,,,,,,,,,,,,,,,,,,,,,,,,,,,,,,,,,,,,,,,,,,,,,,,,,,,,,,,,,,,,,,,,,,,,,,,,,,,,,,,,,,,,,,,,,,,,,
1920_zionistcommission_2,1.0,4.0,0.0,3.0,0.0,4.0,2.0,0.0,5.0,6.0,3.0,3.0,7.0,7.0,6.0,6.0,3.0,8.0,7.0,3.0,7.0,8.0,4.0,8.0,4.0,5.0,9.0,14.0,5.0,14.0,7.0,3.0,3.0,1.0,3.0,8.0,11.0,12.0,6.0,2.0,13.0,8.0,7.0,3.0,7.0,5.0,3.0,7.0,6.0,4.0,9,7.0,6.0,3.0,4.0,4.0,2.0,8.0,2.0,4.0,6,0,0,0,3,9,8.0,4.0,5.0,2.0,6.0,8.0,6.0,10.0,11.0,6,8,4,7,0,2.0,5.0,3.0,1.0,5.0,10.0,6.0,13.0,3.0,13.0,8.0,11.0,9.0,4.0,6.0,4.0,2.0,12.0,8.0,5.0,12.0,12.0,11.0,3.0,3.0,11.0,10.0,6.0,2.0,7.0,6.0,7.0,6.0,7.0,5.0,6.0,11.0,7.0,2.0,1.0,6.0,14.0,14.0,5.0,8.0,7.0,3.0,3.0,3.0,11.0,8.0,4.0,2.0,0.0,0.0,3.0,4.0,2.0,3.0,3.0,3.0,5.0,2.0,8.0,6.0,6.0,4.0,9.0,6.0,7.0,1.0,0.0,2.0,1.0,4.0,3.0,1.0,1.0,3.0,4.0,2.0,6.0,2.0,3.0,3.0,1.0,1.0,1.0,1.0,1.0,1.0,1.0,1.0,2.0,1.0,1.0,,2.0,2.0,8.0,3.0,1.0,1.0,1.0,4.0,1.0,2.0,2.0,1.0,2.0,0.0,2.0,4.0,2.0,2.0,2.0,1.0,,2.0,2.0,1.0,1.0,1.0,1.0,1.0,1.0,1.0,,2.0,2.0,1.0,1.0,2.0,1.0,1.0,1.0,1.0,2.0,,,1.0,1.0,1.0,1.0,1.0,1.0,1.0,1.0,,,,,2.0,2.0,2.0,1.0,1.0,2.0,1.0,1.0,,,,,2.0,1.0,1.0,1.0,1.0,1.0,1.0,,,,,2.0,1.0,2.0,1.0,1.0,1.0,1.0,,,,,1.0,1.0,1.0,1.0,1.0,1.0,4.0,,,,1.0,3.0,1.0,1.0,1.0,1.0,2.0,1.0,,,1.0,2.0,2.0,1.0,3.0,3.0,3.0,,,1.0,1.0,3.0,1.0,2.0,1.0,2.0,4.0,,,1.0,3.0,1.0,1.0,2.0,3.0,1.0,2.0,0.0,,2.0,1.0,-1.0,1.0,1.0,1.0,2.0,1.0,1.0,1.0,0.0,0.0,,1.0,2.0,1.0,2.0,1.0,1.0,1.0,4.0,1.0,2.0,0.0,0.0,0.0,,1.0,2.0,2.0,1.0,1.0,1.0,2.0,3.0,3.0,2.0,3.0,2.0,2.0,1.0,1.0,1.0,1.0,2.0,2.0,1.0,1.0,2.0,0.0,0.0,1.0,2.0,1.0,2.0,2.0,2.0,2.0,2.0,2.0,1.0,1.0,1.0,2.0,2.0,2.0,2.0,4.0,2.0,2.0,2.0,2.0,0.0,0.0,2.0,1.0,1.0,1.0,1.0,2.0,2.0,2.0,1.0,1.0,1.0,2.0,1.0,2.0,2.0,1.0,2.0,2.0,0.0,0.0,0.0,2.0,2.0,2.0,1.0,3.0,3.0,2.0,2.0,2.0,4.0,2.0,2.0,1.0,2.0,0.0,0.0,3.0,2.0,2.0,1.0,3.0,3.0,2.0,1.0,1.0,1.0,1.0,0.0,3.0,4.0,2.0,2.0,1.0,3.0,1.0,2.0,1.0,3.0,1.0,2.0,1.0,1.0,2.0,1.0,1.0,0.0,1.0,1.0,1.0,1.0,1.0,3.0,1.0,1.0,2.0,2.0,2.0,3.0,1.0,3.0,1.0,1.0,1.0,1.0,1.0,1.0,1.0,2.0,1.0,1.0,,,,,,,,,,,,,,,,,,,,,,,,,,,,,,,,,3.0,2.0,2.0,3.0,1.0,1.0,2.0,2.0,2.0,2.0,1.0,,,,,,,,,,4.0,3.0,1.0,2.0,1.0,1.0,,,,,,,,,,,2.0,3.0,2.0,1.0,2.0,1.0,1.0,0.0,1.0,1.0,2.0,,,,,,0.0,0.0,1.0,1.0,2.0,,,,1.0,1.0,,2.0,1.0,,,,,,,,,,,,,,,,,,,,,,,,,,,,,,,,,,,,,,,,,,,,,,,,,,,,,,,,,,,,,,,,,,,,,,,,,,,,,,,,,,,,,,,,,,,,,,,,,,,,,,,,,,,,,,,,,,,,,,,,,,,,,,,,,,,,,,,,,,,,,,,,,,,,,,,,,,
1922_palestineLandDevelopment,1.0,3.0,6.0,3.0,4.0,4.0,5.0,5.0,5.0,6.0,1.0,6.0,3.0,7.0,5.0,6.0,3.0,10.0,8.0,5.0,2.0,5.0,1.0,6.0,4.0,6.0,-1.0,2.0,3.0,8.0,5.0,3.0,0.0,1.0,3.0,5.0,1.0,3.0,12.0,4.0,7.0,8.0,7.0,3.0,7.0,5.0,-1.0,-1.0,-1.0,-1.0,7,8.0,7.0,6.0,6.0,4.0,2.0,6.0,2.0,-1.0,-1,11,11,14,3,9,9.0,4.0,7.0,0.0,6.0,6.0,7.0,10.0,11.0,7,6,4,5,6,2.0,3.0,3.0,1.0,8.0,10.0,6.0,11.0,3.0,10.0,8.0,7.0,9.0,10.0,6.0,6.0,1.0,11.0,8.0,5.0,14.0,12.0,13.0,1.0,3.0,6.0,7.0,6.0,2.0,6.0,8.0,7.0,5.0,8.0,5.0,8.0,12.0,7.0,3.0,1.0,9.0,14.0,16.0,7.0,8.0,8.0,5.0,3.0,2.0,12.0,10.0,4.0,4.0,4.0,3.0,1.0,4.0,5.0,6.0,1.0,4.0,5.0,,6.0,6.0,7.0,4.0,8.0,4.0,8.0,,,,,,,,,,,,5.0,,3.0,2.0,2.0,2.0,1.0,1.0,1.0,1.0,1.0,,,,,,3.0,2.0,8.0,3.0,1.0,1.0,1.0,4.0,1.0,1.0,2.0,1.0,2.0,1.0,1.0,3.0,2.0,2.0,2.0,0.0,2.0,2.0,2.0,1.0,1.0,1.0,1.0,1.0,1.0,1.0,,2.0,2.0,1.0,1.0,1.0,1.0,1.0,1.0,1.0,2.0,,,1.0,1.0,0.0,1.0,1.0,1.0,1.0,1.0,,,,,2.0,2.0,2.0,1.0,1.0,2.0,1.0,1.0,,,,,1.0,2.0,1.0,1.0,1.0,1.0,1.0,,,,,2.0,2.0,2.0,1.0,1.0,1.0,1.0,,,,,1.0,1.0,1.0,1.0,1.0,1.0,4.0,,,,1.0,3.0,1.0,1.0,1.0,1.0,2.0,,,,1.0,2.0,2.0,1.0,3.0,3.0,3.0,,,1.0,2.0,3.0,1.0,2.0,1.0,3.0,4.0,,,1.0,3.0,2.0,2.0,3.0,3.0,1.0,1.0,1.0,,1.0,2.0,2.0,1.0,1.0,1.0,2.0,0.0,1.0,1.0,1.0,1.0,,1.0,2.0,1.0,2.0,1.0,1.0,1.0,0.0,2.0,1.0,1.0,1.0,1.0,,1.0,2.0,3.0,1.0,1.0,1.0,3.0,0.0,3.0,2.0,3.0,2.0,2.0,1.0,1.0,2.0,2.0,1.0,1.0,2.0,2.0,1.0,1.0,1.0,1.0,2.0,1.0,0.0,2.0,2.0,0.0,2.0,2.0,1.0,1.0,1.0,2.0,3.0,2.0,2.0,1.0,1.0,1.0,1.0,1.0,2.0,1.0,2.0,0.0,0.0,1.0,1.0,2.0,2.0,2.0,2.0,2.0,3.0,4.0,4.0,1.0,1.0,2.0,1.0,1.0,1.0,1.0,1.0,2.0,2.0,2.0,2.0,3.0,3.0,1.0,4.0,3.0,1.0,1.0,1.0,2.0,1.0,1.0,1.0,2.0,3.0,3.0,2.0,1.0,1.0,1.0,2.0,2.0,2.0,3.0,3.0,2.0,1.0,1.0,1.0,2.0,1.0,1.0,1.0,2.0,1.0,1.0,1.0,2.0,1.0,0.0,1.0,1.0,,0.0,0.0,0.0,1.0,1.0,3.0,0.0,1.0,2.0,2.0,2.0,2.0,-1.0,1.0,1.0,1.0,1.0,1.0,1.0,1.0,1.0,2.0,2.0,2.0,,,,,,,,,,,,,,,,,,,,,,,,,,,,,,,,2.0,2.0,2.0,1.0,1.0,2.0,3.0,1.0,1.0,2.0,1.0,0.0,,,-1.0,,,-1.0,2.0,1.0,1.0,2.0,4.0,,,,,,,,,-1.0,-1.0,-1.0,-1.0,-1.0,3.0,1.0,1.0,1.0,1.0,,,,,,,,-1.0,-1.0,-1.0,-1.0,-1.0,,,,,,-1.0,-1.0,2.0,,,-1.0,2.0,,,,,,,,3.0,0.0,,,,,,,1.0,,,,,,,,,,,,,,,,,,,1.0,1.0,1.0,-1.0,-1.0,1.0,-1.0,-1.0,-1.0,-1.0,-1.0,-1.0,-1.0,-1.0,-1.0,-1.0,-1.0,-1.0,-1.0,-1.0,-1.0,-1.0,-1.0,-1.0,-1.0,-1.0,-1.0,-1.0,-1.0,1.0,-1.0,-1.0,-1.0,-1.0,-1.0,1.0,-1.0,-1.0,-1.0,-1.0,1.0,-1.0,-1.0,-1.0,-1.0,1.0,-1.0,-1.0,-1.0,-1.0,1.0,1.0,-1.0,-1.0,-1.0,-1.0,1.0,1.0,1.0,-1.0,-1.0,-1.0,-1.0,-1.0,-1.0,-1.0,1.0,1.0,-1.0,-1.0,-1.0,-1.0,-1.0,-1.0,1.0,1.0,1.0,-1.0,-1.0,-1.0,-1.0,1.0,1.0,-1.0,0.0,0.0,,,,,,,,,,,,,,,,,,,,,,,,,,,,,,,,,,,
1923_hausermann,,,5.0,3.0,4.0,4.0,7.0,5.0,5.0,6.0,1.0,3.0,7.0,5.0,5.0,6.0,4.0,10.0,9.0,7.0,8.0,1.0,4.0,8.0,5.0,5.0,10.0,13.0,15.0,11.0,5.0,3.0,3.0,0.0,3.0,9.0,10.0,15.0,6.0,1.0,13.0,8.0,7.0,3.0,7.0,5.0,4.0,3.0,8.0,4.0,9,7.0,6.0,4.0,4.0,4.0,4.0,8.0,3.0,4.0,11,2,9,6,1,8,8.0,3.0,5.0,2.0,5.0,8.0,1.0,4.0,11.0,6,12,4,5,5,2.0,3.0,3.0,8.0,3.0,4.0,6.0,11.0,6.0,13.0,8.0,7.0,5.0,6.0,6.0,6.0,1.0,10.0,7.0,3.0,14.0,12.0,13.0,3.0,3.0,11.0,10.0,6.0,1.0,8.0,7.0,7.0,6.0,7.0,10.0,1.0,11.0,7.0,3.0,1.0,5.0,14.0,14.0,5.0,1.0,3.0,2.0,3.0,2.0,11.0,8.0,4.0,9.0,1.0,1.0,1.0,5.0,8.0,4.0,4.0,3.0,5.0,,3.0,7.0,6.0,4.0,7.0,6.0,5.0,,,,,,,1.0,,2.0,4.0,2.0,3.0,,3.0,2.0,2.0,2.0,1.0,1.0,1.0,1.0,1.0,,,,,2.0,1.0,4.0,7.0,3.0,1.0,1.0,1.0,3.0,1.0,1.0,2.0,2.0,3.0,3.0,,4.0,2.0,2.0,2.0,1.0,,2.0,2.0,1.0,0.0,0.0,1.0,1.0,1.0,1.0,,2.0,2.0,1.0,0.0,0.0,1.0,1.0,1.0,1.0,2.0,,,1.0,1.0,1.0,1.0,1.0,1.0,1.0,1.0,,,,,2.0,2.0,2.0,1.0,1.0,2.0,1.0,0.0,1.0,1.0,0.0,0.0,1.0,2.0,1.0,1.0,1.0,1.0,2.0,1.0,1.0,0.0,0.0,2.0,2.0,2.0,1.0,1.0,1.0,2.0,1.0,2.0,1.0,1.0,1.0,1.0,1.0,1.0,1.0,1.0,3.0,2.0,1.0,1.0,1.0,3.0,1.0,1.0,2.0,1.0,1.0,2.0,1.0,1.0,1.0,2.0,2.0,1.0,3.0,3.0,3.0,1.0,1.0,1.0,2.0,3.0,1.0,2.0,1.0,3.0,4.0,1.0,1.0,1.0,3.0,2.0,2.0,3.0,3.0,1.0,2.0,1.0,1.0,1.0,2.0,2.0,1.0,2.0,1.0,2.0,1.0,1.0,1.0,1.0,1.0,1.0,1.0,2.0,1.0,2.0,1.0,2.0,2.0,3.0,2.0,2.0,1.0,1.0,1.0,1.0,1.0,2.0,3.0,1.0,1.0,1.0,2.0,2.0,1.0,1.0,1.0,1.0,1.0,2.0,1.0,1.0,2.0,1.0,1.0,2.0,2.0,1.0,1.0,1.0,1.0,2.0,1.0,2.0,2.0,2.0,2.0,2.0,2.0,2.0,-1.0,-1.0,1.0,3.0,2.0,2.0,4.0,1.0,1.0,1.0,1.0,2.0,1.0,2.0,1.0,1.0,1.0,1.0,2.0,2.0,2.0,2.0,-1.0,2.0,3.0,4.0,1.0,1.0,2.0,1.0,1.0,1.0,1.0,1.0,2.0,2.0,2.0,2.0,3.0,3.0,1.0,4.0,-1.0,1.0,1.0,1.0,2.0,1.0,1.0,1.0,3.0,2.0,3.0,2.0,1.0,1.0,1.0,2.0,2.0,2.0,3.0,3.0,2.0,1.0,1.0,1.0,2.0,1.0,1.0,1.0,2.0,1.0,,,,,1.0,1.0,2.0,,1.0,1.0,1.0,1.0,1.0,3.0,1.0,1.0,2.0,2.0,2.0,3.0,1.0,1.0,1.0,1.0,1.0,1.0,1.0,1.0,1.0,1.0,2.0,2.0,,,,,,,,,,,,,,,,,,,,,,,,,,,,,,,,,,,,,,,,,,,1.0,1.0,,,,,,,,,,,,,,,,,,,,,,,,,,,,,,,,,,,,,,,,,,,,,,,,,,,,,,,,,,,,3.0,1.0,,,,,,,,,,,,,,,,,,,,,,,,,,,,,,,,,,,,,,,,,,,,,,,,,,,,,,,,,,,,,,,,,,,,,,,,,,,,,,,,,,,,,,,,,,,,,,,,,,,,,,,,,,,,,,,,,,,,,,,,,,,,,,,,,,,,,,,,,,,,,,,,,,
1923_hausermann_2,,,,,,,,,,,,,,,,,,,,,,,,,,,,,,,,,,,,,11.0,8.0,6.0,3.0,13.0,,,,,,3.0,5.0,8.0,4.0,8,9.0,8.0,6.0,,,,,2.0,4.0,6,6,7,12,3,9,9.0,,,,,6.0,7.0,10.0,11.0,10,8,2,5,4,5.0,,,,10.0,10.0,6.0,13.0,3.0,13.0,8.0,9.0,9.0,4.0,,,,12.0,8.0,5.0,12.0,12.0,0.0,1.0,3.0,11.0,,,,7.0,8.0,7.0,5.0,8.0,5.0,8.0,12.0,,,,,,,,,,,,,,,,,,,,,,,,,,,,6.0,7.0,,,,,,,,,,,,,,,,,,,,,,,,,,,,,,,,,,7.0,,,,,,,,,,,,,,,,,,,,,,,,,,,,,,,,,,,,,,,,,,,,,,,,,,,,,,,,,,,,,,,,,,,,,,,,,,,,,,,,,,,,,,,,,,,,,,,,,,,,,,,,,,,,,,,,,,,,,,,,,,,,,,,,,,,,,,,,,,,,,,,,,,,,,,,,,,,,,,,,,,,,,,,,,,,,,,,,,,,,,,,,,,,,,,,,,,,,,,,,,,,,,,,,,,,,,,,,,,,,,,,,,,,,,,,,,,,,,,,,,,,,,,,,,,,,,,,,,,,,,,,,,,,,,,,,,,,,,,,,,,,,,,,,,,,,,,,,,,,,,,,,,,,,,,,,,,,,,,,,,,,,,,,,,,,,,,,,,,,,,,,,,,,,,,,,,,,,,,,,,,,,,,,,,,,,,,,,,,,,,,,,,,,,,,,,,,,,,,,,,,,,,,,,,,,,,,,,,,,,,,,,,,,,,,,,,,,,,,,,,,,,,,,,,,,,,,,,,,,,,,,,,,,,,,,,,,,,,,,,,,,,,,,,,,,,,,,,,,,,,,,,,,,,,,,,,,,,,,,,,,,,,,,,,,,,,,,,,,,,,,,,,,,,,,,
1923_palestineLandDevelopment,1.0,4.0,6.0,2.0,4.0,4.0,5.0,5.0,5.0,6.0,3.0,3.0,7.0,7.0,6.0,6.0,3.0,8.0,6.0,9.0,7.0,1.0,1.0,8.0,5.0,5.0,10.0,13.0,0.0,12.0,7.0,3.0,3.0,1.0,3.0,8.0,11.0,12.0,0.0,3.0,13.0,8.0,7.0,3.0,7.0,5.0,3.0,7.0,4.0,6.0,8,9.0,8.0,6.0,6.0,4.0,2.0,6.0,2.0,4.0,6,1,4,12,3,9,9.0,4.0,7.0,2.0,6.0,6.0,7.0,10.0,11.0,6,6,4,5,6,2.0,3.0,7.0,2.0,3.0,10.0,6.0,11.0,3.0,0.0,8.0,7.0,9.0,10.0,6.0,3.0,2.0,0.0,8.0,3.0,12.0,12.0,13.0,1.0,3.0,11.0,10.0,6.0,2.0,6.0,7.0,7.0,6.0,8.0,5.0,8.0,12.0,7.0,3.0,1.0,9.0,14.0,16.0,8.0,5.0,9.0,5.0,2.0,3.0,12.0,10.0,4.0,4.0,2.0,1.0,1.0,4.0,5.0,6.0,1.0,4.0,1.0,,6.0,7.0,0.0,2.0,6.0,7.0,-1.0,,,,,,,1.0,1.0,2.0,0.0,2.0,6.0,2.0,2.0,3.0,1.0,1.0,1.0,1.0,1.0,1.0,1.0,,,,,2.0,4.0,4.0,7.0,3.0,1.0,4.0,1.0,4.0,3.0,1.0,2.0,1.0,2.0,4.0,2.0,4.0,2.0,2.0,2.0,1.0,,2.0,0.0,0.0,0.0,1.0,1.0,1.0,1.0,1.0,,2.0,2.0,0.0,0.0,0.0,0.0,1.0,1.0,1.0,2.0,,,0.0,0.0,1.0,1.0,0.0,1.0,1.0,1.0,0.0,0.0,,,2.0,2.0,2.0,1.0,1.0,2.0,1.0,1.0,1.0,1.0,1.0,1.0,2.0,2.0,1.0,1.0,1.0,1.0,1.0,1.0,1.0,1.0,1.0,2.0,1.0,2.0,1.0,1.0,3.0,1.0,2.0,1.0,1.0,1.0,1.0,1.0,1.0,3.0,2.0,2.0,2.0,1.0,1.0,1.0,1.0,3.0,1.0,2.0,0.0,2.0,2.0,1.0,1.0,1.0,,2.0,0.0,0.0,0.0,0.0,0.0,2.0,1.0,,2.0,3.0,0.0,0.0,0.0,0.0,4.0,1.0,1.0,,1.0,2.0,0.0,0.0,3.0,1.0,1.0,0.0,,,3.0,2.0,0.0,1.0,1.0,2.0,2.0,1.0,1.0,1.0,1.0,,,1.0,1.0,2.0,1.0,1.0,1.0,4.0,2.0,2.0,1.0,1.0,1.0,,,1.0,2.0,1.0,1.0,1.0,3.0,3.0,3.0,2.0,2.0,3.0,2.0,1.0,1.0,2.0,2.0,1.0,1.0,2.0,2.0,1.0,1.0,1.0,1.0,2.0,1.0,2.0,2.0,2.0,2.0,2.0,2.0,1.0,2.0,1.0,1.0,1.0,2.0,2.0,1.0,1.0,1.0,1.0,1.0,2.0,1.0,2.0,1.0,1.0,1.0,1.0,2.0,2.0,2.0,2.0,1.0,1.0,1.0,2.0,1.0,1.0,2.0,1.0,1.0,1.0,1.0,1.0,2.0,2.0,2.0,2.0,3.0,2.0,2.0,3.0,1.0,2.0,1.0,1.0,2.0,1.0,1.0,1.0,3.0,3.0,1.0,1.0,2.0,3.0,1.0,2.0,2.0,2.0,3.0,3.0,1.0,3.0,1.0,1.0,2.0,1.0,1.0,1.0,2.0,1.0,,2.0,1.0,1.0,2.0,1.0,1.0,,0.0,1.0,1.0,1.0,1.0,3.0,1.0,1.0,2.0,2.0,2.0,3.0,1.0,3.0,1.0,1.0,1.0,1.0,1.0,1.0,1.0,1.0,2.0,2.0,,,,,,,,,,,,,,,,,,,,,,,,,,,,,,,,2.0,3.0,2.0,0.0,0.0,2.0,1.0,2.0,2.0,2.0,0.0,0.0,1.0,,0.0,,,,,,0.0,0.0,0.0,,,,,,,,,,,,,,2.0,0.0,0.0,0.0,1.0,,,,,,,,,,,,2.0,,,,,,,,,,,,0.0,,,,,,,,3.0,,,,,,,,,,,,,,,,,,,,,,,,,,,,,,,,,,,,,,,,,,,,,,,,,,,,,,,,,,,,,,,,,,,,,,,,,,,,,,,,,,,,,,,,,,,,,,,,,,,,,,,,,,,,,,,,,,,,,,,,,,,,,,,,,,,,,,,,,,,,,,,,,,,
1924_cook,,,,,,,,,,,,,7.0,5.0,6.0,8.0,4.0,10.0,9.0,5.0,5.0,8.0,2.0,6.0,5.0,5.0,7.0,3.0,13.0,14.0,7.0,3.0,,1.0,3.0,8.0,11.0,12.0,8.0,2.0,12.0,3.0,,,7.0,4.0,3.0,6.0,6.0,5.0,8,7.0,6.0,,,,2.0,6.0,3.0,3.0,10,1,9,14,3,6,12.0,,,,8.0,8.0,7.0,9.0,11.0,11,6,4,7,7,10.0,,,,10.0,11.0,7.0,11.0,14.0,7.0,3.0,10.0,2.0,7.0,,,,1.0,10.0,4.0,7.0,18.0,11.0,1.0,5.0,3.0,,,,7.0,7.0,10.0,6.0,7.0,9.0,11.0,7.0,,,,9.0,7.0,14.0,3.0,6.0,8.0,2.0,,,11.0,8.0,4.0,2.0,4.0,2.0,,4.0,2.0,3.0,4.0,2.0,2.0,,3.0,7.0,7.0,6.0,8.0,4.0,7.0,,,,,,,,,,,,6.0,,,,,,,,,,,,,,,,2.0,3.0,7.0,,1.0,1.0,1.0,4.0,,,,1.0,1.0,1.0,,,,,,,,,,,,,,,,,,,,,,1.0,1.0,0.0,1.0,1.0,2.0,,,1.0,1.0,1.0,1.0,1.0,1.0,1.0,1.0,,,,,2.0,2.0,2.0,1.0,1.0,2.0,1.0,1.0,,,,,2.0,1.0,1.0,1.0,1.0,1.0,1.0,,,,,2.0,1.0,2.0,1.0,1.0,1.0,1.0,,,,,1.0,1.0,1.0,2.0,1.0,1.0,3.0,,,,1.0,3.0,1.0,1.0,1.0,1.0,1.0,,,,1.0,2.0,2.0,1.0,3.0,1.0,2.0,,,1.0,2.0,3.0,1.0,2.0,2.0,3.0,2.0,,,1.0,1.0,2.0,2.0,3.0,3.0,1.0,1.0,,,2.0,3.0,2.0,1.0,2.0,1.0,2.0,2.0,,,,,,1.0,1.0,1.0,2.0,1.0,2.0,2.0,3.0,,,,,,,,,,,,,,,,,,,,,,,,,,,,,,,,,,,,,,,,,,,,,,,,,,,,,,,,,,,,,,,,,,,,,,,,,,,,,,,,,,,,,,,,,,,,,,,,,,,,,,,,,,,,,,,,,1.0,,,,,,,,,,,,,,,,,,,,,,,,,,,,,,,,,,,,,,,,,,,,,,,,,,,,,,,,,,,,,,,,,,,,,,,,,,,,,,,,,,,,,,,,,,,,,,,,,,,,,,,,,,,,,,,,,,,,,,,,,,,,,,,,,,,,,,,,,,,,,,,,,,,,,,,,,,,,,,,,,,,,,,,,,,,,,,,,,,,,,,,,,,,,,,,,,,,,,,,,,,,,,,,,,,,,,,,,,,,,,,,,,,,,,,,,,,,,,,,,,,,,,,,,,,,,,,,,,,,,,,,,,,,,,,,,,,,,,,,,,,
1924_palestineLandDevelopment,1.0,3.0,6.0,3.0,4.0,4.0,7.0,5.0,5.0,6.0,3.0,3.0,7.0,7.0,6.0,6.0,3.0,8.0,9.0,7.0,8.0,1.0,1.0,6.0,5.0,5.0,10.0,13.0,15.0,12.0,5.0,3.0,3.0,2.0,3.0,8.0,10.0,12.0,0.0,1.0,13.0,8.0,7.0,3.0,7.0,6.0,3.0,7.0,6.0,4.0,9,8.0,8.0,6.0,6.0,4.0,2.0,6.0,3.0,2.0,10,6,9,12,1,9,9.0,1.0,7.0,2.0,6.0,6.0,7.0,10.0,11.0,6,8,8,5,6,2.0,5.0,7.0,2.0,3.0,10.0,8.0,11.0,3.0,13.0,8.0,7.0,5.0,10.0,5.0,4.0,2.0,12.0,8.0,5.0,0.0,12.0,13.0,3.0,3.0,11.0,10.0,6.0,2.0,6.0,8.0,7.0,6.0,0.0,5.0,8.0,12.0,6.0,3.0,1.0,9.0,14.0,16.0,8.0,5.0,9.0,5.0,2.0,2.0,12.0,10.0,4.0,4.0,2.0,1.0,1.0,4.0,5.0,6.0,1.0,4.0,1.0,,6.0,6.0,7.0,4.0,8.0,4.0,8.0,,,,,,,1.0,1.0,2.0,3.0,2.0,6.0,2.0,3.0,3.0,1.0,1.0,1.0,1.0,1.0,1.0,1.0,,,,,2.0,2.0,4.0,7.0,3.0,1.0,1.0,1.0,4.0,3.0,1.0,2.0,1.0,0.0,0.0,1.0,3.0,2.0,2.0,2.0,1.0,2.0,2.0,2.0,1.0,1.0,1.0,1.0,1.0,1.0,1.0,,2.0,2.0,1.0,1.0,1.0,1.0,1.0,1.0,1.0,2.0,,,1.0,1.0,1.0,1.0,1.0,1.0,1.0,1.0,1.0,1.0,1.0,,2.0,2.0,2.0,1.0,1.0,2.0,1.0,1.0,1.0,1.0,1.0,1.0,1.0,2.0,1.0,1.0,1.0,1.0,1.0,1.0,1.0,1.0,1.0,2.0,2.0,2.0,1.0,1.0,3.0,1.0,1.0,2.0,1.0,1.0,1.0,1.0,1.0,3.0,2.0,2.0,2.0,2.0,1.0,1.0,1.0,3.0,1.0,2.0,3.0,2.0,2.0,1.0,1.0,0.0,1.0,2.0,2.0,1.0,3.0,3.0,3.0,0.0,0.0,1.0,2.0,3.0,1.0,2.0,1.0,3.0,4.0,1.0,0.0,1.0,3.0,2.0,2.0,3.0,2.0,1.0,1.0,1.0,0.0,1.0,2.0,2.0,1.0,2.0,1.0,2.0,2.0,1.0,1.0,1.0,1.0,1.0,1.0,2.0,1.0,2.0,1.0,0.0,0.0,0.0,1.0,2.0,1.0,1.0,1.0,1.0,1.0,2.0,3.0,1.0,0.0,0.0,0.0,0.0,0.0,0.0,3.0,2.0,2.0,1.0,1.0,2.0,2.0,1.0,1.0,2.0,2.0,2.0,1.0,1.0,1.0,2.0,0.0,0.0,0.0,0.0,0.0,0.0,0.0,1.0,1.0,2.0,1.0,1.0,2.0,2.0,1.0,1.0,1.0,1.0,2.0,2.0,,2.0,0.0,0.0,0.0,0.0,0.0,0.0,2.0,2.0,1.0,1.0,1.0,2.0,1.0,1.0,2.0,1.0,1.0,2.0,2.0,,0.0,2.0,2.0,2.0,1.0,2.0,2.0,2.0,1.0,2.0,1.0,1.0,2.0,1.0,,,3.0,3.0,1.0,1.0,2.0,3.0,1.0,2.0,2.0,,,,1.0,3.0,1.0,,,,,,,,1.0,1.0,1.0,1.0,0.0,0.0,1.0,,0.0,1.0,1.0,1.0,1.0,3.0,1.0,1.0,2.0,2.0,2.0,3.0,1.0,3.0,,,,,,,,,,,,,,,,,,,,,,,,,,,,,,,,,,,,,,,,,,2.0,2.0,2.0,1.0,1.0,2.0,3.0,1.0,1.0,2.0,2.0,1.0,,,,,,,,,1.0,2.0,4.0,,,,,,,,,,,,,,3.0,1.0,1.0,1.0,1.0,,,,,,,,,,,,,,,,,,,,,,,,2.0,,,,,,,,,,,,,,,,1.0,,,,,,,,,,1.0,,,,,,,,,1.0,1.0,1.0,,,,,,,,,,,,,,,,,,,,,,,,,,,1.0,,,,,,1.0,,,,,1.0,,,,,1.0,,,,,1.0,1.0,,,,,1.0,1.0,1.0,,,,,,,,,,,,,,,,,,,,,,,,,,,,,,,,,,,,,,,,,,,,,,,,,,,,,,,,,,,,,,
1924_surveyOfEgypt,1.0,4.0,5.0,3.0,4.0,4.0,7.0,5.0,5.0,6.0,3.0,3.0,7.0,7.0,5.0,7.0,3.0,8.0,9.0,9.0,7.0,8.0,2.0,5.0,5.0,5.0,7.0,15.0,13.0,14.0,7.0,3.0,3.0,1.0,3.0,9.0,10.0,12.0,6.0,3.0,13.0,8.0,7.0,3.0,7.0,5.0,3.0,7.0,6.0,8.0,9,7.0,8.0,8.0,4.0,4.0,3.0,6.0,2.0,2.0,6,2,9,12,3,9,9.0,5.0,7.0,2.0,6.0,6.0,7.0,10.0,11.0,6,8,4,7,6,2.0,6.0,3.0,1.0,10.0,10.0,8.0,11.0,3.0,13.0,8.0,11.0,9.0,10.0,6.0,4.0,2.0,12.0,0.0,5.0,14.0,12.0,0.0,0.0,3.0,11.0,10.0,6.0,0.0,7.0,5.0,7.0,6.0,8.0,5.0,6.0,12.0,4.0,3.0,0.0,9.0,13.0,16.0,5.0,8.0,7.0,3.0,2.0,2.0,11.0,10.0,3.0,2.0,4.0,1.0,3.0,4.0,2.0,3.0,3.0,3.0,5.0,2.0,6.0,6.0,6.0,6.0,8.0,4.0,7.0,1.0,2.0,2.0,1.0,4.0,3.0,1.0,1.0,2.0,3.0,,6.0,2.0,3.0,0.0,0.0,0.0,0.0,0.0,1.0,1.0,0.0,1.0,0.0,0.0,1.0,,2.0,3.0,7.0,2.0,1.0,1.0,1.0,4.0,1.0,1.0,2.0,1.0,1.0,1.0,2.0,4.0,2.0,2.0,2.0,1.0,2.0,2.0,2.0,1.0,1.0,1.0,1.0,1.0,1.0,1.0,0.0,2.0,2.0,1.0,1.0,2.0,1.0,1.0,1.0,1.0,2.0,,,1.0,1.0,1.0,1.0,1.0,1.0,1.0,1.0,,,,,1.0,1.0,1.0,1.0,1.0,2.0,1.0,1.0,,,,,1.0,2.0,1.0,1.0,1.0,1.0,1.0,,,,,1.0,2.0,1.0,1.0,1.0,2.0,3.0,,,,,,1.0,1.0,3.0,2.0,2.0,2.0,,,,,3.0,1.0,1.0,1.0,2.0,2.0,,,,1.0,2.0,2.0,1.0,3.0,3.0,3.0,,,1.0,3.0,3.0,1.0,2.0,1.0,3.0,2.0,,,1.0,1.0,2.0,2.0,3.0,3.0,1.0,1.0,0.0,,1.0,2.0,1.0,1.0,2.0,1.0,1.0,2.0,1.0,1.0,0.0,0.0,,1.0,2.0,1.0,2.0,1.0,2.0,3.0,3.0,1.0,0.0,0.0,0.0,0.0,,1.0,2.0,3.0,1.0,1.0,2.0,1.0,3.0,3.0,2.0,3.0,2.0,2.0,1.0,1.0,1.0,2.0,2.0,2.0,1.0,1.0,2.0,2.0,2.0,1.0,2.0,2.0,1.0,1.0,1.0,2.0,2.0,1.0,1.0,2.0,1.0,2.0,2.0,2.0,2.0,2.0,2.0,2.0,3.0,2.0,1.0,2.0,1.0,2.0,2.0,2.0,2.0,2.0,2.0,2.0,1.0,2.0,3.0,4.0,1.0,2.0,2.0,1.0,2.0,2.0,2.0,2.0,2.0,2.0,2.0,2.0,1.0,1.0,2.0,1.0,1.0,3.0,3.0,2.0,2.0,1.0,2.0,0.0,0.0,1.0,2.0,3.0,2.0,3.0,3.0,2.0,1.0,1.0,1.0,1.0,1.0,3.0,2.0,2.0,2.0,1.0,3.0,1.0,2.0,1.0,3.0,1.0,2.0,1.0,1.0,3.0,2.0,2.0,0.0,2.0,1.0,1.0,1.0,2.0,1.0,1.0,1.0,1.0,1.0,1.0,1.0,1.0,1.0,,,,,,1.0,1.0,2.0,1.0,1.0,,,,,,,,,,,,,,,,,,,,,,,,,,,,,,,,2.0,3.0,2.0,2.0,3.0,1.0,1.0,2.0,2.0,2.0,2.0,1.0,,,,,,,2.0,1.0,2.0,4.0,3.0,1.0,2.0,1.0,1.0,1.0,1.0,1.0,1.0,1.0,0.0,1.0,2.0,2.0,2.0,2.0,3.0,2.0,3.0,2.0,1.0,1.0,1.0,1.0,1.0,2.0,1.0,1.0,1.0,1.0,2.0,1.0,1.0,1.0,0.0,0.0,1.0,1.0,1.0,0.0,0.0,1.0,2.0,0.0,0.0,,,,,,1.0,2.0,,,,,,,1.0,,,,,,,,,,,,,,,,,,,,1.0,1.0,,,1.0,,,,,,,,,,,,,,,,,,,,,,,,,,,,,,,,,,,,,,,,,,,,,,,,,,,,,1.0,,,,,,,,1.0,1.0,,,,,,,1.0,1.0,1.0,,,,,1.0,1.0,,,,,,,,,,,,,,,,,,,,,,,,,,,,,,,,,,,,,,
1924_surveyOfEgypt_2,1.0,4.0,6.0,2.0,4.0,4.0,7.0,5.0,5.0,4.0,1.0,7.0,3.0,7.0,6.0,6.0,4.0,8.0,7.0,3.0,7.0,8.0,1.0,6.0,4.0,5.0,7.0,4.0,5.0,14.0,7.0,3.0,3.0,1.0,3.0,8.0,11.0,11.0,8.0,7.0,13.0,10.0,7.0,3.0,7.0,5.0,3.0,7.0,6.0,4.0,8,9.0,8.0,3.0,1.0,5.0,3.0,6.0,3.0,2.0,6,2,9,0,3,0,8.0,3.0,6.0,2.0,6.0,6.0,7.0,10.0,11.0,6,8,4,7,0,2.0,5.0,7.0,1.0,10.0,10.0,8.0,13.0,0.0,13.0,8.0,11.0,9.0,10.0,5.0,4.0,1.0,11.0,8.0,5.0,12.0,12.0,11.0,3.0,3.0,6.0,6.0,6.0,2.0,9.0,10.0,10.0,6.0,7.0,6.0,6.0,11.0,7.0,3.0,1.0,7.0,7.0,14.0,5.0,8.0,7.0,3.0,3.0,3.0,11.0,8.0,3.0,2.0,4.0,2.0,3.0,4.0,2.0,3.0,4.0,2.0,2.0,2.0,6.0,6.0,7.0,6.0,9.0,6.0,7.0,1.0,2.0,2.0,0.0,4.0,0.0,1.0,1.0,3.0,4.0,2.0,6.0,,3.0,3.0,1.0,1.0,1.0,1.0,1.0,1.0,1.0,0.0,0.0,1.0,,,2.0,4.0,7.0,3.0,1.0,1.0,1.0,4.0,1.0,2.0,2.0,1.0,1.0,1.0,2.0,4.0,2.0,2.0,2.0,1.0,2.0,2.0,2.0,1.0,1.0,1.0,1.0,1.0,1.0,1.0,,2.0,2.0,0.0,0.0,2.0,1.0,1.0,1.0,1.0,2.0,,,1.0,0.0,1.0,1.0,1.0,1.0,0.0,0.0,,,,,2.0,2.0,2.0,1.0,1.0,2.0,1.0,1.0,,,,,2.0,1.0,1.0,1.0,1.0,0.0,1.0,,,,,2.0,1.0,2.0,1.0,1.0,2.0,3.0,,,,,,1.0,1.0,2.0,2.0,2.0,2.0,,,,,3.0,1.0,1.0,1.0,2.0,2.0,,,,1.0,2.0,2.0,1.0,3.0,3.0,2.0,,,1.0,2.0,3.0,1.0,2.0,1.0,2.0,3.0,,,1.0,3.0,1.0,2.0,2.0,3.0,1.0,1.0,1.0,,1.0,2.0,2.0,1.0,1.0,1.0,1.0,2.0,2.0,1.0,1.0,1.0,,1.0,2.0,1.0,2.0,1.0,2.0,3.0,3.0,1.0,0.0,1.0,1.0,1.0,,1.0,2.0,3.0,2.0,1.0,2.0,1.0,3.0,3.0,2.0,3.0,2.0,2.0,1.0,3.0,1.0,1.0,2.0,2.0,2.0,2.0,2.0,2.0,2.0,1.0,2.0,2.0,1.0,1.0,1.0,2.0,2.0,1.0,1.0,1.0,1.0,2.0,2.0,2.0,1.0,2.0,2.0,2.0,3.0,2.0,2.0,2.0,1.0,2.0,2.0,2.0,2.0,2.0,2.0,2.0,1.0,2.0,3.0,2.0,1.0,2.0,2.0,1.0,2.0,2.0,2.0,2.0,2.0,2.0,2.0,2.0,1.0,1.0,2.0,1.0,1.0,3.0,3.0,2.0,2.0,1.0,2.0,2.0,2.0,1.0,2.0,3.0,2.0,3.0,3.0,2.0,1.0,1.0,1.0,1.0,1.0,3.0,2.0,2.0,2.0,1.0,3.0,1.0,2.0,1.0,3.0,1.0,2.0,1.0,1.0,3.0,2.0,2.0,,2.0,1.0,1.0,1.0,2.0,1.0,1.0,1.0,1.0,1.0,1.0,1.0,1.0,1.0,,,,,,1.0,1.0,2.0,1.0,1.0,,,,,,,,,,,,,,,,,,,,,,,,,,,,,,,,2.0,0.0,2.0,2.0,3.0,1.0,1.0,2.0,2.0,2.0,2.0,1.0,,,,,,,2.0,1.0,2.0,4.0,3.0,1.0,2.0,1.0,1.0,1.0,1.0,1.0,0.0,1.0,1.0,0.0,0.0,0.0,2.0,2.0,3.0,2.0,3.0,2.0,1.0,1.0,1.0,1.0,1.0,0.0,1.0,1.0,1.0,1.0,2.0,1.0,1.0,1.0,1.0,2.0,1.0,1.0,1.0,0.0,1.0,1.0,2.0,1.0,,,,,,,1.0,2.0,,,,,,,1.0,,,,,,,,,,,,,,,,,,,,,,,,0.0,,,,,,,,,,,,,,,,,,,,,,,,,,,,,,,,,,,,,,,,,,,,,,,,,,,,,,,,,,,,,1.0,1.0,,,,,,,1.0,1.0,1.0,,,,,1.0,1.0,,,,,,,,,,,,,,,,,,,,,,,,,,,,,,,,,,,,,,
1924_surveyOfEgypt_3,2.0,4.0,5.0,3.0,4.0,4.0,7.0,5.0,2.0,4.0,3.0,3.0,7.0,7.0,6.0,6.0,3.0,8.0,6.0,3.0,7.0,8.0,1.0,6.0,5.0,5.0,10.0,14.0,5.0,14.0,7.0,3.0,3.0,1.0,3.0,9.0,10.0,12.0,6.0,2.0,13.0,8.0,7.0,3.0,7.0,5.0,3.0,8.0,6.0,4.0,9,7.0,8.0,3.0,1.0,5.0,2.0,8.0,2.0,2.0,6,6,9,14,4,9,8.0,3.0,6.0,2.0,3.0,8.0,6.0,3.0,8.0,9,8,2,7,6,8.0,5.0,7.0,1.0,10.0,10.0,8.0,11.0,13.0,10.0,7.0,11.0,8.0,10.0,5.0,4.0,1.0,11.0,8.0,2.0,14.0,18.0,10.0,3.0,3.0,11.0,10.0,6.0,2.0,7.0,5.0,5.0,6.0,7.0,6.0,6.0,12.0,7.0,2.0,1.0,7.0,13.0,14.0,5.0,8.0,7.0,3.0,0.0,0.0,11.0,8.0,3.0,2.0,4.0,2.0,3.0,4.0,2.0,3.0,3.0,2.0,2.0,2.0,6.0,7.0,6.0,5.0,9.0,6.0,8.0,1.0,2.0,2.0,1.0,4.0,3.0,1.0,1.0,3.0,4.0,2.0,5.0,2.0,3.0,3.0,1.0,0.0,0.0,0.0,0.0,0.0,0.0,1.0,2.0,1.0,1.0,,2.0,3.0,7.0,2.0,1.0,1.0,1.0,4.0,1.0,0.0,2.0,1.0,1.0,1.0,2.0,4.0,2.0,2.0,2.0,1.0,2.0,2.0,2.0,1.0,1.0,1.0,1.0,1.0,1.0,1.0,1.0,2.0,2.0,1.0,1.0,2.0,1.0,1.0,1.0,1.0,2.0,,,1.0,1.0,1.0,1.0,1.0,0.0,1.0,1.0,,,,,1.0,1.0,1.0,1.0,1.0,2.0,1.0,1.0,,,,,1.0,2.0,1.0,1.0,1.0,1.0,1.0,,,,,1.0,2.0,1.0,1.0,1.0,2.0,1.0,,,,,,1.0,1.0,3.0,2.0,2.0,4.0,,,,,3.0,1.0,1.0,1.0,2.0,2.0,,,,,2.0,2.0,1.0,3.0,3.0,3.0,,,1.0,2.0,3.0,1.0,2.0,1.0,3.0,2.0,,,1.0,1.0,2.0,2.0,3.0,3.0,1.0,1.0,,,2.0,3.0,2.0,1.0,2.0,1.0,1.0,2.0,0.0,0.0,0.0,,,1.0,1.0,1.0,2.0,1.0,2.0,3.0,3.0,0.0,0.0,0.0,0.0,,,1.0,2.0,3.0,2.0,1.0,2.0,1.0,3.0,3.0,2.0,3.0,2.0,2.0,1.0,1.0,1.0,1.0,2.0,2.0,1.0,1.0,2.0,2.0,,1.0,2.0,2.0,1.0,1.0,1.0,2.0,2.0,1.0,1.0,1.0,0.0,0.0,2.0,2.0,1.0,3.0,2.0,2.0,3.0,2.0,2.0,,1.0,2.0,2.0,2.0,2.0,2.0,2.0,2.0,1.0,1.0,1.0,2.0,1.0,2.0,2.0,1.0,2.0,2.0,2.0,2.0,,2.0,2.0,2.0,1.0,1.0,2.0,2.0,2.0,2.0,4.0,2.0,2.0,1.0,2.0,2.0,2.0,,,,1.0,2.0,2.0,2.0,1.0,1.0,1.0,1.0,,,,2.0,2.0,1.0,3.0,1.0,2.0,1.0,3.0,1.0,2.0,1.0,1.0,3.0,2.0,2.0,,2.0,,,,,,,,,,,,,,,,,,,,,,,,,,,,,,,,,,,,,,,,,,,,,,,,,,,,,,,2.0,3.0,2.0,2.0,3.0,1.0,1.0,2.0,2.0,2.0,2.0,,,1.0,2.0,-1.0,1.0,1.0,2.0,1.0,2.0,3.0,3.0,1.0,2.0,1.0,1.0,1.0,1.0,1.0,1.0,1.0,1.0,1.0,2.0,2.0,2.0,2.0,3.0,2.0,3.0,2.0,1.0,1.0,1.0,1.0,1.0,1.0,1.0,1.0,1.0,1.0,2.0,1.0,1.0,2.0,1.0,1.0,1.0,1.0,1.0,1.0,1.0,1.0,2.0,1.0,,,,,,,1.0,2.0,,,,,,,1.0,,,,1.0,1.0,1.0,1.0,,1.0,,,,,,,,,,,,1.0,,,1.0,,,,,,,,,,,,,,,,,,,,,,,,,,,,,,,,,,,,,,,,,,,,,,,,,,,,,1.0,,,,,,,,1.0,1.0,,,,,,,1.0,1.0,1.0,,,,,1.0,1.0,,,,1.0,1.0,-1.0,-1.0,-1.0,1.0,1.0,1.0,1.0,0.0,0.0,-1.0,-1.0,-1.0,0.0,0.0,0.0,-1.0,-1.0,-1.0,-1.0,-1.0,-1.0,-1.0,-1.0,,,,,,,,,,
1925_americanColony,,,,,,4.0,7.0,5.0,5.0,6.0,3.0,3.0,7.0,7.0,5.0,6.0,3.0,8.0,6.0,3.0,7.0,8.0,2.0,5.0,5.0,4.0,9.0,14.0,5.0,14.0,7.0,3.0,3.0,0.0,3.0,8.0,11.0,13.0,6.0,3.0,13.0,8.0,7.0,3.0,0.0,5.0,3.0,8.0,6.0,4.0,8,7.0,8.0,8.0,3.0,2.0,2.0,8.0,2.0,4.0,10,6,9,14,3,9,5.0,5.0,1.0,2.0,6.0,6.0,7.0,10.0,11.0,6,8,4,7,6,2.0,5.0,4.0,1.0,3.0,10.0,8.0,11.0,3.0,13.0,8.0,11.0,9.0,10.0,6.0,6.0,4.0,11.0,8.0,5.0,14.0,12.0,13.0,3.0,3.0,11.0,10.0,0.0,0.0,7.0,5.0,10.0,6.0,8.0,5.0,6.0,12.0,7.0,,,7.0,13.0,14.0,5.0,8.0,7.0,,,,12.0,8.0,4.0,2.0,,,,5.0,8.0,8.0,,,,,6.0,6.0,7.0,4.0,7.0,5.0,5.0,,,,,,,,,,,,6.0,,,,,,,,,,,,,,,,4.0,3.0,8.0,3.0,1.0,1.0,0.0,4.0,,,,1.0,2.0,1.0,,,,,,,,,,,,,,,,,,,,,,,,,,,2.0,,,,,,,,,,0.0,,,,,,,,,,,,0.0,,,,,,,,,,,1.0,,,,,,,,,,,1.0,,,,,,,,,,,2.0,,,,,,,,,,,,,,,,,,,,,,,,,,,,,,2.0,,,,,,,,,,1.0,,,,,,,,,,2.0,,,,,,,,,,,,,,,,,,,,,,,,,,,,,,3.0,1.0,1.0,2.0,,,,,,,,,,,,,,,,,,,,,,,,,,,,,,,,,,,,,,,,,,,,,,,,,,,,,,,,,,,,,,,,,,,,,,,,,,,,,,,,,,,,,,,,,,,,,,,,,,,,,,,,,,,,,,,,,,,,,,,,,,,,,,,,,,,,,,,,,,,,,,,,,,,,,,,,,,,,,,,,,,,,,,,,,,,,,,,,,,,,,,,,,,,,,,,,,,,,,,,,,,,,,,,,,,,,,,,,,,,,,,,,,,,,,,,,,,,,,,,,,,,,,,,,,,,,,,,,,,,,,,,,,,,,,,,,,,,,,,,,,,,,,,,,,,,,,,,,,,,,,,,,,,,,,,,,,,,,,,,,,,,,,,,,,,,,,,,,,,,,,,,,,,,,,,,,,,,,,,,,,,,,,,,,,,,,,,,
1925_monzon,1.0,4.0,5.0,3.0,4.0,3.0,2.0,7.0,3.0,6.0,3.0,3.0,7.0,7.0,5.0,7.0,4.0,8.0,6.0,7.0,8.0,1.0,1.0,8.0,0.0,5.0,7.0,13.0,15.0,11.0,7.0,3.0,3.0,0.0,0.0,6.0,10.0,11.0,6.0,1.0,13.0,8.0,7.0,0.0,7.0,5.0,3.0,8.0,6.0,4.0,9,0.0,0.0,6.0,6.0,4.0,2.0,9.0,3.0,6.0,10,2,9,12,0,0,9.0,4.0,5.0,1.0,6.0,6.0,7.0,10.0,11.0,0,0,1,7,6,5.0,4.0,4.0,4.0,10.0,10.0,7.0,13.0,0.0,0.0,3.0,11.0,9.0,4.0,1.0,3.0,3.0,11.0,9.0,4.0,14.0,12.0,11.0,3.0,3.0,8.0,10.0,6.0,2.0,9.0,6.0,5.0,6.0,8.0,6.0,5.0,10.0,6.0,3.0,1.0,7.0,13.0,14.0,5.0,8.0,7.0,3.0,3.0,3.0,11.0,8.0,3.0,2.0,4.0,3.0,3.0,5.0,4.0,3.0,3.0,3.0,5.0,4.0,6.0,6.0,6.0,5.0,4.0,6.0,8.0,1.0,2.0,,,3.0,,1.0,,2.0,4.0,2.0,8.0,2.0,3.0,3.0,0.0,1.0,0.0,1.0,1.0,0.0,1.0,,,,,2.0,2.0,3.0,7.0,3.0,0.0,1.0,1.0,4.0,1.0,2.0,2.0,1.0,1.0,1.0,2.0,4.0,2.0,2.0,2.0,1.0,,1.0,1.0,1.0,1.0,1.0,1.0,1.0,1.0,1.0,,,2.0,1.0,1.0,1.0,1.0,1.0,1.0,1.0,2.0,,,1.0,1.0,1.0,1.0,1.0,1.0,1.0,1.0,1.0,1.0,,,2.0,2.0,2.0,1.0,1.0,2.0,1.0,1.0,-1.0,-1.0,-1.0,,2.0,1.0,1.0,0.0,0.0,0.0,1.0,-1.0,-1.0,-1.0,,2.0,0.0,0.0,0.0,0.0,2.0,1.0,2.0,-1.0,-1.0,,1.0,1.0,0.0,0.0,0.0,2.0,2.0,2.0,1.0,,1.0,3.0,0.0,0.0,0.0,0.0,0.0,1.0,1.0,,1.0,2.0,0.0,1.0,2.0,3.0,2.0,2.0,,0.0,0.0,0.0,1.0,2.0,2.0,3.0,4.0,1.0,,0.0,0.0,0.0,2.0,3.0,3.0,1.0,1.0,1.0,,0.0,0.0,0.0,1.0,1.0,1.0,1.0,2.0,0.0,0.0,0.0,1.0,,1.0,1.0,0.0,0.0,1.0,2.0,3.0,3.0,2.0,0.0,1.0,1.0,,,1.0,1.0,3.0,1.0,1.0,2.0,1.0,3.0,3.0,2.0,2.0,2.0,2.0,1.0,0.0,1.0,2.0,2.0,2.0,1.0,1.0,2.0,2.0,,1.0,2.0,1.0,2.0,1.0,3.0,1.0,2.0,1.0,1.0,1.0,1.0,2.0,2.0,0.0,0.0,3.0,2.0,2.0,2.0,2.0,,,2.0,0.0,1.0,2.0,3.0,1.0,1.0,2.0,0.0,0.0,1.0,2.0,1.0,2.0,2.0,1.0,2.0,2.0,0.0,0.0,,2.0,2.0,2.0,1.0,0.0,0.0,0.0,2.0,2.0,4.0,2.0,2.0,1.0,2.0,2.0,,,,,1.0,2.0,2.0,2.0,1.0,1.0,1.0,1.0,,,,2.0,2.0,1.0,3.0,1.0,,1.0,3.0,,2.0,1.0,1.0,0.0,0.0,1.0,,1.0,,,,,,,,,,,,,,,,,,,,,,,,,,,,,,,,,,,,,,,,,,,,,,,,,,,,,,,,3.0,2.0,2.0,3.0,1.0,1.0,2.0,2.0,2.0,2.0,,,1.0,2.0,,1.0,1.0,2.0,1.0,3.0,4.0,3.0,,,,,,,,,,1.0,1.0,2.0,2.0,2.0,2.0,2.0,2.0,3.0,,,,,,,,,1.0,1.0,1.0,2.0,,,,,,1.0,1.0,1.0,,,1.0,1.0,,,,,,,,,,,,,,,,,,,,1.0,1.0,1.0,1.0,,,,,,,,,,,,,,,,,,,,,,,,,,,,,,,,,,,,,,,,,,,,,,,,,,,,,,,,,,,,,,,,,,,,,,,,,,,,,,,,,,,,,,,,,,,,,,,,,,1.0,1.0,,,,1.0,1.0,1.0,1.0,,,,,,,,,,,,,,,,,-1.0,-1.0,,,,,,,,
1925_palestineLandDevelopment,2.0,4.0,3.0,3.0,4.0,4.0,8.0,7.0,3.0,2.0,3.0,3.0,7.0,7.0,3.0,6.0,3.0,8.0,9.0,7.0,8.0,8.0,2.0,6.0,5.0,5.0,9.0,15.0,15.0,14.0,4.0,3.0,3.0,1.0,3.0,8.0,11.0,13.0,8.0,7.0,13.0,10.0,7.0,3.0,7.0,5.0,0.0,7.0,4.0,5.0,7,9.0,6.0,6.0,4.0,5.0,2.0,6.0,0.0,4.0,6,1,4,11,3,9,9.0,4.0,7.0,2.0,6.0,6.0,7.0,10.0,11.0,6,8,4,7,6,2.0,3.0,7.0,2.0,3.0,10.0,8.0,11.0,3.0,13.0,8.0,10.0,9.0,10.0,6.0,4.0,2.0,12.0,8.0,5.0,14.0,12.0,12.0,3.0,3.0,6.0,7.0,6.0,2.0,6.0,8.0,7.0,5.0,8.0,5.0,8.0,12.0,6.0,3.0,1.0,9.0,14.0,16.0,8.0,7.0,9.0,5.0,2.0,1.0,12.0,10.0,4.0,4.0,2.0,1.0,1.0,4.0,5.0,6.0,1.0,4.0,1.0,1.0,6.0,6.0,7.0,4.0,8.0,4.0,8.0,1.0,1.0,1.0,3.0,2.0,3.0,1.0,1.0,3.0,4.0,2.0,5.0,2.0,2.0,3.0,1.0,1.0,1.0,1.0,1.0,1.0,1.0,2.0,1.0,1.0,1.0,2.0,3.0,4.0,7.0,2.0,1.0,1.0,1.0,4.0,1.0,1.0,2.0,1.0,2.0,2.0,2.0,4.0,2.0,2.0,2.0,1.0,,2.0,2.0,1.0,1.0,1.0,1.0,1.0,1.0,1.0,1.0,2.0,2.0,1.0,1.0,1.0,1.0,1.0,1.0,1.0,2.0,1.0,1.0,1.0,1.0,1.0,1.0,1.0,1.0,1.0,1.0,1.0,1.0,1.0,-1.0,1.0,1.0,1.0,-1.0,1.0,2.0,1.0,1.0,1.0,1.0,1.0,1.0,1.0,2.0,-1.0,-1.0,-1.0,2.0,1.0,1.0,1.0,1.0,1.0,1.0,2.0,1.0,-1.0,-1.0,2.0,1.0,2.0,1.0,1.0,1.0,1.0,-1.0,-1.0,-1.0,-1.0,2.0,2.0,2.0,1.0,1.0,1.0,1.0,2.0,-1.0,-1.0,2.0,2.0,1.0,1.0,1.0,1.0,1.0,1.0,2.0,1.0,2.0,3.0,2.0,1.0,1.0,3.0,2.0,1.0,2.0,1.0,3.0,4.0,1.0,1.0,1.0,1.0,1.0,1.0,3.0,2.0,1.0,1.0,1.0,1.0,1.0,2.0,2.0,1.0,2.0,1.0,2.0,2.0,1.0,1.0,1.0,1.0,1.0,1.0,1.0,1.0,2.0,1.0,0.0,0.0,4.0,2.0,2.0,1.0,1.0,1.0,1.0,1.0,2.0,3.0,1.0,1.0,1.0,0.0,3.0,3.0,2.0,3.0,2.0,2.0,1.0,3.0,2.0,2.0,1.0,1.0,2.0,2.0,1.0,1.0,1.0,1.0,2.0,1.0,2.0,0.0,2.0,2.0,2.0,2.0,1.0,1.0,1.0,2.0,3.0,1.0,2.0,1.0,1.0,1.0,1.0,1.0,2.0,1.0,2.0,1.0,1.0,1.0,1.0,2.0,2.0,2.0,1.0,1.0,1.0,1.0,3.0,1.0,1.0,2.0,1.0,1.0,1.0,1.0,1.0,2.0,2.0,2.0,2.0,3.0,3.0,2.0,3.0,1.0,2.0,1.0,1.0,2.0,1.0,1.0,1.0,3.0,1.0,1.0,3.0,3.0,3.0,1.0,2.0,2.0,2.0,3.0,3.0,3.0,3.0,1.0,1.0,2.0,2.0,-1.0,1.0,2.0,1.0,,2.0,1.0,1.0,1.0,1.0,2.0,-1.0,1.0,1.0,1.0,1.0,1.0,2.0,1.0,1.0,2.0,2.0,2.0,3.0,1.0,3.0,1.0,1.0,1.0,1.0,1.0,1.0,1.0,1.0,2.0,2.0,-1.0,,,,,,,,,,,,,,,,,,,,,,,,,,,,,,,2.0,2.0,2.0,1.0,1.0,2.0,1.0,2.0,2.0,2.0,2.0,1.0,,,,,,,,,1.0,2.0,4.0,1.0,2.0,2.0,2.0,1.0,1.0,1.0,1.0,,,,,,3.0,1.0,1.0,1.0,1.0,2.0,1.0,1.0,1.0,1.0,1.0,1.0,,,,,,1.0,-1.0,2.0,1.0,1.0,,,,1.0,1.0,,0.0,1.0,1.0,1.0,-1.0,,,,3.0,1.0,,,,,,,,,,,,,,,,,,-1.0,-1.0,1.0,1.0,1.0,1.0,1.0,1.0,,,,,,,,,,,,,,,,,,,,,,,,,,,,,,,,,,,,,,,,,,,,,,,,,,,,,,,,,,,,,,,,,,,,,,,,,,,,,,,,,,,,,,,,,,,,,,,,,,,,,,,,,,,,,,,,,,-1.0,-1.0,-1.0,-1.0,-1.0,-1.0,-1.0,-1.0
1925_surveyOfPalestine,0.0,0.0,0.0,0.0,0.0,0.0,0.0,0.0,0.0,0.0,0.0,0.0,0.0,0.0,0.0,0.0,0.0,0.0,0.0,0.0,0.0,0.0,0.0,0.0,0.0,0.0,0.0,0.0,0.0,0.0,0.0,0.0,0.0,0.0,0.0,0.0,0.0,0.0,0.0,0.0,0.0,0.0,0.0,0.0,0.0,0.0,0.0,0.0,0.0,0.0,0,0.0,0.0,0.0,0.0,0.0,0.0,0.0,0.0,0.0,0,0,0,0,0,0,0.0,0.0,0.0,0.0,0.0,0.0,0.0,0.0,0.0,0,0,0,0,0,0.0,0.0,0.0,0.0,0.0,0.0,0.0,0.0,0.0,0.0,0.0,0.0,0.0,0.0,0.0,0.0,0.0,0.0,0.0,0.0,0.0,0.0,0.0,0.0,0.0,0.0,0.0,0.0,0.0,0.0,0.0,0.0,0.0,0.0,0.0,0.0,0.0,0.0,0.0,0.0,0.0,0.0,0.0,0.0,0.0,0.0,0.0,0.0,0.0,0.0,0.0,0.0,0.0,0.0,0.0,0.0,0.0,0.0,0.0,0.0,0.0,0.0,0.0,0.0,0.0,0.0,0.0,0.0,0.0,0.0,0.0,0.0,,,0.0,,0.0,,0.0,0.0,0.0,0.0,,0.0,0.0,0.0,0.0,0.0,0.0,0.0,0.0,0.0,,,,,0.0,0.0,0.0,0.0,0.0,0.0,0.0,0.0,0.0,0.0,0.0,0.0,0.0,0.0,0.0,0.0,0.0,0.0,0.0,0.0,0.0,,0.0,0.0,0.0,0.0,0.0,0.0,0.0,0.0,0.0,,0.0,0.0,0.0,0.0,0.0,0.0,0.0,0.0,0.0,0.0,,,0.0,0.0,0.0,0.0,0.0,0.0,0.0,0.0,,,,,0.0,0.0,0.0,0.0,0.0,0.0,0.0,0.0,0.0,0.0,0.0,,0.0,0.0,0.0,0.0,0.0,0.0,0.0,0.0,0.0,0.0,,0.0,0.0,0.0,0.0,0.0,0.0,0.0,0.0,0.0,0.0,,,0.0,0.0,0.0,0.0,0.0,0.0,0.0,0.0,,0.0,0.0,0.0,0.0,0.0,0.0,0.0,0.0,0.0,,0.0,0.0,0.0,0.0,0.0,0.0,0.0,0.0,,0.0,0.0,0.0,0.0,0.0,0.0,0.0,0.0,0.0,,0.0,0.0,0.0,0.0,0.0,0.0,0.0,0.0,0.0,,0.0,0.0,0.0,0.0,0.0,0.0,0.0,0.0,0.0,0.0,0.0,0.0,,0.0,0.0,0.0,0.0,0.0,0.0,0.0,0.0,0.0,0.0,0.0,0.0,0.0,,0.0,0.0,0.0,0.0,0.0,0.0,0.0,0.0,0.0,0.0,0.0,0.0,0.0,0.0,0.0,0.0,0.0,0.0,0.0,0.0,0.0,0.0,0.0,0.0,0.0,0.0,0.0,0.0,0.0,0.0,0.0,0.0,0.0,0.0,0.0,0.0,0.0,0.0,0.0,0.0,0.0,0.0,0.0,0.0,0.0,0.0,,0.0,0.0,0.0,0.0,0.0,0.0,0.0,0.0,0.0,0.0,0.0,0.0,0.0,0.0,0.0,0.0,0.0,0.0,0.0,0.0,,0.0,0.0,0.0,0.0,0.0,0.0,0.0,0.0,0.0,0.0,0.0,0.0,0.0,0.0,0.0,,0.0,0.0,0.0,0.0,0.0,0.0,0.0,0.0,0.0,0.0,,,0.0,0.0,0.0,0.0,0.0,0.0,,0.0,0.0,0.0,0.0,0.0,0.0,0.0,0.0,0.0,0.0,,0.0,0.0,0.0,0.0,0.0,0.0,0.0,0.0,0.0,0.0,0.0,0.0,0.0,0.0,0.0,0.0,0.0,0.0,0.0,0.0,0.0,0.0,0.0,0.0,,,,,,0.0,0.0,0.0,0.0,0.0,0.0,0.0,,,,,,0.0,0.0,0.0,0.0,0.0,,,,,,,,,,0.0,0.0,0.0,0.0,0.0,0.0,0.0,0.0,0.0,0.0,0.0,0.0,0.0,0.0,0.0,,0.0,0.0,0.0,0.0,0.0,0.0,0.0,,,,,,,,,0.0,0.0,0.0,0.0,0.0,0.0,0.0,0.0,0.0,0.0,0.0,,,,,,,0.0,0.0,0.0,0.0,0.0,,,,,,0.0,0.0,0.0,,,0.0,0.0,,,,,,,,0.0,0.0,,,,,,,0.0,,,,0.0,0.0,0.0,0.0,,0.0,,,,,,,,,,0.0,0.0,0.0,,,,,,,,,,,,,,,,,,,,,,0.0,,,,0.0,0.0,,,,0.0,0.0,0.0,,,0.0,0.0,0.0,,0.0,0.0,0.0,0.0,,,0.0,0.0,0.0,0.0,,,0.0,0.0,0.0,0.0,0.0,,,,,,0.0,0.0,0.0,0.0,,,,,,0.0,0.0,0.0,0.0,,,,0.0,0.0,0.0,,0.0,0.0,,,,0.0,0.0,0.0,0.0,0.0,,,,,0.0,,,,,,,,,,,,,,,,,,,,,,
